n,verdict,message,archivo_drive,drive_file_id,document_id,assigned_student_id,assigned_name,assigned_rut,doc_name,doc_rut_norm,real_student_id,real_name,source_status
1,ok,rut coincide,InformeFamilia_4F-Gabriela Salinas.docx,1LsFQ9o8R0gTDE3aBeX2GSbLggDxu3AwH,7,3133,GABRIELA ALEJANDRA SALINAS CONTRERAS,22.444.093-6,Gabriela Alejandra Salinas Contreras,224440936,,,skipped
2,rut_doc_no_en_pie360,doc_rut=163067307 name_doc='' asignado 3998 MIA NICOLE MORA MORA rut=1005503465,InformeFamilia_1H-Mia Mora.docx,1Drj9e6NdBMM6V6suBdfuDzBNDudSbcid,7,3998,MIA NICOLE MORA MORA,100.550.346-5,,163067307,,,skipped
3,ok,rut coincide,InformeFamilia_1F-Matias Mena.docx,1EnW6fIG_f7LTWqsbjce7zJ83UP4bmy7O,7,2922,MATIAS EDU MENA ARMIJO,23.464.565-K,Matías Edu Mena Armijo,23464565K,,,skipped
4,ok,rut coincide,InformeFamilia_3B-Sebastian Rivas.docx,1f4boPw_3Ra1nYlbWqgiP0oF2JsRVdmgM,7,2883,SEBASTIAN ALEJANDRO RIVAS APONTE,27.900.983-5,Sebastian Alejandro Rivas Aponte,279009835,,,skipped
5,ok,rut coincide,InformeFamilia_3B-Jennyfer Palma.docx,1pglKbu6TnGaKLxHaCq_BFkIeSLJUWagq,7,4543,JENNYFER YADHIRA ANNAHIS PALMA ROJAS,23.261.855-8,Jennyfer Yadhira Annahis Palma Rojas,232618558,,,skipped
6,ok,rut coincide,InformeFamilia_3D-Julián Fuentes.docx,1ysY-eClrS1hBG30OhPHhvFFkD-xeZkge,7,4607,JULIAN ALONSO FUENTES SANTIS,23.054.751-3,Julián Alonso Fuentes Santis,230547513,,,skipped
7,ok,rut coincide,InformeFamilia_1A-Maicol Basulto.docx,14bxdAWc6_eL6Bq1j7t4zwtizZGENyCrw,7,4681,MAICOL ALEXANDER BASULTO TORRES,23.551.486-9,Maicol Alexander Basulto Torres,235514869,,,skipped
8,ok,rut coincide,InformeFamilia_2I-Antonia Alegria.docx,1fiY8qYsZNa7-Zj1nAc_TrMdFCU_y0NnE,7,3090,ANTONIA FERNANDA ALEGRIA CASTRO,23.666.677-8,Antonia Fernanda Alegria Castro,236666778,,,skipped
9,ok,rut coincide,InformeFamilia_4A-Emily Collao.docx,1Q7rTHiaM4eeR0haLVUZfUMo-9c7Jnvo7,7,4523,EMILY ANTONIA COLLAO ROBLES,22.783.569-9,Emily Antonia Collao Robles,227835699,,,skipped
10,ok,rut coincide,InformeFamilia_1K-Alfonso Mena.docx,1FwQTZfG44u6gp0yPrso4WjnxXh7pPqVf,7,4160,ALFONSO ANTONIO MENA OPAZO,23.877.414-4,Alfonso Antonio Mena Opazo,238774144,,,skipped
11,ok,rut coincide,InformeFamilia_4D-Sofia Merce.docx,1tqoJzw_r3rX8pxGuI9ITpTn-8yw5Qs_D,7,3642,SOFÍA ALEJANDRA MERCE HIDALGO,22.698.449-6,Sofia Alejandra Merce Hidalgo,226984496,,,skipped
12,ok,rut coincide,InformeFamilia_2D-Gabriel Collao.docx,1_IovuEChr2ol9lXfnDlhJJlD7I1a_x5a,7,2891,GABRIEL ALEJANDRO COLLAO ARANCIBIA,22.822.056-6,Gabriel Alejandro Collao Arancibia,228220566,,,skipped
13,ok,rut coincide,InformeFamilia_1H-Maximiliano Fernández.docx,1hns0K7KV0-DucTGz5wGpwyeVW4a52pFS,7,3772,MAXIMILIANO ALEXANDER FERNANDEZ LIRA,23.654.141-K,Maximiliano Alexander Fernández Lira,23654141K,,,skipped
14,ok,rut coincide,InformeFamilia_3D-José Arancibia.docx,1LYWMwcFRGKBqt0FqpxTHrgkuKhN3Vud3,7,3075,JOSE CARLOS ALBERTO ARANCIBIA CARVAJAL,22.914.423-5,José Carlos Alberto Arancibia Carvajal,229144235,,,skipped
15,ok,rut coincide,InformeFamilia_3B-Fernanda Acevedo.docx,1ESFlLYbRLqQZwD8RBfOgQea1MW8gxeh5,7,3669,FERNANDA ELIZABETH ACEVEDO IBACETA,23.079.232-1,Fernanda Elizabeth Acevedo Ibaceta,230792321,,,skipped
16,ok,rut coincide,InformeFamilia_3D-Bruno Ramírez.docx,1kw37T5UOj6-pjD0YjRQQ35N3MJCVxJzI,7,3646,BRUNO DARIO RAMIREZ HINOJOSA,23.100.659-1,Bruno Dario Ramírez Hinojosa,231006591,,,skipped
17,ok,rut coincide,InformeFamilia_2F-Antonella Márquez.docx,1zN8Z4mL3hRJR3XG4FWocQEwcIrsDlvss,7,3145,ANTONELLA BELEN MARQUEZ CORNEJO,23.418.552-7,Antonella Belén Márquez Cornejo,234185527,,,skipped
18,ok,rut coincide,InformeFamilia_1C-Vicente Cerda.docx,1s6n3Lu0Jp-xG-eEgrjvr4XeMppgxG_ne,7,2938,VICENTE ALEJANDRO CERDA ASTORGA,23.805.271-8,Vicente Alejandro Cerda Astorga,238052718,,,skipped
19,ok,rut coincide,InformeFamilia_2A-Jasshir Salinas.docx,1NBEJrvCkXmmpGvtRHi8JTlWGLkM-_yi9,7,4609,JASSHIR  IGNACIO  DE JESUS SALINAS SASO,23.384.394-6,Jasshir Ignacio de Jesús Salinas Saso,233843946,,,skipped
20,ok,rut coincide,InformeFamilia_1F-Julietta Cortez.docx,1xixTCIzUn18EEa4DEzdWnCp-sKXV9J4R,7,3054,JULIETTA ANTONIA CORTEZ CANALES,23.483.465-7,Julietta Antonia Cortez Canales,234834657,,,skipped
21,ok,rut coincide,InformeFamilia_2C-Martin Campos.docx,1T7b1T7s2r8phc42HcMblU2TjafLUVJXC,7,2881,MARTIN ALEJANDRO CAMPOS APABLAZA,24.270.438-K,Martin Alejandro Campos Apablaza,24270438K,,,skipped
22,ok,rut coincide,InformeFamilia_3B-Antonia Larrain.docx,1zAWOtYeRTKeO3DBfj8TrtkZg8h5q4E71,7,4687,ANTONIA CONSTANZA LARRAIN TRUJILLO,23.213.773-8,Antonia Constanza Larrain Trujillo,232137738,,,skipped
23,ok,rut coincide,InformeFamilia_1C-Michelle Saravia.docx,1YPbeIGrKcyS9HfRZzytvB9cXnxmGQlar,7,3049,MICHELLE ALEJANDRA AURORA SARAVIA CAMPOS,23.957.905-1,Michelle Alejandra Aurora Saravia Campos,239579051,,,skipped
24,ok,rut coincide,InformeFamilia_1K-Aaron Fuxs.docx,1BK8yjbPx4r4-Iy2u2yGu3a_0NjH_51LG,7,3373,AARON MOISES FUXS FUXS,23.814.614-3,Aaron Moises Fuxs Fuxs,238146143,,,skipped
25,ok,rut coincide,InformeFamilia_3D-Renato Orostica.docx,1k7Hsm1Lg_kFexHbQPDLFyZJEjVBrs1GP,7,4727,RENATO EDUARDO OROSTICA VASQUEZ,23.087.250-3,Renato Eduardo Orostica Vasquez,230872503,,,skipped
26,ok,rut coincide,InformeFamilia_1I-Tomas Ibarra.docx,1Z1rAayh1_1GsI6gCHA7pnaGKGlzhxFmt,7,4462,TOMAS BENJAMIN IBARRA RAMIREZ,23.727.932-8,Tomas Benjamin Ibarra Ramirez,237279328,,,skipped
27,ok,rut coincide,InformeFamilia_2J-Luis Vicencio.docx,1NLfyZBAjKziFOQxJriHnfk9G5IDvENbi,7,4344,LUIS ANTONIO VICENCIO PINO,22.948.995-K,Luis Antonio Vicencio Pino,22948995K,,,skipped
28,ok,rut coincide,InformeFamilia_1G-Tiare Ruiz.docx,1ir2_VKI1ohJR1cklZQyqb1RJatbUUeYP,7,4785,TIARE ANGELINA RUIZ VILLARROEL,23.726.291-3,Tiare Angelina Ruiz Villarroel,237262913,,,skipped
29,ok,rut coincide,InformeFamilia_1H-Mayra Tapia.docx,19SwEYTqqZSmQRqwpuOfbu10RRGA9Exhs,7,4318,MAYRA AYLIN TAPIA PEREZ,23.365.928-2,Mayra Aylin Tapia Perez,233659282,,,skipped
30,rut_doc_no_en_pie360,doc_rut=23854111 name_doc='Cristobal Andres Bravo Segura' asignado 4611 CRISTOBAL ANDRES BRAVO SEGURA rut=238541131,InformeFamilia_1K-Cristobal Bravo.docx,1iCQp-IIgnmx5HlwnFntGcrJa9CNi6EnX,7,4611,CRISTOBAL ANDRES BRAVO SEGURA,23.854.113-1,Cristobal Andres Bravo Segura,23854111,,,skipped
31,ok,rut coincide,InformeFamilia_2A-Ivan Gonzalez.docx,1mVXA29Mv2G03OjtDp1odC5PWT5M6KkAz,7,4549,IVAN DAVID GONZALEZ ROMAN,22.910.151-K,Ivan David Gonzalez Roman,22910151K,,,skipped
32,ok,rut coincide,InformeFamilia_4A-Giulianna Hernández.docx,1fuuE1CAo4ZsxB0iFfWKPIM_b7b8Wq0Hw,7,4484,GIULIANNA ELISABETH HERNÁNDEZ RETAMAL,22.716.595-2,Giulianna Elisabeth Hernández Retamal,227165952,,,skipped
33,ok,rut coincide,InformeFamilia_1F-Martin Collio.docx,1gU7qcbqRcidRB5vvyNbs65yCCgEFvSfc,7,3756,MARTIN IGNACIO COLLIO LEIVA,23.725.513-5,Martin Ignacio Collio Leiva,237255135,,,skipped
34,ok,rut coincide,InformeFamilia_1D-Maximiliano Navarro.docx,19GegVfEZE6YkAfS8WXlNZomsf6RmHxyu,7,4184,MAXIMILIANO EXEQUIEL NAVARRO OROZCO,23.689.017-1,Maximiliano Exequiel Navarro Orozco,236890171,,,skipped
35,ok,rut coincide,InformeFamilia_1I-Norton Fuentes.docx,1n7Usl-e0w5h9Z5c4X491ezDjUoS-qHY8,7,4665,NORTON JAVIER FUENTES TAPIA,23.770.126-7,Norton Javier Fuentes Tapia,237701267,,,skipped
36,ok,rut coincide,InformeFamilia_3C-Ander Garrido.docx,1g9W09SOWYYPHA_eU3FWK5ef0ODlN6-1f,7,3269,ANDER JAMIL GARRIDO ESPINOLA,23.126.019-6,Ander Jamil Garrido Espinola,231260196,,,skipped
37,ok,rut coincide,InformeFamilia_3E-Santiago Arias.docx,1EeasdmbEvnq_NluiqXPUU3dyai7ZzeVE,7,3513,SANTIAGO ARIAS GORDILLO,28.366.390-6,Santiago Arias Gordillo,283663906,,,skipped
38,ok,rut coincide,InformeFamilia_2I-Dilan Peralta.docx,1XdQVfBmH1cJyCgW0fIp-IcFgc-hqXubS,7,4182,DILAN JESUS PERALTA OROSTIZAGA,23.332.209-1,Dilan Jesús Peralta Orostizaga,233322091,,,skipped
39,ok,rut coincide,InformeFamilia_2A-Florencia Henriquez.docx,1WOeA7u71oY9V9RlOA9URxz1Gc_8UYQJH,7,3521,FLORENCIA CAROLINA HENRIQUEZ GRIFFITHS,23.403.453-7,Florencia Carolina Henriquez Griffiths,234034537,,,skipped
40,mal_asignado,doc_rut=225938873 pertenece a 3177 NADIESNA FIORELLA CARVACHO CORVALAN (asignado 4624 DENISSE ISIDORA MADRID SILVA),InformeFamilia_4H-Denisse Madrid.docx,1fKIT_-lmsK1XEGWJXHox2hgc7g5KHuYs,7,4624,DENISSE ISIDORA MADRID SILVA,22.991.534-7,Denisse Isidora Madrid Silva,225938873,3177,NADIESNA FIORELLA CARVACHO CORVALAN,skipped
41,ok,rut coincide,InformeFamilia_3A-Maritza Olguín.docx,1yiG8Y5UoATe-0ziolBTjlX35GCI5thbt,7,4725,MARITZA CAROLINA OLGUIN VASQUEZ,23.228.933-3,Maritza Carolina Olguín Vasquez,232289333,,,skipped
42,ok,rut coincide,InformeFamilia_1G-Damián Valdebenito.docx,1jk4s8B8NrV3orhKv1QugwI79wOKZPO2F,7,3064,DAMIAN ANTONIO VALDEBENITO CARRASCO,23.288.063-5,Damián Antonio Valdebenito Carrasco,232880635,,,skipped
43,ok,rut coincide,InformeFamilia_2J-Luciano Avalos.docx,1JpRi984EVjTSlP21Qri9i0BwSag0eWyT,7,4750,LUCIANO AVALOS VICENCIO,23.462.319-2,Luciano Avalos Vicencio,234623192,,,skipped
44,ok,rut coincide,InformeFamilia_2H-Sebastian Espindola.docx,1KYIto1mhhpxOknzINWHRnL93k5bimn0D,7,4076,SEBASTIAN  IGNACIO ESPINDOLA MUÑOZ,23.329.142-0,Sebastian Ignacio Espindola Muñoz,233291420,,,skipped
45,ok,rut coincide,InformeFamilia_2E-Ian Segovia.docx,18hcZ_Hny4fd2ypz5watcSNcUscpwmWlI,7,3110,IAN FRANKCO SEGOVIA CERDA,23.420.490-4,Ian Francko Segovia Cerda,234204904,,,skipped
46,ok,rut coincide,InformeFamilia_1E-Maria Angelica.docx,1pSQiHxAHPCtKd00mfAp8Ch00N-UyKoDx,7,3681,MARIA ANGELICA ARAYA INOSTROZA,23.808.192-0,Maria Angelica Araya Inostroza,238081920,,,skipped
47,ok,rut coincide,InformeFamilia_1K-Luciano Rea.docx,1ZxtsTrecLy8XILPIhcICA8cTtuhyuZEL,7,3206,LUCIANO MARTIN REA DANIELS,23.759.037-6,Luciano Martin Rea Daniels,237590376,,,skipped
48,ok,rut coincide,InformeFamilia_2J-Mariajose Araya.docx,1IbKszGLWCYdEuTxQQ1ii28oO9khWkgjL,7,3204,MARIAJOSE IGNACIA ARAYA D'ALENCON,23.612.849-0,Mariajose Ignacia Araya D’alencon,236128490,,,skipped
49,ok,rut coincide,InformeFamilia_1G-Gabriel Cocio.docx,19MNBcX2szHYDjeB8gPMXs3ZTEguFoFTO,7,4637,GABRIEL VICENTE ANTONIO COCIO SOTO,23.845.316-K,Gabriel Vicente Antonio Cocio Soto,23845316K,,,skipped
50,ok,rut coincide,InformeFamilia_3A-Gabriela Vergara.docx,1NQK8FadWPDZWHetKLyDxLJtqrCPNo7E5,7,2855,GABRIELA ESPERANZA VERGARA ALFARO,23.265.047-8,Gabriela Esperanza Vergara Alfaro,232650478,,,skipped
51,ok,rut coincide,InformeFamilia_1G-Nehemias Muñoz.docx,1g2hTgjcEoD7T13ibxSVzEKsm_NPQdxgD,7,3115,NEHEMIAS DAVID MUÑOZ CHACÓN,23.527.717-4,Nehemias David Muñoz Chacón,235277174,,,skipped
52,ok,rut coincide,InformeFamilia_3A-África Perez.docx,1MwHST-wXRVZg5Aavgj5eHjudig8HO7bG,7,3596,AFRICA SINAI PEREZ HERNANDEZ,26.018.410-5,África Sinai Perez Hernandez,260184105,,,skipped
53,ok,rut coincide,InformeFamilia_1B-Nahia Ponce.docx,1BUxEuc5wcujpjR_cyIoFAkvTVdtHObz-,7,4783,NAHIA ISIDORA PONCE VILLARROEL,23.805.147-9,Nahia Isidora Ponce Villarroel,238051479,,,skipped
54,ok,rut coincide,InformeFamilia_3C-Danko Pinto.docx,1d7m-sIwwjJUnc9suE41f2_F-oAmlDW2u,7,3804,DANKO ANTONIO PINTO LOPEZ,23.254.175-K,Danko Antonio Pinto Lopez,23254175K,,,skipped
55,ok,rut coincide,InformeFamilia_1E-Kevin Ramirez.docx,1c5bFLM39-JuRcW5Ds7FKi6dkslg2nN3C,7,3099,KEVIN GASTON RAMIREZ CASTRO,23.853.672-3,Kevin Gaston Ramirez Castro,238536723,,,skipped
56,ok,rut coincide,InformeFamilia_1I-Laura Constanzo.docx,1542goj0ftQLlXrz-HggBRrdSnl6EGSwv,7,3695,LAURA ANTONIA CONSTANZO JARA,23.684.358-0,Laura Antonia Constanzo Jara,236843580,,,skipped
57,ok,rut coincide,InformeFamilia_3B-Lukas Palominos.docx,1mfyj-5btbbsaK0UF8H2igrx-9OqWCPez,7,4660,LUKAS FABIANO PALOMINOS TAPIA,23.163.398-7,Lukas Fabiano Palominos Tapia,231633987,,,skipped
58,ok,rut coincide,InformeFamilia_2A-Nelson Meza.docx,1MEjusXTvy-nr6FdaCYOgoReWQjnqapWq,7,4547,NELSON GIORDANO MEZA ROJAS,23.173.631-K,Nelson Giordano Meza Rojas,23173631K,,,skipped
59,ok,rut coincide,InformeFamilia_1E-Juan Arancibia.docx,1FTUca6UVFe6CviKEqHXT_sZSnuFISNu2,7,4250,JUAN ALFONSO ESTEFANO ARANCIBIA PAEZ,23.953.336-1,Juan Alfonso Estefano Arancibia Páez,239533361,,,skipped
60,ok,rut coincide,InformeFamilia_2I-Agustin Pozo.docx,1qoxpzLJUY_f_62L-cKzQO9xzIG9lHUY8,7,3186,AGUSTIN ALEJANDRO POZO CRISOSTOMO,23.020.092-0,Agustin Alejandro Pozo Crisostomo,230200920,,,skipped
61,mal_asignado,doc_rut=237810058 pertenece a 3610 CARLOS MATIAS ZAMBRANO HERRERA (asignado 3630 MATIAS ALEXANDER SANCHEZ HERRERA),InformeFamilia_4G-Matias Sanchez.docx,1qcMTB5PGDAgv0r93lXampG08IKMwlTlU,7,3630,MATIAS ALEXANDER SANCHEZ HERRERA,22.900.761-0,Matias Alexander Sanchez Herrera,237810058,3610,CARLOS MATIAS ZAMBRANO HERRERA,skipped
62,ok,rut coincide,InformeFamilia_1B-Neymar Villalón.docx,1K_aGIOW2zJRNuLZwDnj7JLZJyLleYed9,7,3358,NEYMAR ALEXANDER VILLALON FLORES,23.642.012-4,Neymar Alexander Villalón Flores,236420124,,,skipped
63,ok,rut coincide,InformeFamilia_2E-Jackson Colmenares.docx,1uiQRr-tvowc2fLIFp0Caw2ET4xcHtUze,7,3098,JACKSON GABRIEL COLMENARES CASTRO,27.898.657-8,Jackson Gabriel Colmenares Castro,278986578,,,skipped
64,ok,rut coincide,InformeFamilia_1G-Gabriela Poblete.docx,1e3n-K32pSTZEg7TEpS-9JvHpP_7FYckw,7,3036,GABRIELA ANTONIA POBLETE CALDERON,23.753.382-8,Gabriela Antonia Poblete Calderon,237533828,,,skipped
65,ok,rut coincide,InformeFamilia_1D-Andru Alegría.docx,1E4kFfmCimyC2YHJdLO1teafu3Uh95Bsj,7,3014,ANDRU CÉSAR ALEGRÍA CABALLERO,23.432.476-4,Andru César Alegría Caballero,234324764,,,skipped
66,rut_doc_no_en_pie360,doc_rut=23818494K name_doc='Benjamin David Triviño Araya' asignado 2900 BENJAMIN DAVID TRIVIÑO ARAYA rut=23818794K,InformeFamilia_1G-Benjamin Triviño.docx,10A-4zatPLPGw2Vp3Vk9PpS9gdwcIVArq,7,2900,BENJAMIN DAVID TRIVIÑO ARAYA,23.818.794-K,Benjamin David Triviño Araya,23818494K,,,skipped
67,ok,rut coincide,InformeFamilia_3F-Dylan Aros.docx,1hTraen8Lrw5jbHwqLjQc_CJneawXQ1kG,7,4541,DYLAN ALEXANDER AROS ROJAS,23.294.667-9,Dylan Alexander Aros Rojas,232946679,,,skipped
68,ok,rut coincide,InformeFamilia_4E-William Fuenzalida.docx,1svTdkhNYJSpvbTqePZoFkvuezG-vC7mP,7,4693,WILLIAM ANTONIO FUENZALIDA URETA,22.427.812-8,William Antonio Fuenzalida Ureta,224278128,,,skipped
69,ok,rut coincide,InformeFamilia_1I-Gerardo Colarte.docx,132dHdPR4IdBF4uCse5BtsySF9uA7Ttry,7,4050,GERARDO IGNACIO COLARTE MUÑOZ,23.338.604-9,Gerardo Ignacio Colarte Muñoz,233386049,,,skipped
70,ok,rut coincide,InformeFamilia_1E-Robinson Medina.docx,12Pk9mMNZnNF4OLy4EA8_TMUFri7IVJEz,7,4134,ROBINSON CRISTOBAL MEDINA OGALDE,23.826.607-6,Robinson Cristóbal Medina Ogalde,238266076,,,skipped
71,ok,rut coincide,InformeFamilia_2E-Isabella Díaz.docx,1OJHugh2WYhy4xB4w3-vI5qvHFP3jd8Ly,7,2867,ISABELLA EVA DIAZ ALVAREZ,23.442.145-K,Isabella Eva Díaz Álvarez,23442145K,,,skipped
72,ok,rut coincide,InformeFamilia_2H-Francisca Cortes.docx,1nB6r21xLtameCd6t-GhbaOAu8Q9PP0tl,7,4801,FRANCISCA EMILIA CORTES ZAMORA,23.630.869-3,Francisca Emilia Cortes Zamora,236308693,,,skipped
73,ok,rut coincide,InformeFamilia_1A-Benjamin Vicencio.docx,1MJAS-SkbQEdqkdo_R8oFHLotgJXLfejc,7,3293,BENJAMIN ERNESTO VICENCIO ESTRELLA,23.910.460-6,Benjamin Ernesto Vicencio Estrella,239104606,,,skipped
74,ok,rut coincide,InformeFamilia_1G-Xiomara Anabalón.docx,1Ss6oOtWewl2H_RsqV9XGLaVm-G-9r564,7,4554,XIOMARA ALEJANDRA ANABALON RUIZ,23.995.712-9,Xiomara Alejandra Anabalón Ruiz,239957129,,,skipped
75,ok,rut coincide,InformeFamilia_3E-Vicente Ojeda.docx,14CUB22-u6VZeC093e1zvbqaAVKkiFHUP,7,4396,VICENTE ALFREDO OJEDA PULGAR,23.303.467-3,Vicente Alfredo Ojeda Pulgar,233034673,,,skipped
76,ok,rut coincide,InformeFamilia_3D-Victoria Bachir.docx,1YIhmftZqklQ6Dg_c1DcwMloHMkvUU9YQ,7,4428,VICTORIA STEFANY BACHIR QUIROGA,23.212.224-2,Victoria Stefany Bachir Quiroga,232122242,,,skipped
77,ok,rut coincide,InformeFamilia_2F-Paz Moreno.docx,1pe15XSmACHwvB_Yu_I185Q7-CUneUsXs,7,3050,PAZ ANTONELLA MORENO CAMPOS,23.014.026-K,Paz Antonella Moreno Campos,23014026K,,,skipped
78,ok,rut coincide,InformeFamilia_4F-Constanza Aliaga.docx,1khCiCpi-4R0xQb7ocGEmA7Dyr5aT8uq_,7,3078,CONSTANZA BELEN ALIAGA CARVALLO,22.570.638-7,Constanza Belén Aliaga Carvallo,225706387,,,skipped
79,ok,rut coincide,InformeFamilia_3F-Nayiaret Vega.docx,1-Dj4nDQ4nlm9ujTzuOW7AASBiey_AXjg,7,2819,NAYIARET THAIS VEGA ABARZUA,22.916.963-7,Nayiaret Thais Vega Abarzua,229169637,,,skipped
80,ok,rut coincide,InformeFamilia_1A-Paolo Escobar.docx,15HZMDhOdcLn81_NUN2nhX1H6oPf2G4e6,7,3758,PAOLO ANDRES ESCOBAR LEIVA,23.846.852-3,Paolo Andres Escobar Leiva,238468523,,,skipped
81,ok,rut coincide,InformeFamilia_3F-Sofia Muñoz.docx,1zqEu24yQtxqxcwITTA3wuwRk2Vi5yHSX,7,4584,SOFIA VICTORIA MUÑOZ SALINAS,22.976.965-0,Sofia Victoria Muñoz Salinas,229769650,,,skipped
82,ok,rut coincide,InformeFamilia_2C-Martina Figueroa.docx,1-dBynB2c2A46cC8QyEr_J2_KiXJlAy3B,7,2847,MARTINA IGNACIA FIGUEROA ALBARRAN,23.316.827-0,Martina Ignacia Figueroa Albarran,233168270,,,skipped
83,ok,rut coincide,InformeFamilia_1F-Vicente Serey.docx,1OUjKcuWOmk51k_hMTVqL_TTtUI5ixDEe,7,3240,VICENTE JESUS SEREY DONOSO,23.830.585-3,Vicente Jesus Serey Donoso,238305853,,,skipped
84,ok,rut coincide,InformeFamilia_1C-Maximiliano Biadayoli.docx,1U4P7jhMrn-LbIl9YaQ-nHzEy9QDlV244,7,4682,MAXIMILIANO AGUSTIN BIADAYOLI TORRES,23.830.250-1,Maximiliano Agustín Biadayoli Torres,238302501,,,skipped
85,rut_doc_no_en_pie360,doc_rut=237104405 name_doc='Esteban Alfonso Vergara Alfaro' asignado 2854 ESTEBAN ALFONSO VERGARA ALFARO rut=237124405,InformeFamilia_1F-Esteban Vergara.docx,17ZxkAufAs3ylH-qzc-jWtrnA6XLozetS,7,2854,ESTEBAN ALFONSO VERGARA ALFARO,23.712.440-5,Esteban Alfonso Vergara Alfaro,237104405,,,ok
86,rut_doc_no_en_pie360,doc_rut=238484864 name_doc='Agustín Ignacio Miquel López' asignado 3792 AGUSTIN IGNACIO MIQUEL LOPEZ rut=238483964,InformeFamilia_1B-Agustín Miquel.docx,1jgxsYNSAWwKz_6yNXqB0u7V7pnlH9mEm,7,3792,AGUSTIN IGNACIO MIQUEL LOPEZ,23.848.396-4,Agustín Ignacio Miquel López,238484864,,,ok
87,ok,rut coincide,InformeFamilia_1D-Duvan Palma.docx,1qyS-CDdk557g_sz0UWgih0i_wapBc7H1,7,4540,DUVAN JESUS PALMA ROJAS,23.630.468-K,Duvan Jesus Palma Rojas,23630468K,,,ok
88,ok,rut coincide,InformeFamilia_2E-Jadde Diaz.docx,10IsZoSWiaodgenRJEzGfagXT6yddJoKM,7,3992,JADDE ESCARLETT DIAZ MONTIEL,23.387.390-K,Jadde Scarlett Diaz Montiel,23387390K,,,ok
89,ok,rut coincide,InformeFamilia_3F-Constanza Perez.docx,18x7UADqgEUF3ij2vqtROs671VSZMmL06,7,3192,CONSTANZA AURORA PEREZ CRUZ,23.279.741-K,Constanza Aurora Perez Cruz,23279741K,,,ok
90,ok,rut coincide,InformeFamilia_1C-Agustin Uribe.docx,1HvPKvXsJJflOQBvO0Eq1OYfjvHvf_mIb,7,4086,AGUSTIN PATRICIO URIBE NAVARRETE,23.799.766-2,Agustin Patricio Uribe Navarrete,237997662,,,ok
91,ok,rut coincide,InformeFamilia_2° Medio F_Tomás Castillo.docx,1SqQxBu-JAH3RABUwlEP9vQIATJkZjbso,7,3948,TOMAS FELIPE CASTILLO MENA,22.960.987-4,Tomás Felipe Castillo Mena,229609874,,,ok
92,rut_doc_no_en_pie360,doc_rut=182599492 name_doc='' asignado 2967 YOREINNY CHIQUINQUIRA MELEAN BECERRA rut=1005913531,InformeFamilia_1° Medio G_Yoreinny Melean (3).docx,13Lut7H9xYuUMY8NDIQECYVcXEFuwwWjY,7,2967,YOREINNY CHIQUINQUIRA MELEAN BECERRA,100.591.353-1,,182599492,,,ok
93,ok,rut coincide,InformeFamilia_1B-Dylan Balmaceda.docx,1ZuHllp4o-00Ni0W3kXvvG49uk5c7r5lK,7,4654,DYLAN GABRIEL BALMACEDA TAPIA,23.893.547-4,Dylan Gabriel Balmaceda Tapia,238935474,,,ok
94,ok,rut coincide,InformeFamilia_1B-Luciano Torres.docx,1biU6c8lxlYjC6MIYkVHS2UoDI6Sr5dZR,7,2914,LUCIANO EMILIO TORRES ARENAS,23.285.059-0,Luciano Emilio Torres Arenas,232850590,,,ok
95,ok,rut coincide,InformeFamilia_3E-Kenji Osses.docx,1u984QeuqDbGSt_KAasu-SW7iI2biSPec,7,2892,KENJI KOUSAGI OSSES ARANCIBIA,23.049.193-3,Kenji Kousagi Osses Arancibia,230491933,,,ok
96,mal_asignado,doc_rut=23901917K pertenece a 4625 FLORENCIA IGNACIA CASTRO SILVA (asignado 4595 FLORENCIA PASCAL GUAJARDO SANCHEZ),InformeFamilia_3B-Florencia Guajardo.docx,1FiEZRnEWcRy9xuL4WBfbWNMtqzHSXTuP,7,4595,FLORENCIA PASCAL GUAJARDO SANCHEZ,23.096.949-3,Florencia Pascal Guajardo Sanchez,23901917K,4625,FLORENCIA IGNACIA CASTRO SILVA,ok
97,ok,rut coincide,3°B Austin Martinez B2 - Informe a la familia.docx,1xYKaZvt8f9payE1wTOUpMwmQyBZpS-Kn,7,3174,AUSTIN MATHEO MARTINEZ AHUMADA,25.753.852-4,Austin Matheo Martinez Ahumada,257538524,,,ok
98,ok,rut coincide,PK°B Martin Quiroz B2 - Informe a la familia.docx,13IMfMzdVffyR6Hjqaq3qkC1pLmwQHnrl,7,4159,MARTIN ALFONSO QUIROZ QUIROZ,27.574.758-0,Martin Alfonso Quiroz Varas,275747580,,,ok
99,ok,rut coincide,1°A Mateo Pinto B2 - Informe a la familia.docx,1Nri9Kwz1CWe7HYhOPvhjsce8xRDzFrRF,7,3732,MATEO IGNACIO PINTO HERMOSILLA,27.217.510-1,Mateo Ignacio Pinto Hermosilla,272175101,,,ok
100,rut_doc_no_en_pie360,doc_rut=133628878 name_doc='' asignado 4283 MASSIEL FERNANDO DEBIASSI SOSA rut=1008506260,PK°A Massiel Debiassi B2 - Informe a la familia.docx,1C0WHZQPgb6k6nOCIM_TSaxi4noz2xbAA,7,4283,MASSIEL FERNANDO DEBIASSI SOSA,100.850.626-0,,133628878,,,ok
101,ok,rut coincide,PK°A Rolando Anjarí B2 - Informe a la familia.docx,12o7f8uUwkBfbEMIQvLAknaqGweKyFtMu,7,4031,ROLANDO JOSE ANJARÍ ORELLANA,27.646.718-2,Rolando Jose Anjari Orellana,276467182,,,ok
102,ok,rut coincide,3°B Belen Gonzalez B2 - Informe a la familia.docx,1zHFlnNv1Ov1YBiiumzk3z15Xc3fPj4q7,7,3418,BELEN IGNACIA GONZALEZ CARVACHO,26.084.076-2,Belen Ignacia Gonzalez Carvacho,260840762,,,ok
103,ok,rut coincide,5°B Ignacio Robles B2 - Informe a la familia.docx,1O-RvNwOBzvCzE-wmX6LxkzCAmavOeYQj,7,4289,IGNACIO JAVIER ROBLES SOTO,24.974.997-4,Ignacio Javier Robles Soto,249749974,,,ok
104,ok,rut coincide,1°B Nicolas Galdames B2 - Informe a la familia.docx,1rzJD2JNOXLwC3yqVySd7SUXPcBpH5QAm,7,4271,NICOLAS ANDRES GALDAMES SIERRA,27.248.241-1,Nicolas Andres Galdames Sierra,272482411,,,ok
105,ok,rut coincide,8°B Geneciss Jofre B2 - Informe a la familia.docx,19Yu8VbwCUKO12kr8kBisPffALKhlmPGm,7,3819,GENECISS ANTONELLA JOFRE LAZO,23.940.220-8,Geneciss Antonella Jofre Lazo,239402208,,,ok
106,ok,rut coincide,K°B Fiorella Vallejos B2 - Informe a la familia.docx,1UdcHkkUJ5H8Kz2kMKRjQh16BD53aEhqc,7,3921,FIORELLA ANDREA VALLEJOS MERCHAN,27.093.960-0,Fiorella Andrea Vallejos Marchan,270939600,,,ok
107,ok,rut coincide,PK°B Amanda Vasquez B2 - Informe a la familia.docx,1A0Cc3Pn3yYw4ZdNJ2EFP_VrsaHhFUM0Z,7,3827,AMANDA ANTONIA VASQUEZ LIZANA,27.593.209-4,Amanda Antonia Vasquez Lizana,275932094,,,ok
108,ok,rut coincide,8°A Mateo Erazo B2 - Informe a la familia.docx,1aPxeRu65NPfJni5IUX54oh8rbZj1NXKF,7,3708,MATEO ALONSO ERAZO GUEVARA,23.911.370-2,Mateo Alonso Erazo Guevara,239113702,,,ok
109,ok,rut coincide,7°B Javiera Diaz B2 - Informe a la familia.docx,18GipgaZQtPgZ7qtwiTco33oUbrgDLJgC,7,3446,JAVIERA ANTONIA DIAZ CASTILLO,23.777.903-7,Javiera Antonia Diaz Castillo,237779037,,,ok
110,ok,rut coincide,PK°A Amanda Tapia B2 - Informe a la familia.docx,1BEu3dEqIhdFjI7hoN--xVQMnhxQNv2Hl,7,3284,AMANDA CECILIA TAPIA AVIO,27.738.816-2,Amanda Cecilia Tapia Avio,277388162,,,ok
111,ok,rut coincide,2°B Natalia Muñoz B2 - Informe a la familia.docx,1m-YILVW5OYe50-HkpOsCi9c7CLoAmWOn,7,3298,NATALIA IGNACIA MUÑOZ AYALA,26.057.400-0,Natalia Ignacia Muñoz Ayala,260574000,,,ok
112,ok,rut coincide,3°A Nahum Wright B2 - Informe a la familia.docx,1hLdnr4t11qvTRrFlYURG8cXxELu7r9pm,7,4139,NAHUM ENAM WRIGHT PUJADO,25.875.890-0,Nahum Enam Wright Pujado,258758900,,,ok
113,ok,rut coincide,6°A Alvaro Salinas B2 - Informe a la familia.docx,1iFYPJeyDvkBEoUp55OD6U7vh_w3JgIwR,7,4483,ALVARO ROMAN SALINAS ZAGAL,24.688.247-9,Álvaro Román Salinas Zagal,246882479,,,ok
114,ok,rut coincide,4°B Joel Parra B2 - Informe a la familia.docx,1tszrdT3NpF6zfzU5cE7naUhkj9VmGnYd,7,3500,JOEL IGNACIO PARRA CIFUENTES,25.412.897-K,Joel Ignacio Parra Cifuentes,25412897K,,,ok
115,ok,rut coincide,PK°A Sebastian Coro B2 - Informe a la familia.docx,1FSZyA4x3JzK1iXnuGieZDkP3KU0VdouN,7,3410,SEBASTIAN CESAR CORO CARRERA,27.695.849-6,Sebastian Cesar Coro Carrera,276958496,,,ok
116,ok,rut coincide,PK°A Eliam Wright B2 - Informe a la familia.docx,1JKrPskCc4WfpuV4ZDFWfheXIzXr3fDJ8,7,4137,ELIAM NAIN WRIGHT PUJADO,27.504.290-0,Eliam Nain Wright Pujado,275042900,,,ok
117,ok,rut coincide,K°A Camilo Silva B2 - Informe a la familia.docx,1WeUPBt2CKMATpDNOmcSFmtigNl8lTztR,7,4417,CAMILO ANDRES SILVA VIDAL,27.385.746-K,Camilo Andres Silva Vidal,27385746K,,,ok
118,ok,rut coincide,PK°B Alex Madriaga B2 - Informe a la familia.docx,1btsEdNNEgy3PwULwFgjTbScvpHY8Fph5,7,3937,ALEX MARC MADRIAGA MONROY,27.726.563-K,Alex Marc Madriaga Monroy,27726563K,,,ok
119,ok,rut coincide,PK°A Lucia Jaque B2 - Informe a la familia.docx,14b-dYeZmR9DRWc57RgCBirOfQhvXGKj8,7,4473,LUCIA SIMONETTE JAQUE VULETIN,27.510.906-1,Lucia Simonette Jaque Vuletin,275109061,,,ok
120,ok,rut coincide,3°B Dara Carrera B2 - Informe a la familia.docx,1TH2-jjW58VIhyzNHoMXhHv3L1edORFUl,7,3547,DARA MILAGROS CARRERA CUERO,26.124.377-6,Dara Milagros Carrera Cuero,261243776,,,ok
121,ok,rut coincide,5°A Alonso Villalobos B2 - Informe a la familia.docx,1XwVhvtm27eb5cJvLz696xGPw3TLSEV3u,7,4225,ALONSO EDUARDO VILLALOBOS SAA,25.133.390-4,Alonso Eduardo Villalobos Saa,251333904,,,ok
122,ok,rut coincide,PK°B Sofia Hernandez B2 - Informe a la familia.docx,1jpmXsFcfpALtlOXoxBJID-A_6ImLty4D,7,3349,SOFIA AURORA HERNANDEZ BETANCURT,27.757.300-8,Sofia Aurora Hernandez Betancurt,277573008,,,ok
123,ok,rut coincide,PK°B Amanda Cossio B2 - Informe a la familia.docx,1xpBdKhZxnWfmspjpUKIMm8z1JyChyhLf,7,3929,AMANDA PASKAL COSSIO MIRANDA,27.615.048-0,Amanda Paskal Cossio Miranda,276150480,,,ok
124,ok,rut coincide,K°A Ambar Restrepo B2 - Informe a la familia.docx,1WE7lY-edQNvCMUgHTxw5ClLMLBEI7XHA,7,3400,AMBAR LUCIA RESTREPO CANO,27.322.029-1,Ambar Lucia Restrepo Cano,273220291,,,ok
125,ok,rut coincide,K°A Evan Alvarez B2 - Informe a la familia.docx,1kMPRyUIJ0GkfSP5ueU8MD84_Lcew5qoU,7,4319,EVAN LEON ALVAREZ TAPIA,27.332.334-1,Evan León Alvarez Tapia,273323341,,,ok
126,ok,rut coincide,8°A Jean Falcones B2 - Informe a la familia.docx,1lIGDYRhCNwsykRclmjWAB7H5GK4VDSKV,7,3310,JEAN PAUL FALCONES BAJAÑA,25.725.163-2,Jean Paul Falcones Bajaña,257251632,,,ok
127,ok,rut coincide,6°B Jose Figueroa B2 - Informe a la familia.docx,1Eu_dqFbW_NlyP42KnID0wVJaPNmowjdr,7,3189,JOSE THOMAS ALBERTO FIGUEROA ALARCON,24.629.459-3,Jose Thomas Alberto Figueroa Alarcón,246294593,,,ok
128,ok,rut coincide,6°B Kiara Albornoz B2 - Informe a la familia.docx,1fWvdx5ZfG_LH903DIYygwBIQASohCTcd,7,3875,KIARA ELIZABETH ALBORNOZ MALDONADO,24.665.190-6,Kiara Elizabeth Albornoz Maldonado,246651906,,,ok
129,ok,rut coincide,3°B Giovanni Navea B2 - Informe a la familia.docx,15Z3a_4dNkAyWNpVJPWLST89nKUPy6eJ3,7,3314,GIOVANNI ANTONIO NAVEA BALDO,25.751.896-5,Giovanni Antonio Navea Baldo,257518965,,,ok
130,ok,rut coincide,5°A Vicente Oliva B2 - Informe a la familia.docx,1YIUF4RNwlTs3RS1_2eBrpXTPtv7LbucI,7,4119,VICENTE FRANCISCO OLIVA PINILLA,24.872.131-6,Vicente Francisco Oliva Pinilla,248721316,,,ok
131,ok,rut coincide,7°A Antonelha Pichun B2 - Informe a la familia.docx,1YD62yTMaIE0NpTbOcvi0N4Mf0GYL4ite,7,3726,ANTONELHA ESTEFANIA PICHUN HERMOSILLA,24.543.309-3,Antonelha Estefanía Pichun Hermosilla,245433093,,,ok
132,ok,rut coincide,PK°B Sebastian Saavedra B2 - Informe a la familia.docx,1u70n92CcT-8aTKqwc9FNfb8-RbF4vil9,7,4165,SEBASTIAN IGNACIO SAAVEDRA RAMIREZ,27.647.382-4,Sebastian Ignacio Saavedra Ramirez,276473824,,,ok
133,ok,rut coincide,6°B Lucas Contreras B2 - Informe a la familia.docx,1irovKKRKxEFjXq8FpAA81gmhmdqqWQtk,7,4029,LUCAS MAXIMILIANO CONTRERAS ORELLANA,24.679.953-9,Lucas Maximiliano Contreras Orellana,246799539,,,ok
134,ok,rut coincide,3°A Eithan Salinas B2 - Informe a la familia.docx,1B-RJh5kqgMZF7L_LkBBWeSyofsF9h_1m,7,4485,EITHAN NICOLAS SALINAS ZAGAL,25.788.080-K,Eithan Nicolas Salinas Zagal,25788080K,,,ok
135,ok,rut coincide,7°A Joaquin Hernandez B2 - Informe a la familia.docx,1WV_Z3FEadN9tELrPps1bqLdN_GFrjNhi,7,3347,JOAQUIN ALONSO HERNANDEZ BETANCURT,24.570.635-9,Joaquin Alonso Hernandez Betancurt,245706359,,,ok
136,ok,rut coincide,7°B Gabriel Herrera B2 - Informe a la familia.docx,1ob3anx9hEVog-JV7VSWRz9RtCcYzeXie,7,4233,GABRIEL HERNAN ALEJANDRO HERRERA SAEZ,24.156.203-4,Gabriel Hernan Alejandro Herrera Saez,241562034,,,ok
137,ok,rut coincide,6°A Miguel Yáñez B1 informe familia 2026.docx,1HvcoNH8LaF_o_6T6-MdU_NmDqGKwts2A,7,4913,MIGUEL ANGEL YAÑEZ BUSTAMANTE,24.740.294-2,Miguel Ángel Yáñez Bustamante,247402942,,,ok
138,sin_rut_en_doc,ruts=,K°C Mia Lezama B1 informe familia 2026.docx,1YxWoqujdkSn0NR99hsDWz_7lAEkWO1RI,7,5259,MIA VALENTINA LEZAMA PATIÑO,100.652.414-8,,,,,ok
139,ok,rut coincide,5°C Trinidad Vera B1 informe familia 2026.docx,1jLzCkbrrchoOqYVTY_L5-6QVJaLeN1M_,7,5298,TRINIDAD MAGDALENA VERA RAMÍREZ,24.940.970-7,Trinidad Magdalena Vera Ramírez,249409707,,,ok
140,sin_rut_en_doc,ruts=,2°B Dylhan Luna B1 informe familia 2026.docx,1SfPBmc_RCamX-jSliX5g3YVXRTFK2M--,7,4985,DYLHAN ALEXANDER ANTONIO LUNA CORTÉS,26.736.912-7,,,,,ok
141,ok,rut coincide,8°C Jans Salinas B1 informe familia 2026.docx,1L0OF88sAb-84aoFsARw3el5mThfVkk0h,7,5097,JANS IGNACIO SALINAS HERRERA,23.242.739-6,Jans Ignacio Salinas Herrera,232427396,,,ok
142,ok,rut coincide,2°B Gonzalo Figueroa B2 - Informe a la familia.docx,1wC4qRFe4-CVA1pGSNRQXzIqBRShL1Qic,7,4377,GONZALO DAVID FIGUEROA VALENZUELA,25.755.199-7,Gonzalo David Figueroa Valenzuela,257551997,,,ok
143,ok,rut coincide,PK°B Hugo Jadad B2 - Informe a la familia.docx,1h-FLvxq_COz7P4LbY0bbZ6Lr3i1PhP78,7,3943,HUGO ALBERTO JADAD MONTERO,27.623.628-8,Hugo Alberto Jadad Montero,276236288,,,ok
144,ok,rut coincide,K°A Lorenzo Contreras B1 informe familia 2026.docx,1QSAaLCHnECrdz0EDw-9d7nOUTHA0ef4B,7,5353,LORENZO BENJAMIN CONTRERAS SANDOVAL,27.418.505-8,Lorenzo Benjamín Contreras Sandoval,274185058,,,ok
145,ok,rut coincide,PK°B Thomas Pizarro B2 - Informe a la familia.docx,1xMv_ATxXuXkY-nmsf2QpIsaorOqJgHim,7,3207,THOMAS ALEJANDRO PIZARRO AMESTICA,27.701.908-6,Thomas Alejandro Pizarro Amestica,277019086,,,ok
146,ok,rut coincide,6°C Joaquín Celedón B1 informe familia 2026.docx,176mFBOqrjp9Pfgn6ayRdVcjZjluhGpzn,7,5283,JOAQUIN SEBASTIAN CELEDON PULIDO,24.591.472-5,Joaquín Sebastián Celedón Pulido,245914725,,,ok
147,ok,rut coincide,6°A Simon Ladron B2 - Informe a la familia.docx,1hwlTBN5UXaoGak_R1aXtIrwR6OqUQ9Dt,7,4327,SIMÓN PABLO LADRÓN DE GUEVARA TAPIA,24.943.223-7,Simon Pablo Ladrón De Guevara Tapia,249432237,,,ok
148,ok,rut coincide,2°A Ivan Cerda B2 - Informe a la familia.docx,1F85m3IevPDx9sNK_X6TI6UNVJhN7fxy5,7,4441,IVAN ENRIQUE CERDA VILLALOBOS,26.393.048-7,Iván Enrique Cerda Villalobos,263930487,,,ok
149,ok,rut coincide,PK°A Javier Ocares B1 informe familia 2026.docx,1PjGVQGDEi9O5ix3G0JNX01gN6jiodIt0,7,4892,JAVIER ALEXANDRO OCARES BELTRAN,27.512.918-6,Javier Alexandro Ocares Beltrán,275129186,,,ok
150,ok,rut coincide,5°C Diego Fuenzalida B1 informe familia 2026.docx,1Pa11k68rwiSMIOG2Of0MMj-pfC-t_tJE,7,5136,DIEGO JESUS FUENZALIDA LEIVA,24.328.345-0,Diego Jesús Fuenzalida Leiva,243283450,,,ok
151,ok,rut coincide,3°A Astrid Robles B1 informe familia 2026.docx,193IGiR1DD918FxCMUTkzSw741tHwJ2Zb,7,5260,ASTRID ELIF ROBLES PEREZ,26.110.269-2,Astrid Elif Robles Pérez,261102692,,,ok
152,sin_rut_en_doc,ruts=,8°B Kihara Ruiz B1 informe familia 2026.docx,1WSCyZY-WNVYdKwAoomWjBIjT5T1LKq3b,7,5196,KIHARA PAOLA RUIZ MORALES,100.817.616-3,,,,,ok
153,ok,rut coincide,PK°A Alan Chavarria B2 - Informe a la familia.docx,1eccss7zsZnEP6pHNlv1BazgF7WdcCuVl,7,4455,ALAN IGNACIO CHAVARRIA VILLEGAS,27.508.209-0,Alan Ignacio Chavarria Villegas,275082090,,,ok
154,ok,rut coincide,K°B Dante Rojas B2 - Informe a la familia.docx,1e60pomVpCez5yLESAysu8p3tmZTY5EgJ,7,3787,DANTE IVAN ROJAS JARA,27.445.859-3,Dante Ivan Rojas Jara,274458593,,,ok
155,ok,rut coincide,2°A Pedro Palominos B2 - Informe a la familia.docx,1pbyivXwdWnPPq60WIYkEQQ8B5NJH1_ZJ,7,3430,PEDRO HERNAN PALOMINOS CARVALLO,26.635.057-0,Pedro Hernan Palominos Carvallo,266350570,,,ok
156,ok,rut coincide,6°A Vicente Silva B2 - Informe a la familia.docx,1tpFMQb1zwjvGqHAydNGDxLfonRK5dXJq,7,3587,VICENTE IGNACIO SILVA ESPINDOLA,24.773.338-8,Vicente Ignacio Silva Espindola,247733388,,,ok
157,ok,rut coincide,K°A Alicia Ayala B2 - Informe a la familia.docx,1ELCrmmqZpVvEPSsvmaZakY_jwUWAklEY,7,4059,ALICIA BELLEN AYALA OYANEDEL,27.359.852-9,Alicia Bellen Ayala Oyanedel,273598529,,,ok
158,ok,rut coincide,K°C Amareli Venegas B1 informe familia 2026.docx,1-9kz9tU9mPIAtgLAQXRSCnbs0DQaK99B,7,5232,AMARELI PASCAL VENEGAS OBREQUE,27.297.814-K,Amareli Pascal Venegas Obreque,27297814K,,,ok
159,ok,rut coincide,6°A Mia Soto B1 informe familia 2026.docx,1JkPL8wlyaEA0doqnIgy4SxZ1X19_c-Gt,7,4980,MIA SCARLETT SOTO CORDERO,24.823.317-6,Mia Scarlett Soto Cordero,248233176,,,ok
160,ok,rut coincide,6°A Luis Chavarria B2 - Informe a la familia.docx,1CkwzCa-GVDrQrVPqn6B05TwOqsmjMBbC,7,4461,LUIS ALONSO CHAVARRIA VILLEGAS,24.792.698-4,Luis Alonso Chavarria Villegas,247926984,,,ok
161,ok,rut coincide,5°B Emiliano Araya B1 informe familia 2026.docx,1u8MCo_M8F_uUBaR0RftxwkN3FfDVat0N,7,4914,EMILIANO OMAR ALEXI ARAYA BUSTOS,25.279.006-3,Emiliano Omar Alexi Araya Bustos,252790063,,,ok
162,ok,rut coincide,5°A Fernanda Diaz B1 informe familia 2026.docx,1lJuf0ZMDqIEXEsPudfHJJw-sWcBOd6Jm,7,5118,FERNANDA MARIANA DIAZ LAGOS,25.180.395-1,Fernanda Mariana Diaz Lagos,251803951,,,ok
163,ok,rut coincide,1°B Angelo Campos B1 informe familia 2026.docx,1dD94ql9DwD3P3lDYonpooEzQFlBaTySc,7,5130,ANGELO MARTIN CAMPOS LAZO,27.042.301-9,Angelo Martín Campos Lazo,270423019,,,ok
164,ok,rut coincide,1°B Pablo Campos B1 informe familia 2026.docx,15VN907khrrEte1UcDrq6Flp2EtueCfcf,7,5132,PABLO ANTONIO CAMPOS LAZO,27.042.328-0,Pablo Antonio Campos Lazo,270423280,,,ok
165,ok,rut coincide,K°C Gastón Saavedra B1 informe familia 2026.docx,1xfrhx1dl1S5BJe0Snr-2x29bArOlkZXC,7,5335,GASTON ENRIQUE SAAVEDRA SAAVEDRA,27.346.356-9,Gastón Enrique Saavedra Saavedra,273463569,,,ok
166,ok,rut coincide,PK°A Oscar Fernández B1 informe familia 2026.docx,1H1AwrapI-Ax7PVUVJaTULpeWaMHsa3Ik,7,5100,OSCAR GABRIEL FERNANDEZ HERRERA,27.540.581-7,Oscar Gabriel Fernández Herrera,275405817,,,ok
167,ok,rut coincide,K°C Mar Jorquera B1 informe familia 2026.docx,1rtsLnfjJFoQJbE8d4I6vaQaAuIrZe17h,7,5010,MAR VICTORINA JORQUERA ESTEVE,27.498.396-5,Mar Victoriana Jorquera Esteve,274983965,,,ok
168,ok,rut coincide,3°B Valentín Rubilar B1 informe familia 2026.docx,1HJsqZA56IfG2pexnSqvtTkPY6YOr7ALz,7,5422,VALENTÍN LEÓN RUBILAR VELASCO,25.929.943-8,Valentín León Rubilar Velasco,259299438,,,ok
169,ok,rut coincide,4°B Agustina Gallardo B1 informe familia 2026.docx,1T46B7nPI3iC4u5HgsW2aJV82ku5hvqN3,7,5045,AGUSTINA IGNACIA GALLARDO GARCIA,25.678.394-0,Agustina Ignacia Gallardo García,256783940,,,ok
170,ok,rut coincide,8°B Máximo Arredondo B1 informe familia 2026.docx,17HU5rA5dBV-ojyn0pxOchFe5XacDXb-F,7,5087,MAXIMO ANIBAL ARREDONDO HENRIQUEZ,24.230.487-K,Máximo Aníbal Arredondo Henríquez,24230487K,,,ok
171,ok,rut coincide,PK°A Ignacia Barraza B1 informe familia 2026.docx,1j261FWJhzKfa05JUsWORPWMOunPq8UNo,7,4879,IGNACIA  GUADALUPE BARRAZA BARRAZA,27.721.978-6,Ignacia Guadalupe Barraza Barraza,277219786,,,ok
172,ok,rut coincide,4°B Martina Yáñez B1 informe familia 2026.docx,1z36Cbb-JUXnDkAG_JflV_l5GkbOnDFWS,7,4912,MARTINA ISIDORA YAÑEZ BUSTAMANTE,25.371.811-0,Martina Isidora Yáñez Bustamante,253718110,,,ok
173,ok,rut coincide,K°C Gaspar Miranda B1 informe familia 2026.docx,1-lKbOrL2LSF5jWHiy4PBWCj5_xQHrzTe,7,4884,GASPAR ANTONIO MIRANDA BARRERA,27.477.878-4,Gaspar Antonio Miranda Barrera,274778784,,,ok
174,ok,rut coincide,2°B Bastián Aracena B1 informe familia 2026.docx,1l0N4D8t3RHP3cT6wxpAFRKmexbKM6Myl,7,5041,BASTIAN ANDREE ARACENA GALVEZ,25.792.510-2,Bastián Andree Aracena Gálvez,257925102,,,ok
175,ok,rut coincide,1°A Thomas Herrera B1 informe familia 2026.docx,1yUitPIy2WHjVGkFzN_mERDONIfo2cI7h,7,5242,THOMAS BENJAMIN HERRERA ORTIZ,27.048.868-4,Thomas Benjamín Herrera Ortiz,270488684,,,ok
176,ok,rut coincide,2°B Vicente González B1 informe familia 2026.docx,1LWAFseSEISQh-ym4guTq2s2kLuS35Y1Y,7,5305,VICENTE KAEL GONZALEZ REYES,26.211.189-K,Vicente Kael González Reyes,26211189K,,,ok
177,ok,rut coincide,PK°A Augusto Silva B1 informe familia 2026.docx,1XQEmuIrqa594WNI5FSKyVsEaCiJZlQxU,7,5109,AUGUSTO NICOLAS ANDRES SILVA JARA,27.595.853-0,Augusto Nicolas Andrés Silva Jara,275958530,,,ok
178,ok,rut coincide,5°C Gael Rojo B1 informe familia 2026.docx,18JlccZlT9G0EFo40QfMz70EqYGVq2vzS,7,5252,GAEL IGNACIO ROJO PALLANTE,24.993.759-2,Gael Ignacio Rojo Pallante,249937592,,,ok
179,ok,rut coincide,K°C Emma Osorio B1 informe familia 2026.docx,1bpT7--U_NOq81jd5HfmhyeFuzoA3wcMf,7,5051,EMMA LETICIA PAZ OSORIO GIUSTI,27.450.723-3,Emma Leticia Paz Osorio Giusti,274507233,,,ok
180,ok,rut coincide,7°A Jean Rodríguez B1 informe familia 2026.docx,1aoHEuj9m9SwhmKJcZBPsrQ2s-mt8yp2z,7,5074,JEAN CARLOS RODRIGUEZ GRUESO,24.336.605-4,Jean Carlos Rodríguez Grueso,243366054,,,ok
181,ok,rut coincide,3°A Esperanza Santibáñez B1 informe familia 2026.docx,19E7Py7Cgk5PqBrfB79QXKAntXUqUfhWC,7,5013,ESPERANZA VALENTINA SANTIBAÑEZ FERNANDEZ,25.929.899-7,Esperanza Valentina Santibáñez Fernández,259298997,,,ok
182,ok,rut coincide,PK°A Julián Sánchez B1 informe familia 2026.docx,1EF6HWTpxPMjXaLWiABuIlUl3N2_TXg9F,7,5017,JULIAN ANDRES AARON SANCHEZ FERRER,27.542.138-3,Julián Andrés Aaron Sánchez Ferrer,275421383,,,ok
183,ok,rut coincide,3°B Maite Salinas B1 informe familia 2026.docx,1TzlPKP0CkRqwApJmZLiqKN6ZcJ6va6h4,7,4846,MAITE   JOSSEFA SALINAS ARANCIBIA,26.006.375-8,Maite Josefa Salinas Arancibia,260063758,,,ok
184,ok,rut coincide,PK°A Liam López B1 informe familia 2026.docx,1So9BnE0icRPHHvzKaD6qWBfOR97dnmkd,7,5371,LIAM TADEO LOPEZ TAPIA,27.749.292-K,Liam Tadeo López Tapia,27749292K,,,ok
185,ok,rut coincide,4°B Vicente Madrid B1 informe familia 2026.docx,1WXm3U2L16G5JXfbnj5koBOZ_zKDz5cv7,7,5026,VICENTE NICOLÁS MADRID FIGUEROA,25.570.145-2,Vicente Nicolas Madrid Figueroa,255701452,,,ok
186,ok,rut coincide,2°B Isabella Arancibia B1 informe familia 2026.docx,1lUY69jW8xWRdday2LQSJ58UsWPoPSpOZ,7,5428,ISABELLA FERNANDA ARANCIBIA VILCHES,25.661.072-8,Isabella Fernanda Arancibia Vilches,256610728,,,ok
187,ok,rut coincide,5°B Pascal Sobarzo B1 informe familia 2026.docx,1vLB6biU6kwReXIujz-HVqnbV7WPdZn1M,7,5230,PASCAL MILUFER ARANZA SOBARZO NUÑEZ,25.250.086-3,Pascal Milufer Aranza Sobarzo Núñez,252500863,,,ok
188,ok,rut coincide,7°C Justin Silva B1 informe familia 2026.docx,11pNSa4TGR-bKcqxZyQj_M8KLB5XvbfEf,7,4986,JUSTIN LIAM SILVA CORTES,24.424.530-7,Justin Liam Silva Cortes,244245307,,,ok
189,ok,rut coincide,6°C Agustina Peralta B1 informe familia 2026.docx,1GEPYNJSAohitVEjp5q1p8BymjA8WraV_,7,5444,AGUSTINA BELEN PERALTA ZAMORA,24.804.650-3,Agustina Belén Peralta Zamora,248046503,,,ok
190,ok,rut coincide,5°C Fabian Montoya B1 informe familia 2026.docx,1VBfp8MAVU79-n0mlDmeaW4KhvQzfs7KZ,7,5263,FABIAN IGNACIO MONTOYA PEREZ,25.066.174-6,Fabian Ignacio Montoya Pérez,250661746,,,ok
191,mal_asignado,doc_rut=271259611 pertenece a 2440 GAEL MATEO VIDELA OJEDA (asignado 2478 ISABELLA AINARA ROMERO PAEZ),1°B ISABELLA ROMERO.docx,15XGa73iXmQsTEzejedP_ek8FciYn2Ykx,7,2478,ISABELLA AINARA ROMERO PAEZ,26.249.132-3,Gael Mateo Videla Ojeda,271259611,2440,GAEL MATEO VIDELA OJEDA,ok
192,ok,rut coincide,2°B Pedro Sobarzo B1 informe familia 2026.docx,1I663FBLElcL6WiYpJjTDW8umq9ZTDNP2,7,5231,PEDRO MAXIMILIANO SOBARZO NUÑEZ,26.647.814-3,Pedro Maximiliano Sobarzo Núñez,266478143,,,ok
193,mal_asignado,doc_rut=246823642 pertenece a 2220 YANIRA  JANCELL FRIZ GUERRERO (asignado 2476 CRISTOFER MAURICIO ROMERO PAEZ),1°B CRISTOFER ROMERO.docx,1dm6g3jFsZOnsSeF4LKg1CEBBNf-oDqbI,7,2476,CRISTOFER MAURICIO ROMERO PAEZ,26.249.089-0,Yanira Jancell Friz Guerrero,246823642,2220,YANIRA  JANCELL FRIZ GUERRERO,ok
194,mal_asignado,doc_rut=243584108 pertenece a 2078 CATALINA ALEJANDRA ARAVENA CORTEZ (asignado 2239 MATEO ALONSO SOTO HENRIQUEZ),6°A MATEO SOTO .docx,1VVumgcZG3ZsrrUIi-GefK8DcMTJGmIQe,7,2239,MATEO ALONSO SOTO HENRIQUEZ,24.678.501-5,Catalina Alejandra Aravena Cortez,243584108,2078,CATALINA ALEJANDRA ARAVENA CORTEZ,ok
195,mal_asignado,doc_rut=240996383 pertenece a 1845 ALEXIS IGNACIO SOLÍS AGURTO (asignado 2257 SEBASTIAN IGNACIO CASTILLO HERRERA),5°B SEBASTIAN CASTILLO.docx,1SRWTHjcDFL0iYdYluO2UR-KZV3luSC4p,7,2257,SEBASTIAN IGNACIO CASTILLO HERRERA,25.273.602-6,Alexis Ignacio Solís Agurto,240996383,1845,ALEXIS IGNACIO SOLÍS AGURTO,ok
196,ok,rut coincide,PK°A Vicente Oliva B1 informe familia 2026.docx,1MSCZyZfEQKcnNvSi8Fa2nUaJsj4jCDcn,7,5325,VICENTE ANANDA OLIVA RODRIGUEZ,27.747.056-K,Vicente Ananda Oliva Rodríguez,27747056K,,,ok
197,mal_asignado,doc_rut=286859518 pertenece a 2406 REISHELL VICTORIA ALVARADO MORENO (asignado 1826 MATEO TOMAS OYANEDEL ACEVEDO),3°B MATEO OYANEDEL.docx,1hFV2gCWT1ynDWotxWwyPscwibTLu4A1I,7,1826,MATEO TOMAS OYANEDEL ACEVEDO,25.205.868-0,Reishell Victoria Alvarado Moreno,286859518,2406,REISHELL VICTORIA ALVARADO MORENO,ok
198,mal_asignado,doc_rut=277453622 pertenece a 1960 MARIA JESUS IGNACIA AGUILERA CABRERA (asignado 2787 MATEO EZEQUIEL CORRALES YUBANO),K°A MATEO CORRALES.docx,1iAL0PNS9mV2pd0mcGHCiafqwRZbMn1lP,7,2787,MATEO EZEQUIEL CORRALES YUBANO,27.360.959-8,Maríajesús Ignacia Aguilera Cabrera,277453622,1960,MARIA JESUS IGNACIA AGUILERA CABRERA,ok
199,ok,rut coincide,6°C Dylan Jara B1 informe familia 2026.docx,1rHtpBd46mnp6gOj6aICG69jsxo-SOvfZ,7,5210,DYLAN YEREMY JARA MURA,24.685.372-K,Dylan Jeremy Jara Mura,24685372K,,,ok
200,ok,rut coincide,5°C Adalys Mancilla B1 informe familia 2026.docx,1ZP0QwtZOmT1tW7rcTS6LMyMypsPfRmoD,7,4859,ADALYS ANASTACIA MANCILLA AREVALO,24.867.111-4,Adalys Anastacia Mancilla Arévalo,248671114,,,ok
201,mal_asignado,doc_rut=270923119 pertenece a 2808 ANDRÉS SANCHEZ ZURITA (asignado 2189 ALONSO ZACARIAS MONDACA GOMEZ),7°B ALONSO MONDACA.docx,1sCqa15dE0wstFF90wQnbf8xt-q43VoIy,7,2189,ALONSO ZACARIAS MONDACA GOMEZ,24.246.921-6,Andrés Sánchez Zurita,270923119,2808,ANDRÉS SANCHEZ ZURITA,ok
202,mal_asignado,doc_rut=253514744 pertenece a 2531 MATEO BENJAMÍN ARENAS PRADO (asignado 2250 AGUSTIN  OSVALDO MENA HERRERA),PK°A AGUSTIN MENA.docx,1jzO9vyb8TF4mdWFtfcWxzlJl2CgQ3e8l,7,2250,AGUSTIN  OSVALDO MENA HERRERA,27.621.964-2,Mateo Benjamín Arenas Prado,253514744,2531,MATEO BENJAMÍN ARENAS PRADO,ok
203,mal_asignado,doc_rut=249255513 pertenece a 2138 AMPARO LUCÍA INSAMI FIGUEROA (asignado 2232 SURI SULAIS PARIONA GUTIERREZ),6°A Suri Pariona .docx,1vx_hwqqT5wf9DtqgxTNVCRDV0BHIJssh,7,2232,SURI SULAIS PARIONA GUTIERREZ,24.635.689-0,Amparo Lucía Insamí Figueroa,249255513,2138,AMPARO LUCÍA INSAMI FIGUEROA,ok
204,rut_doc_no_en_pie360,doc_rut=188542980 name_doc='' asignado 1884 IGNACIA NOEMÍ VERGARA ARANCIBIA rut=242779797,7°B IGNACIA VERGARA.docx,1hMBmk6YwXE70Vwz1EOz71-34hPBY0Afk,7,1884,IGNACIA NOEMÍ VERGARA ARANCIBIA,24.277.979-7,,188542980,,,ok
205,mal_asignado,doc_rut=275181234 pertenece a 1894 NELSON ANDRÉS VERA ARANGUIZ (asignado 2440 GAEL MATEO VIDELA OJEDA),1°A GAEL VIDELA .docx,1GwbhFk5Jr11SNRAPxq1Z8tj6p7GKsuzU,7,2440,GAEL MATEO VIDELA OJEDA,27.125.961-1,Nelson Andrés Vera Aranguiz,275181234,1894,NELSON ANDRÉS VERA ARANGUIZ,ok
206,mal_asignado,doc_rut=277061074 pertenece a 2591 ALEX YOISUKE LOSANTOS ROJAS (asignado 2809 MARIA ESTER SANCHEZ ZURITA),K°A MARIA ESTER SANCHEZ.docx,1QKvn_W-o8CwNWE2XIV25MeYvarVDxfDI,7,2809,MARIA ESTER SANCHEZ ZURITA,27.430.903-2,Alex Yoisuke Losantos Rojas,277061074,2591,ALEX YOISUKE LOSANTOS ROJAS,ok
207,mal_asignado,doc_rut=272455317 pertenece a 2439 FACUNDO MANUEL VALENCIA OJEDA (asignado 2456 LEON AGUSTIN VASQUEZ ORDOÑEZ),7°A LEON VASQUEZ .docx,1Xie4HTyhFpJ9Vu-aMu_iDW4GcPekuLln,7,2456,LEON AGUSTIN VASQUEZ ORDOÑEZ,24.277.605-4,Facundo Manuel Valencia Ojeda,272455317,2439,FACUNDO MANUEL VALENCIA OJEDA,ok
208,mal_asignado,doc_rut=252058680 pertenece a 1826 MATEO TOMAS OYANEDEL ACEVEDO (asignado 2267 ANGEL ALONSO ORTIZ IBACETA),3°B ÁNGEL ORTIZ.docx,1Kmm2yBKqUbveELPfe3qNhNIeIyJNGVJH,7,2267,ANGEL ALONSO ORTIZ IBACETA,25.905.653-5,Mateo Tomás Oyanedel Acevedo,252058680,1826,MATEO TOMAS OYANEDEL ACEVEDO,ok
209,mal_asignado,doc_rut=276821679 pertenece a 2154 ORLANDO ANDRÉS HUERTA FLORES (asignado 1867 BENJAMÍN STEVEN CAMPOS ALTAMIRANO),PK°A BENJAMIN CAMPOS.docx,13UfkH5T3Bqd5gutnrFjzzGOrWYkEFGtu,7,1867,BENJAMÍN STEVEN CAMPOS ALTAMIRANO,27.641.694-4,Orlando Andrés Huerta Flores,276821679,2154,ORLANDO ANDRÉS HUERTA FLORES,ok
210,mal_asignado,doc_rut=251142971 pertenece a 2650 DAZLYN ALMENDRA SANDOVAL SANHUEZA (asignado 2184 ANDREA ALEJANDRA PAEZ GIL),8°A ANDREA PÁEZ.docx,1Hc8YLAQ_q0pqPeoUpoAcWmLMv1ZifwKZ,7,2184,ANDREA ALEJANDRA PAEZ GIL,23.692.969-8,Dazlyn Almendra Sandoval Sanhueza,251142971,2650,DAZLYN ALMENDRA SANDOVAL SANHUEZA,ok
211,rut_doc_no_en_pie360,doc_rut=131855591 name_doc='' asignado 2591 ALEX YOISUKE LOSANTOS ROJAS rut=277061074,PK°B ALEX LOSANTOS.docx,1MOC8X-_Y4qasldl62hWAvCsIYmtLzPle,7,2591,ALEX YOISUKE LOSANTOS ROJAS,27.706.107-4,,131855591,,,ok
212,mal_asignado,doc_rut=273609598 pertenece a 2787 MATEO EZEQUIEL CORRALES YUBANO (asignado 2563 ISMAEL POMA RIVERA),K°A ISMAEL POMA.docx,1-dKRid9upEPzpaViwNJk2jvLlhVA_-D5,7,2563,ISMAEL POMA RIVERA,100.650.178-4,Mateo Ezequiel Corrales Yubano,273609598,2787,MATEO EZEQUIEL CORRALES YUBANO,ok
213,mal_asignado,doc_rut=242776054 pertenece a 2456 LEON AGUSTIN VASQUEZ ORDOÑEZ (asignado 2679 DJOULIKA DASNEY STINVIL),2°B DJOULIKA STINVIL.docx,1yJPtyzZXFfeSNzN4eQz3ijbMkZMlCNDy,7,2679,DJOULIKA DASNEY STINVIL,100.587.855-8,León Agustín Vásquez Ordoñez,242776054,2456,LEON AGUSTIN VASQUEZ ORDOÑEZ,ok
214,ok,rut coincide,K°C Ananda Olmos B1 informe familia 2026.docx,1Go3_aoZe1V_ivf5rDa1nxtIPzpPRulMg,7,4949,ANANDA JULIETA OLMOS CASTAÑEDA,27.354.775-4,Ananda Julieta Olmos Castañeda,273547754,,,ok
215,mal_asignado,doc_rut=236929698 pertenece a 2184 ANDREA ALEJANDRA PAEZ GIL (asignado 2118 RAYÉN LUCERO HERRERA ESPINOZA),PK°A RAYEN HERRERA.docx,1Y_Nagk6KBxB6b1F4pFP6RT85Vn677AUZ,7,2118,RAYÉN LUCERO HERRERA ESPINOZA,27.746.299-0,Andrea Alejandra Paez Gil,236929698,2184,ANDREA ALEJANDRA PAEZ GIL,ok
216,mal_asignado,doc_rut=259056535 pertenece a 2267 ANGEL ALONSO ORTIZ IBACETA (asignado 2603 YOISSI ALEJANDRA LOSANTOS ROJAS),3°B Yoissi Losantos .docx,1XEYLWwnNNqZ162Y-jY8n4c2ycT6mpoHR,7,2603,YOISSI ALEJANDRA LOSANTOS ROJAS,26.183.524-K,Angel Alonso Ortiz Ibaceta,259056535,2267,ANGEL ALONSO ORTIZ IBACETA,ok
217,mal_asignado,doc_rut=272221936 pertenece a 2664 AMANDA TRINIDAD VALENCIA SEVERINO (asignado 2220 YANIRA  JANCELL FRIZ GUERRERO),5°A Yanira Friz .docx,15mSW7GwOUXYgeIFt6U0-stNIn_YouZ5B,7,2220,YANIRA  JANCELL FRIZ GUERRERO,24.682.364-2,Amanda Trinidad Valencia Severino,272221936,2664,AMANDA TRINIDAD VALENCIA SEVERINO,ok
218,mal_asignado,doc_rut=254212814 pertenece a 2130 CRISTIAN AARÓN FIGUEROA FERNANDEZ (asignado 2716 JULIETA PASCAL IRARRAZABAL VALDERRAMA),PK°A JULIETA IRARRAZABAL.docx,1QFCVqoHot5s_n6BDQQi0PFykqx-XHErc,7,2716,JULIETA PASCAL IRARRAZABAL VALDERRAMA,27.652.096-2,Cristian Aaron Figueroa Fern á ndez,254212814,2130,CRISTIAN AARÓN FIGUEROA FERNANDEZ,ok
219,mal_asignado,doc_rut=269968842 pertenece a 2120 ZYAN MATHEO ELGUETA ESPINOZA (asignado 1825 LUIS DAVID CONTADOR ACEVEDO),1°A LUIS CONTADOR.docx,1UK1OkX60KJC255V4_dU0hxnKho-XvIzm,7,1825,LUIS DAVID CONTADOR ACEVEDO,27.095.762-5,Zyan Matheo Elgueta Espinoza,269968842,2120,ZYAN MATHEO ELGUETA ESPINOZA,ok
220,mal_asignado,doc_rut=274309032 pertenece a 2809 MARIA ESTER SANCHEZ ZURITA (asignado 2724 FABIAN ANDRES LABARCA VALENZUELA),7°A FABIÁN LABARCA.docx,1FD4nuvTQAzF9voh8QLcfdKQp6B-DmXzf,7,2724,FABIAN ANDRES LABARCA VALENZUELA,24.343.681-8,Maria Ester Sánchez Zurita,274309032,2809,MARIA ESTER SANCHEZ ZURITA,ok
221,mal_asignado,doc_rut=239086179 pertenece a 1986 MÁRTIN IGNACIO FLORES CÁRDENAS (asignado 2655 YOANDRI ALBERTO CAMACHO SANTANA),PK°B Yoandri Camacho.docx,1LvNOiyZlcWTY9OaY2rCSbQUMwL4Th5U4,7,2655,YOANDRI ALBERTO CAMACHO SANTANA,100.771.782-9,Martín Ignacio Flores Cárdenas,239086179,1986,MÁRTIN IGNACIO FLORES CÁRDENAS,ok
222,mal_asignado,doc_rut=274914394 pertenece a 2340 SIMON ALONSO SAAVEDRA MAGNA (asignado 1894 NELSON ANDRÉS VERA ARANGUIZ),PK°A NELSON VERA.docx,1Vk30ugSIYicnaw99mPAxBEtRvBQMA-4M,7,1894,NELSON ANDRÉS VERA ARANGUIZ,27.518.123-4,Simón Alonso Saavedra Magna,274914394,2340,SIMON ALONSO SAAVEDRA MAGNA,ok
223,mal_asignado,doc_rut=243897661 pertenece a 2551 AGUSTÍN FEDERICO LAZEN REYES (asignado 2464 ABIGAIEL GUILOTTE ORMEUS),2°A ABIGAIEL GUILOTTE.docx,17ZCNlYJrw851uyhj1L0gT-CQYYdOzrw-,7,2464,ABIGAIEL GUILOTTE ORMEUS,26.456.198-1,Agustín Federico Lazen Reyes,243897661,2551,AGUSTÍN FEDERICO LAZEN REYES,ok
224,mal_asignado,doc_rut=264561981 pertenece a 2464 ABIGAIEL GUILOTTE ORMEUS (asignado 2135 MATEO ALONSO VENEGAS FERREIRA),4°B MATEO VENEGAS.docx,1INGyIp3Oqfv1D7_wthaHIztge_2IXJB5,7,2135,MATEO ALONSO VENEGAS FERREIRA,25.461.309-6,Abigaiel Guilotte Ormeus,264561981,2464,ABIGAIEL GUILOTTE ORMEUS,ok
225,sin_rut_en_doc,ruts=,PK_JULIAN_SANCHEZ.docx,1d4tglnHznDWZ6pAQP3pDTROOsTTN_PnA,27,5017,JULIAN ANDRES AARON SANCHEZ FERRER,27.542.138-3,,,,,ok
226,rut_doc_no_en_pie360,doc_rut=198878200 name_doc='' asignado 5013 ESPERANZA VALENTINA SANTIBAÑEZ FERNANDEZ rut=259298997,ESPERANZA SANTIBAÑEZ.docx,1n6fmz63N933snMOEHx7XaVA4e1UphMi7,27,5013,ESPERANZA VALENTINA SANTIBAÑEZ FERNANDEZ,25.929.899-7,,198878200,,,ok
227,sin_rut_en_doc,ruts=,PK_IGNACIA_BARRAZA.docx,17rNrY4JwPtct9k9AJLKebtY7HnRuidkx,27,4879,IGNACIA  GUADALUPE BARRAZA BARRAZA,27.721.978-6,,,,,ok
228,rut_doc_no_en_pie360,doc_rut=198878200 name_doc='' asignado 2267 ANGEL ALONSO ORTIZ IBACETA rut=259056535,ANGEL_ORTIZ.docx,1Gu81KZ41g8xsFPZvU2DrxrrdTDm1d1Ta,27,2267,ANGEL ALONSO ORTIZ IBACETA,25.905.653-5,,198878200,,,ok
229,sin_rut_en_doc,ruts=,PK_LIAM_LOPEZ.docx,1pHrdEsvaOFMPyEqJfkLutYRD7f7q6BQn,27,5371,LIAM TADEO LOPEZ TAPIA,27.749.292-K,,,,,ok
230,sin_rut_en_doc,ruts=,PK_OSCAR_FERNANDEZ.docx,1FfLM9cTIufUEujJUwl_c0vKEEqwwwdVc,27,5100,OSCAR GABRIEL FERNANDEZ HERRERA,27.540.581-7,,,,,ok
231,sin_rut_en_doc,ruts=,PK_JAVIER_OCARES.docx,1vQC9PnRtuInT0Y0JD7RGW6M2QIV3ynNr,27,4892,JAVIER ALEXANDRO OCARES BELTRAN,27.512.918-6,,,,,ok
232,rut_doc_no_en_pie360,doc_rut=198878200 name_doc='' asignado 2439 FACUNDO MANUEL VALENCIA OJEDA rut=272455317,FACUNDO_VALENCIA.docx,1WGO8BNOBFQ6xOcpR89KJ7sP-qNLMfi0R,27,2439,FACUNDO MANUEL VALENCIA OJEDA,27.245.531-7,,198878200,,,ok
233,rut_doc_no_en_pie360,doc_rut=198878200 name_doc='' asignado 5325 VICENTE ANANDA OLIVA RODRIGUEZ rut=27747056K,PK_VICENTE_OLIVA.docx,10gPU0YqxpUi1YLbqq__M9R5KwT58VCSf,27,5325,VICENTE ANANDA OLIVA RODRIGUEZ,27.747.056-K,,198878200,,,ok
234,sin_rut_en_doc,ruts=,PK_AUGUSTO_SILVA.docx,16ws9l_7Q9YaXXpkrvOxDgXoPsKh_BlCX,27,5109,AUGUSTO NICOLAS ANDRES SILVA JARA,27.595.853-0,,,,,ok
235,rut_doc_no_en_pie360,doc_rut=198878200 name_doc='' asignado 2655 YOANDRI ALBERTO CAMACHO SANTANA rut=1007717829,YOANDRI_CAMACHO.docx,1mmwJT8H_es2BcCnUHBbA0ghxJIzNXpd8,27,2655,YOANDRI ALBERTO CAMACHO SANTANA,100.771.782-9,,198878200,,,ok
236,rut_doc_no_en_pie360,doc_rut=198878200 name_doc='' asignado 2070 GAEL ALONSO GONZALEZ CORTES rut=26021151K,GAEL_GONZALEZ.docx,1cje3B2liw6VpbUg635iLBGbAIqwBoPkb,27,2070,GAEL ALONSO GONZALEZ CORTES,26.021.151-K,,198878200,,,ok
237,rut_doc_no_en_pie360,doc_rut=198878200 name_doc='' asignado 2679 DJOULIKA DASNEY STINVIL rut=1005878558,DJOULIKA_DASNEY.docx,1BO22sc1suzOvB6j6tfWjwPuVq-UgjfFU,27,2679,DJOULIKA DASNEY STINVIL,100.587.855-8,,198878200,,,ok
238,rut_doc_no_en_pie360,doc_rut=198878200 name_doc='' asignado 2154 ORLANDO ANDRÉS HUERTA FLORES rut=276821679,ORLANDO_HUERTA.docx,1IddYkT1sjEc2o2mcW-Xf7M7-4j6KrthS,27,2154,ORLANDO ANDRÉS HUERTA FLORES,27.682.167-9,,198878200,,,ok
239,rut_doc_no_en_pie360,doc_rut=198878200 name_doc='' asignado 2808 ANDRÉS SANCHEZ ZURITA rut=270923119,ANDRES_SANCHEZ.docx,1ITzqKa1AOuvIOzvUnbWovAEnqHf6fk4z,27,2808,ANDRÉS SANCHEZ ZURITA,27.092.311-9,,198878200,,,ok
240,rut_doc_no_en_pie360,doc_rut=198878200 name_doc='' asignado 2664 AMANDA TRINIDAD VALENCIA SEVERINO rut=272221936,AMANDA_VALENCIA.docx,1tUPD0FAR7RcPeVuEGEc_fOiQMoh5-pMr,27,2664,AMANDA TRINIDAD VALENCIA SEVERINO,27.222.193-6,,198878200,,,ok
241,rut_doc_no_en_pie360,doc_rut=198878200 name_doc='' asignado 2250 AGUSTIN  OSVALDO MENA HERRERA rut=276219642,AGUSTÍN_MENA.docx,1AY2Jw2o3OBCR9fhyOqCVU5nmnks_oMs4,27,2250,AGUSTIN  OSVALDO MENA HERRERA,27.621.964-2,,198878200,,,ok
242,rut_doc_no_en_pie360,doc_rut=198878200 name_doc='' asignado 1894 NELSON ANDRÉS VERA ARANGUIZ rut=275181234,NELSON_VERA.docx,1vy3mVHMEfztlM2Pa-nidzwc2HDq4Ahwn,27,1894,NELSON ANDRÉS VERA ARANGUIZ,27.518.123-4,,198878200,,,ok
243,rut_doc_no_en_pie360,doc_rut=198878200 name_doc='' asignado 2135 MATEO ALONSO VENEGAS FERREIRA rut=254613096,MATEO_VENEGAS.docx,1BdzCcEkGXcZ1wcJHs-lyKyvtc_pK-NcW,27,2135,MATEO ALONSO VENEGAS FERREIRA,25.461.309-6,,198878200,,,ok
244,rut_doc_no_en_pie360,doc_rut=198878200 name_doc='' asignado 2531 MATEO BENJAMÍN ARENAS PRADO rut=253514744,MATEO_ARENAS.docx,1wroBzi2qH_h1atiPMAlzpXWJo7nW8f0_,27,2531,MATEO BENJAMÍN ARENAS PRADO,25.351.474-4,,198878200,,,ok
245,rut_doc_no_en_pie360,doc_rut=198878200 name_doc='' asignado 2340 SIMON ALONSO SAAVEDRA MAGNA rut=274914394,SIMON_SAAVEDRA.docx,1CCZ1uNfErsZrUYEGRT_LT2nyKCqypdCy,27,2340,SIMON ALONSO SAAVEDRA MAGNA,27.491.439-4,,198878200,,,ok
246,rut_doc_no_en_pie360,doc_rut=198878200 name_doc='' asignado 2464 ABIGAIEL GUILOTTE ORMEUS rut=264561981,ABIGAIEL_GUILOTTE.docx,197GuS98byJbQD7Um3CXQQZ27C8uVtyLX,27,2464,ABIGAIEL GUILOTTE ORMEUS,26.456.198-1,,198878200,,,ok
247,rut_doc_no_en_pie360,doc_rut=198878200 name_doc='' asignado 2716 JULIETA PASCAL IRARRAZABAL VALDERRAMA rut=276520962,JULIETA_IRARRAZABAL.docx,1bE07hqY_Dpg4aqfdbEG-rivhEGHWFXWi,27,2716,JULIETA PASCAL IRARRAZABAL VALDERRAMA,27.652.096-2,,198878200,,,ok
248,ok,rut coincide,4° B ROSARIO GUAJARDO.docx,1TP4iC8db1Tdd5xDnKONSeFGX1H_HQom2,7,1531,ROSARIO ANTONELLA GUAJARDO PÉREZ,22.944.876-5,Rosario Antonella Guajardo Pérez,229448765,,,ok
249,ok,rut coincide,1° B JOSEFA CORTÉS.docx,1BpksxH-cLtUvlyeBbFUoDKAy806itg6j,7,1189,JOSEFA ESTELA CORTES FERNANDEZ,23.675.972-5,Josefa Estela Cortés Fernández,236759725,,,ok
250,ok,rut coincide,InformeFamilia_2F-Benjamín Cortés.docx,16h0O3pxVQt3bqQMMiuRtVt0k32EZaYyS,7,4220,BENJAMIN  IGNACIO CORTES OTAROLA,23.159.219-9,Benjamín Ignacio Cortes Otárola,231592199,,,ok
251,ok,rut coincide,InformeFamilia_3C-Sebastian Muñoz.docx,1llkyEsc0cM-4Rb1HG2sE5kt4MPt8aFB0,7,4695,SEBASTIAN  PATRICIO MUÑOZ URIBE,22.427.043-7,Sebastian Patricio Muñoz Uribe,224270437,,,ok
252,ok,rut coincide,InformeFamilia_2J-Ignacio Maldonado.docx,1mFvTbkI2C0kBfNpE9eH7n86JHviJ7aMm,7,4054,IGNACIO  TOMAS MALDONADO MUÑOZ,23.034.433-7,Ignacio Tomás Maldonado Muñoz,230344337,,,ok
253,ok,rut coincide,InformeFamilia_1F-Benjamin Gonzalez.docx,1eW7aIaclbj4xabgO7sv0TLb1i9MVU2jH,7,4697,BENJAMIN IGNACIO GONZALEZ URTUBIA,23.672.137-K,Benjamin Ignacio Gonzalez Urtubia,23672137K,,,ok
254,ok,rut coincide,InformeFamilia_4A-José Miguel.docx,1hi8OCSEcqKFy0DJ_H5xICWLNl9ixOaU4,7,4741,JOSE MIGUEL ARAYA VERA,23.001.604-6,José Miguel Araya Vera,230016046,,,ok
255,ok,rut coincide,InformeFamilia_2H-Sebastián Cortés.docx,1gYWBUv-bBvEhuSqbdvrU1wc6PkO9paBp,7,3519,SEBASTIAN EDUARDO CORTES GRAU,23.558.076-4,Sebastián Eduardo Cortés Grau,235580764,,,ok
256,ok,rut coincide,PK°B Valentina Muñoz B2 - Informe a la familia.docx,1FpzEhoSuso39C2EbWHmbfF8M6HNmo8Vu,7,3482,VALENTINA LUCIA MUÑOZ CELEDON,27.738.068-4,Valentina Lucia Muñoz Celedón,277380684,,,ok
257,ok,rut coincide,4°A Isabella Villarroel B2 - Informe a la familia.docx,1wIE5OgF2_BYaX142gsFKP0aypH03150T,7,4135,ISABELLA PASCALE VILLARROEL PUEBLA,25.539.755-9,Isabella Pascal Villarroel Puebla,255397559,,,ok
258,ok,rut coincide,K°A Alonso Muñoz B1 informe familia 2026.docx,1vVr2f6_7tYLskpQdVHW_NBmjtvfkWIbI,7,5186,ALONSO ANDRE MUÑOZ MILLALONCO,27.355.793-8,Alonso Andre Muñoz Millalonco,273557938,,,ok
259,ok,rut coincide,7°A Diego González B1 informe familia 2026.docx,1VYFZ0KIs7qJIUEI7ST6ICbhg1QTBlyau,7,4849,DIEGO ALONSO GONZÁLEZ ARÁNGUIZ,24.334.740-8,Diego Alonso González Aránguiz,243347408,,,ok
260,ok,rut coincide,2°A Antonella Lagos B1 informe familia 2026.docx,1UBDZDZcFeKX19Fd18Tvs8ayZ66SaBlJY,7,4916,ANTONELLA FERNANDA LAGOS CABRERA,26.349.964-6,Antonella Fernanda Lagos Cabrera,263499646,,,ok
261,ok,rut coincide,6°C Ignacia Muñoz B1 informe familia 2026.docx,1h2pOphKa-FEHfQQagDirZptGmxUybyvu,7,4906,IGNACIA CAROLINA MUÑOZ BRAVO,24.623.733-6,Ignacia Carolina Muñoz Arancibia,246237336,,,ok
262,ok,rut coincide,PK°B Ethan Montenegro .docx,1O4ZO3ZKEAiEQZKahV4m_6YXoCFHRKs9M,7,2125,SIMÓN PEDRO MANCILLA FARIAS,25.426.710-4,Simón Pedro Mancilla Farias,254267104,,,ok
