n,verdict,message,archivo_drive,nombre_extraido,drive_file_id,document_id,school_id,doc_name,doc_rut_norm,pie_student_id,pie_name,pie_school_id
1,existe_por_rut,match 3705 DANTE PAOLO AREJULA JERIA school=3 name_ok=True,InformeFamilia_1I-Dante Urejula.docx,Dante Urejula,1tM84SJ6IVwhL7EfWaFgyiKBdYqIe8IqK,7,3,Dante Paolo Urejula Jaria,232999500,3705,DANTE PAOLO AREJULA JERIA,3
2,existe_por_rut,match 3822 MANUELA QUINTANA LOPEZ school=3 name_ok=True,InformeFamilia_3F-Nicolás Quintana.docx,Nicolás Quintana,1D0yP1ZfCJ6w8eG82vzPGGE1gGxxtBO8m,7,3,Manuela Quintana Lopez,264581451,3822,MANUELA QUINTANA LOPEZ,3
3,rut_no_en_pie360,doc_rut=232925540 doc_name='Anakamila Veronica Espinola Riquelme' archivo='Maximiliano Espinola',InformeFamilia_2C-Maximiliano Espinola.docx,Maximiliano Espinola,1IpaO4QfNLEedtvSbKVnCw14B4vW6z1O1,7,3,Anakamila Veronica Espinola Riquelme,232925540,,,
4,existe_por_rut,match 4557 CRISTOPHER ALEJANDRO CALFIN SAAVEDRA school=3 name_ok=True,InformeFamilia_1E-Cristofher Calfin.docx,Cristofher Calfin,1P-osSWFgjDax4P5o5T0t_cZSpmseT-VH,7,3,Cristofher Alejandro Calfin Saavedra,238317649,4557,CRISTOPHER ALEJANDRO CALFIN SAAVEDRA,3
5,existe_por_rut,match 1884 IGNACIA NOEMÍ VERGARA ARANCIBIA school=4 name_ok=True,6°C MARIA JOSE RIOS.docx,6°C MARIA JOSE RIOS,15KkBF0xTYcgPkjEBdG2bwuVMwZwTCUtX,7,4,Ignacia Noemí Vergara Arancibia,242779797,1884,IGNACIA NOEMÍ VERGARA ARANCIBIA,4
6,existe_por_rut,match 2189 ALONSO ZACARIAS MONDACA GOMEZ school=4 name_ok=True,2°C DAFNIKA SAINT.docx,2°C DAFNIKA SAINT,11GlioUxZ1jIzr4rYw6XVEnuyCl0-NySw,7,4,Alonso Zacarias Mondaca Gómez,242469216,2189,ALONSO ZACARIAS MONDACA GOMEZ,4
7,existe_por_rut,match 2215 IGNACIA ANAHÍ OLIVARES GUERRA school=4 name_ok=True,4°C LIZ GODOY.docx,4°C LIZ GODOY,1jxSGHlVqciRTgC4JW2ilg1LFEIFnmzJr,7,4,Ignacia Anahí Olivares Guerra,242159268,2215,IGNACIA ANAHÍ OLIVARES GUERRA,4
8,rut_no_en_pie360,doc_rut=160773979 doc_name='' archivo='6°C Ashlyn Santos BSF',6°C Ashlyn Santos BSF.docx,6°C Ashlyn Santos BSF,1xqyk0nWUY_c-lRSL5gj5_te2W3OoFcPC,7,4,,160773979,,,
9,existe_por_rut,match 2070 GAEL ALONSO GONZALEZ CORTES school=4 name_ok=True,4°C CRISTIAN FIGUEROA.docx,4°C CRISTIAN FIGUEROA,1wX8TbMxOZfa-zRt_pRA0Y94M-eE5n-xi,7,4,Gael Alonso González Cortés,26021151K,2070,GAEL ALONSO GONZALEZ CORTES,4
10,existe_por_rut,match 1846 ETHAN FRANCISCO MONTENEGRO AHUMADA school=4 name_ok=True,6D Sebastian Munoz BSF.docx,6D Sebastian Munoz BSF,1a09pbjQobr76H8_C2g_CU-CyUL1jddyC,7,4,Ethan Francisco Montenegro Ahumada,276240137,1846,ETHAN FRANCISCO MONTENEGRO AHUMADA,4
11,existe_por_rut,match 2257 SEBASTIAN IGNACIO CASTILLO HERRERA school=4 name_ok=True,8°D NELSON GALDAMEZ.docx,8°D NELSON GALDAMEZ,1NuzCRRc7n09PGDnnKNBeYwUbzh8L_Xjk,7,4,Sebastián Ignacio Castillo Herrera,252736026,2257,SEBASTIAN IGNACIO CASTILLO HERRERA,4
12,existe_por_rut,match 2478 ISABELLA AINARA ROMERO PAEZ school=4 name_ok=True,1°C FACUNDO VALENCIA.docx,1°C FACUNDO VALENCIA,1GCN0rovnykQp0ljQ_Y2eUlivNYBAjZcD,7,4,Isabella Ainara Romero Páez,262491323,2478,ISABELLA AINARA ROMERO PAEZ,4
13,existe_por_rut,match 2796 RAFAELA  ANTONIA LAZO ZAMORA school=4 name_ok=True,7°A Deivis Rosas BSF.docx,7°A Deivis Rosas BSF,14Rh-Qutw4V_vhGy71_c_Ns0h0kT4j6rH,7,4,Rafaela Antonia Lazo Zamora,248341238,2796,RAFAELA  ANTONIA LAZO ZAMORA,4
14,existe_por_rut,match 2030 IHAN ANDRES ARANCIBIA CHAZAL school=4 name_ok=True,6°A Ignacia Olivares BSF.docx,6°A Ignacia Olivares BSF,1O6Cj2JUR8eqrulXv_HbvCg_70MYPFnBL,7,4,Ihan Andrés Arancibia Chazal,26552284K,2030,IHAN ANDRES ARANCIBIA CHAZAL,4
15,existe_por_rut,match 2476 CRISTOFER MAURICIO ROMERO PAEZ school=4 name_ok=True,1°C Zyan Elgueta .docx,1°C Zyan Elgueta,1Mgr2uQuCqZvBF47JIV8IVCEE4Xf3atua,7,4,Cristofer Mauricio Romero Páez,262490890,2476,CRISTOFER MAURICIO ROMERO PAEZ,4
16,existe_por_rut,match 1885 JAÍR ELIEZER FERNÁNDEZ ARANCIBIA school=4 name_ok=True,3°C Sofia González .docx,3°C Sofia González,1JH5MPQMdOG4-kiYiYU6gXKSE1iyh0EQ-,7,4,Jaír Eliezer Fernández Arancibia,240370840,1885,JAÍR ELIEZER FERNÁNDEZ ARANCIBIA,4
17,existe_por_rut,match 2118 RAYÉN LUCERO HERRERA ESPINOZA school=4 name_ok=True,1°C IHAN ARANCIBIA.docx,1°C IHAN ARANCIBIA,1t6ooo0NFndTAveodaopB7SnzA7k7fOAg,7,4,Rayén Lucero Herrera Espinoza,277462990,2118,RAYÉN LUCERO HERRERA ESPINOZA,4
18,rut_no_en_pie360,doc_rut=190906515 doc_name='' archivo='4°C DAZLYN SANDOVAL',4°C DAZLYN SANDOVAL.docx,4°C DAZLYN SANDOVAL,1bW1eVM-oRlRgRrCWxNIpB8d_6ZxaKw8x,7,4,,190906515,,,
19,existe_por_rut,match 1851 DAFNIKA SAINT FORT ALBERT school=4 name_ok=True,4°C Simón Mancilla BSF.docx,4°C Simón Mancilla BSF,199-cLngoAC8bkqJTmZ-4pOyLHiNbiCm8,7,4,Dafnika Saint-fort Albert,263832744,1851,DAFNIKA SAINT FORT ALBERT,4
20,existe_por_rut,match 1867 BENJAMÍN STEVEN CAMPOS ALTAMIRANO school=4 name_ok=True,5°C CATALINA ARAVENA.docx,5°C CATALINA ARAVENA,1q5vGmvVTUQjYiMVSO8aFJgQu_U_3N9zO,7,4,Benjamin Steven Campos Altamirano,276416944,1867,BENJAMÍN STEVEN CAMPOS ALTAMIRANO,4
21,existe_por_rut,match 2128 ALAN MELLA FERNANDEZ school=4 name_ok=True,8°D ALEX MUNOZ .docx,8°D ALEX MUNOZ,1K4pjLRNHARuxmOhgQogkv9nGEGTZVasK,7,4,Alan Mella Fernández,241428648,2128,ALAN MELLA FERNANDEZ,4
22,existe_por_rut,match 2116 MARCO IGNACIO DÍAZ ESPINOZA school=4 name_ok=True,1°C Agustina Carvacho.docx,1°C Agustina Carvacho,1TWUv-beBNT80l4m09NOoXTDlfEncFsHM,7,4,Marco Ignacio Díaz Espinoza,271692137,2116,MARCO IGNACIO DÍAZ ESPINOZA,4
23,existe_por_rut,match 2200 IGNACIO AGUSTIN MOLINA GONZALEZ school=4 name_ok=True,2°C AGUSTINA REYES.docx,2°C AGUSTINA REYES,1VVC4QgwPM26QrJndQ9AVXj1k199b1GcO,7,4,Ignacio Agustín Molina González,243677955,2200,IGNACIO AGUSTIN MOLINA GONZALEZ,4
24,existe_por_rut,match 2132 PABLO ANTONIO MORAGA FERNANDEZ school=4 name_ok=True,6°C  Rafaela Lazo .docx,6°C  Rafaela Lazo,1yp3t85cwNopfeuX_3Vq4fvoI2984E0l0,7,4,Pablo Antonio Moraga Fernández,255302949,2132,PABLO ANTONIO MORAGA FERNANDEZ,4
25,existe_por_rut,match 2232 SURI SULAIS PARIONA GUTIERREZ school=4 name_ok=True,8°D MAXIMO TOLEDO.docx,8°D MAXIMO TOLEDO,1S2j-JASGjY8EOsVRzRgL7zqsvyxnGRDC,7,4,Suri Sulais Pariona Gutiérrez,246356890,2232,SURI SULAIS PARIONA GUTIERREZ,4
26,existe_por_rut,match 2731 MARIA JOSE RIOS VARGAS school=4 name_ok=True,3°C FERNANDA ALVARADO .docx,3°C FERNANDA ALVARADO,1x_pcj182Zamm932mmPnrd6I8ZrYt-t9U,7,4,María José Ríos Vargas,244908586,2731,MARIA JOSE RIOS VARGAS,4
27,existe_por_rut,match 2425 YECHEZKEL  ZURISHADDAI VEDRINE NERETTE school=4 name_ok=True,7°C ALEXIS SOLIS.docx,7°C ALEXIS SOLIS,1_rXMaXelNzPdzUpcyuGAm9XT6qikx7SU,7,4,Yechezkel Zurishaddai Vendrine Nerette,275575763,2425,YECHEZKEL  ZURISHADDAI VEDRINE NERETTE,4
28,existe_por_rut,match 2603 YOISSI ALEJANDRA LOSANTOS ROJAS school=4 name_ok=True,1°C AMANDA VALENCIA.docx,1°C AMANDA VALENCIA,1guBAgbuy91AiLiaaMlsyyt7OBEtX3JbU,7,4,Yoissi Alejandra Losantos Rojas,26183524K,2603,YOISSI ALEJANDRA LOSANTOS ROJAS,4
29,existe_por_rut,match 2443 ADIEL NICOLAS GONZALEZ OLIVARES school=4 name_ok=True,7D Alan Mella BSF.docx,7D Alan Mella BSF,1rtpn2v2S-OhAhNoG-AdIv5hMr_vUle6M,7,4,Adiel Nicolás González Olivares,252844635,2443,ADIEL NICOLAS GONZALEZ OLIVARES,4
30,existe_por_rut,match 2266 AGUSTINA BELÉN REYES IBACETA school=4 name_ok=True,4°C MATEO ARENAS.docx,4°C MATEO ARENAS,149GpwghWC4mPnT1SHuZnUeTrfNCyrNm2,7,4,Agustina Belén Reyes Ibaceta,265209920,2266,AGUSTINA BELÉN REYES IBACETA,4
31,existe_por_rut,match 2716 JULIETA PASCAL IRARRAZABAL VALDERRAMA school=4 name_ok=True,5D Adiel Gonzalez BSF.docx,5D Adiel Gonzalez BSF,1tPV2Eojjko8Yp27MdxQOdn0mYAjxGDUZ,7,4,Julieta Pascal Irarrazabal Valderrama,276520962,2716,JULIETA PASCAL IRARRAZABAL VALDERRAMA,4
32,existe_por_rut,match 2135 MATEO ALONSO VENEGAS FERREIRA school=4 name_ok=True,8°C Arantxa Páez BSF.docx,8°C Arantxa Páez BSF,1hgn_n_uEAMc750B9Lv9zhUae37q63DoW,7,4,Mateo Alonso Venegas Ferreira,254613096,2135,MATEO ALONSO VENEGAS FERREIRA,4
33,existe_por_rut,match 2442 Arantxa Daniela Páez Olguin school=4 name_ok=True,PK°B MARIAJESUS AGUILERA.docx,PK°B MARIAJESUS AGUILERA,1HKsYwvI5M3aOSZPgIGDCrbIjfvQfnoGk,7,4,Arantxa Daniela Páez Olguín,239938833,2442,Arantxa Daniela Páez Olguin,4
34,existe_por_rut,match 2250 AGUSTIN  OSVALDO MENA HERRERA school=4 name_ok=True,5°D AMPARO INSAMI.docx,5°D AMPARO INSAMI,1oE4Rjx0WFs0gYOKM-oK_89oJEwf8iYUE,7,4,Agustín Osvaldo Mena Herrera,276219642,2250,AGUSTIN  OSVALDO MENA HERRERA,4
35,existe_por_rut,match 1825 LUIS DAVID CONTADOR ACEVEDO school=4 name_ok=True,7°B Agustín Lazen BSF.docx,7°B Agustín Lazen BSF,12nYxyZWLturfLHLZgIQOJG4f8jyfWo4w,7,4,Luis David Contador Acevedo,270957625,1825,LUIS DAVID CONTADOR ACEVEDO,4
36,existe_por_rut,match 2621 AGUSTINA ESTER TRINIDAD CARVACHO SAAVEDRA school=4 name_ok=True,1°C ANDRES SANCHEZ.docx,1°C ANDRES SANCHEZ,121IkxfvO4xnL2bnaVb_BzHY3hOIJ250k,7,4,Agustina Ester Trinidad Carvacho Saavedra,268568646,2621,AGUSTINA ESTER TRINIDAD CARVACHO SAAVEDRA,4
37,rut_no_en_pie360,doc_rut=184694727 doc_name='' archivo='7°A-ANTONELHA PICHUN- TDA',7°A-ANTONELHA PICHUN- TDA.docx,7°A-ANTONELHA PICHUN- TDA,16HXhq5WwJ8vD8cUhBzYJrgcUHEx8hwsd,27,2,,184694727,,,
38,rut_no_en_pie360,doc_rut=184694727 doc_name='' archivo='6°B-  KIARA ALBORNOZ- TDA',6°B-  KIARA ALBORNOZ- TDA.docx,6°B-  KIARA ALBORNOZ- TDA,10305hWIy8VqnMiD4DBSNA1PL77HmaGdf,27,2,,184694727,,,
39,rut_no_en_pie360,doc_rut=184694727 doc_name='' archivo='5°A-ALONSO VILLALOBOS - TDA',5°A-ALONSO VILLALOBOS - TDA.docx,5°A-ALONSO VILLALOBOS - TDA,1ITjmJshdZWC20yx4595GybTUtI6_jfSc,27,2,,184694727,,,
40,rut_no_en_pie360,doc_rut=184694727 doc_name='' archivo='7°A-JOAQUIN HERNANDEZ - TDA',7°A-JOAQUIN HERNANDEZ - TDA.docx,7°A-JOAQUIN HERNANDEZ - TDA,1LZCqForB_1W_ni3sKcjQ-N3MsmqlfDVr,27,2,,184694727,,,
41,rut_no_en_pie360,doc_rut=133628878 doc_name='' archivo='6°A-LUIS CHAVARRIA- TDA',6°A-LUIS CHAVARRIA- TDA.docx,6°A-LUIS CHAVARRIA- TDA,1Obmf_XFwpwq3WaREnDGZPBT-DlqBRlBr,27,2,,133628878,,,
42,rut_no_en_pie360,doc_rut=133628878 doc_name='' archivo='3°A-EITHAN SALINAS- TL',3°A-EITHAN SALINAS- TL.docx,3°A-EITHAN SALINAS- TL,1MDcHbfnbpEQ-f5AEpMGrfzS7l7K04B4T,27,2,,133628878,,,
43,rut_no_en_pie360,doc_rut=184694727 doc_name='' archivo='4°B-JOEL PARRA- TDA',4°B-JOEL PARRA- TDA.docx,4°B-JOEL PARRA- TDA,1SUS23DA_zzIQc29pIMdrlmwNYTZA9D8P,27,2,,184694727,,,
44,rut_no_en_pie360,doc_rut=133628878 doc_name='' archivo='2°B- GONZALO FIGUEROA- TL',2°B- GONZALO FIGUEROA- TL.docx,2°B- GONZALO FIGUEROA- TL,11zGvyeUTFUH3zRhDqHtHjH4TRPPd-4yf,27,2,,133628878,,,
45,rut_no_en_pie360,doc_rut=133628878 doc_name='' archivo='7°B- JAVIERA DIAZ- DIL',7°B- JAVIERA DIAZ- DIL.docx,7°B- JAVIERA DIAZ- DIL,1ju3etbZPX-4k2If1xRvmQK9S5kP0yZiS,27,2,,133628878,,,
46,rut_no_en_pie360,doc_rut=133628878 doc_name='' archivo='3°B-GIOVANNI NAVEA-   TL',3°B-GIOVANNI NAVEA-   TL.docx,3°B-GIOVANNI NAVEA-   TL,1O8VLgasM4vhQlGYENgRQw5Mn8-1LCKdN,27,2,,133628878,,,
47,rut_no_en_pie360,doc_rut=133628878 doc_name='' archivo='PRE KINDER B- SOFIA HERNANDEZ - TEA',PRE KINDER B- SOFIA HERNANDEZ - TEA.docx,PRE KINDER B- SOFIA HERNANDEZ - TEA,1qa86F2A_1ly1QYNFwKYCzhajGtKt7vW1,27,2,,133628878,,,
48,rut_no_en_pie360,doc_rut=133628878 doc_name='' archivo='PRE KINDER B- MARTIN QUIROZ- TEA',PRE KINDER B- MARTIN QUIROZ- TEA.docx,PRE KINDER B- MARTIN QUIROZ- TEA,1Xb3mQAQM5d_t77JEBMPj93ljivoVEQD_,27,2,,133628878,,,
49,rut_no_en_pie360,doc_rut=133628878 doc_name='' archivo='PRE KINDER A- SEBASTIAN CORO- TEL',PRE KINDER A- SEBASTIAN CORO- TEL.docx,PRE KINDER A- SEBASTIAN CORO- TEL,11Rum6SCaI4sA_n35dnF9Rdm1_MOr7YQZ,27,2,,133628878,,,
50,rut_no_en_pie360,doc_rut=133628878 doc_name='' archivo='PRE KINDER A- AMANDA TAPIA - TEL',PRE KINDER A- AMANDA TAPIA - TEL.docx,PRE KINDER A- AMANDA TAPIA - TEL,1-qiXv1ufFnmySlO3ULma1YgnKsoe5RWe,27,2,,133628878,,,
51,rut_no_en_pie360,doc_rut=133628878 doc_name='' archivo='KINDER B - DANTE ROJAS - TEA',KINDER B - DANTE ROJAS - TEA.docx,KINDER B - DANTE ROJAS - TEA,1y-O5EWNXHYTRFqo11h5_G6Vq9R2BeXzS,27,2,,133628878,,,
52,rut_no_en_pie360,doc_rut=133628878 doc_name='' archivo='PRE KINDER B- AMANDA COSSIO - TEL',PRE KINDER B- AMANDA COSSIO - TEL.docx,PRE KINDER B- AMANDA COSSIO - TEL,1IpDRb0Dit2Cc4UTgfrV6yg9za8-UmURm,27,2,,133628878,,,
53,rut_no_en_pie360,doc_rut=133628878 doc_name='' archivo='2°A- IVAN CERDA- CEA',2°A- IVAN CERDA- CEA.docx,2°A- IVAN CERDA- CEA,1Ya9tpD5pO-9QjrhjN2iprciddDODDSqf,27,2,,133628878,,,
54,rut_no_en_pie360,doc_rut=133628878 doc_name='' archivo='PRE KINDER A-ALAN CHAVARRIA - TEL',PRE KINDER A-ALAN CHAVARRIA - TEL.docx,PRE KINDER A-ALAN CHAVARRIA - TEL,1feaXX1GGz6iDIWuyVOMmR-2SzVINXsIM,27,2,,133628878,,,
55,rut_no_en_pie360,doc_rut=133628878 doc_name='' archivo='1°A- MATEO PINTO- CEA',1°A- MATEO PINTO- CEA.docx,1°A- MATEO PINTO- CEA,1lnQJbtM_FVcJVQxVpRR6QAoUVqUYz2ng,27,2,,133628878,,,
56,rut_no_en_pie360,doc_rut=133628878 doc_name='' archivo='4°A-ISABELLA VILLARROEL- CEA',4°A-ISABELLA VILLARROEL- CEA.docx,4°A-ISABELLA VILLARROEL- CEA,1aCx1Hso62HanhCRqJL7kr-HoswqBtp5Z,27,2,,133628878,,,
57,rut_no_en_pie360,doc_rut=133628878 doc_name='' archivo='6°A-SIMON LADRON DE GUEVARA- CEA',6°A-SIMON LADRON DE GUEVARA- CEA.docx,6°A-SIMON LADRON DE GUEVARA- CEA,1DaKWxWRkTLnnH5mx1L3COuR_TzkJCLcN,27,2,,133628878,,,
58,rut_no_en_pie360,doc_rut=133628878 doc_name='' archivo='3°A-NAHUM WRIGTH -CEA',3°A-NAHUM WRIGTH -CEA.docx,3°A-NAHUM WRIGTH -CEA,1teZVyOnA8HW_rJR1tnX8aagZOhjQ5upg,27,2,,133628878,,,
59,rut_no_en_pie360,doc_rut=133628878 doc_name='' archivo='PRE KINDER A- ROLANDO ANJARI- TEA',PRE KINDER A- ROLANDO ANJARI- TEA.docx,PRE KINDER A- ROLANDO ANJARI- TEA,15b-fJ3yrqxq1jsKxJDQCzUxwR7gFNkRT,27,2,,133628878,,,
60,rut_no_en_pie360,doc_rut=133628878 doc_name='' archivo='6°B-  JOSE FIGUEROA -CEA',6°B-  JOSE FIGUEROA -CEA.docx,6°B-  JOSE FIGUEROA -CEA,1zF3CFHl8YNCXn-_Irjm2AzD2dR7j97o2,27,2,,133628878,,,
61,rut_no_en_pie360,doc_rut=133628878 doc_name='' archivo='PRE KINDER A- MASSIEL DEBIASSI- TEL',PRE KINDER A- MASSIEL DEBIASSI- TEL.docx,PRE KINDER A- MASSIEL DEBIASSI- TEL,1ZWLVVZU5BVkJwtVacqw0yKxNads6T_8i,27,2,,133628878,,,
62,rut_no_en_pie360,doc_rut=133628878 doc_name='' archivo='PRE KINDER A- LUCIA JAQUE- TEL',PRE KINDER A- LUCIA JAQUE- TEL.docx,PRE KINDER A- LUCIA JAQUE- TEL,1ToHe6rWNjlPiOjFMcf62nJf2CgYi8vYy,27,2,,133628878,,,
63,rut_no_en_pie360,doc_rut=133628878 doc_name='' archivo='KINDER A- ALICIA AYALA- TEL',KINDER A- ALICIA AYALA- TEL.docx,KINDER A- ALICIA AYALA- TEL,1F884_8YFMimqpWmhBRLx3TXNLoNiXK-h,27,2,,133628878,,,
64,rut_no_en_pie360,doc_rut=133628878 doc_name='' archivo='3°B-BELEN GONZALEZ - DIL',3°B-BELEN GONZALEZ - DIL.docx,3°B-BELEN GONZALEZ - DIL,1FBATQy5MFCZXTihsItyHkAemaUXq0MVt,27,2,,133628878,,,
65,rut_no_en_pie360,doc_rut=84694727 doc_name='' archivo='6°A-VICENTE SILVA - TDA',6°A-VICENTE SILVA - TDA.docx,6°A-VICENTE SILVA - TDA,18kehfAcQKz_5tJhmFMpbVITCamqw12DM,27,2,,84694727,,,
66,rut_no_en_pie360,doc_rut=133628878 doc_name='' archivo='PRE KINDER B- SEBASTIAN SAAVEDRA - TEL',PRE KINDER B- SEBASTIAN SAAVEDRA - TEL.docx,PRE KINDER B- SEBASTIAN SAAVEDRA - TEL,1l_LPzWh5oUYiEZVtCTFwLiMV1yEi8q_l,27,2,,133628878,,,
67,rut_no_en_pie360,doc_rut=133628878 doc_name='' archivo='6°B-  LUCAS CONTRERAS -CEA',6°B-  LUCAS CONTRERAS -CEA.docx,6°B-  LUCAS CONTRERAS -CEA,1NtdloxgmI_aRnXYIeVeoMaK1eYjV2ylX,27,2,,133628878,,,
68,rut_no_en_pie360,doc_rut=133628878 doc_name='' archivo='PRE KINDER B- ALEX MADRIAGA- TEA',PRE KINDER B- ALEX MADRIAGA- TEA.docx,PRE KINDER B- ALEX MADRIAGA- TEA,1ec4NsqC2OyGEBFz4qeg0LgyOUFOOD_zH,27,2,,133628878,,,
69,rut_no_en_pie360,doc_rut=133628878 doc_name='' archivo='8°A- MATEO ERAZO- TDA',8°A- MATEO ERAZO- TDA.docx,8°A- MATEO ERAZO- TDA,1uGd24DchPM0x7D0lhEsWtKqVPbPozT9-,27,2,,133628878,,,
70,rut_no_en_pie360,doc_rut=133628878 doc_name='' archivo='2°B- NATALIA MUÑOZ- TDA',2°B- NATALIA MUÑOZ- TDA.docx,2°B- NATALIA MUÑOZ- TDA,11oztX2zB_RDe3v6O1yjsApEIVwBHBQPl,27,2,,133628878,,,
71,rut_no_en_pie360,doc_rut=133628878 doc_name='' archivo='7°B- GABRIEL HERRERA- DIL',7°B- GABRIEL HERRERA- DIL.docx,7°B- GABRIEL HERRERA- DIL,1gH2UbxbKsvB8WJgSdbY2IGEU7tsPmL8W,27,2,,133628878,,,
72,rut_no_en_pie360,doc_rut=133628878 doc_name='' archivo='8°B- GENECISS JOFRE - DIL',8°B- GENECISS JOFRE - DIL.docx,8°B- GENECISS JOFRE - DIL,18sDSXzxEgBB2fi8RHYYAX_oHPsnwXN_E,27,2,,133628878,,,
73,rut_no_en_pie360,doc_rut=184694727 doc_name='' archivo='8°A- JEAN FALCONES- TDAH',8°A- JEAN FALCONES- TDAH.docx,8°A- JEAN FALCONES- TDAH,1-Ameo7RxOUUp25JCFSTSG2_u4tRQbwMV,27,2,,184694727,,,
74,rut_no_en_pie360,doc_rut=133628878 doc_name='' archivo='5°A-VICENTE OLIVA - DIL',5°A-VICENTE OLIVA - DIL.docx,5°A-VICENTE OLIVA - DIL,1EeBa-yTKtYS_lMTb5iPfjnMJiKRJ_sDp,27,2,,133628878,,,
75,sin_rut_en_doc,ruts= nombre_archivo='6°A- ALVARO SALINAS- CEA',6°A- ALVARO SALINAS- CEA.docx,6°A- ALVARO SALINAS- CEA,1fGaSZRihNqHtSXjPwK_kRTh1QdzMJSRo,27,2,,,,,
76,rut_no_en_pie360,doc_rut=133628878 doc_name='' archivo='PRE KINDER A- ELIAM- TEA',PRE KINDER A- ELIAM- TEA.docx,PRE KINDER A- ELIAM- TEA,1gn1Uu5E_pZ03yXI_8bFRBd-xyN7b22Dw,27,2,,133628878,,,
77,rut_no_en_pie360,doc_rut=133628878 doc_name='' archivo='3°B-AUSTIN MARTINEZ - TEA',3°B-AUSTIN MARTINEZ - TEA.docx,3°B-AUSTIN MARTINEZ - TEA,1tpOdFU-dPWND0rfAyHKCVylhWpOClYT9,27,2,,133628878,,,
78,rut_no_en_pie360,doc_rut=133628878 doc_name='' archivo='PRE KINDER B- VALENTINA MUÑOZ - TEL',PRE KINDER B- VALENTINA MUÑOZ - TEL.docx,PRE KINDER B- VALENTINA MUÑOZ - TEL,1xRXURlXfSEdxCm_luJ4eAEDmRTxdA48x,27,2,,133628878,,,
79,rut_no_en_pie360,doc_rut=133628878 doc_name='' archivo='PRE KINDER B-HUGO JADAD- TEL',PRE KINDER B-HUGO JADAD- TEL.docx,PRE KINDER B-HUGO JADAD- TEL,1piDrRZzqNSXlrEbXLt8KclCDofPIQMwY,27,2,,133628878,,,
80,rut_no_en_pie360,doc_rut=133628878 doc_name='' archivo='KINDER A - CAMILO SILVA - TEA',KINDER A - CAMILO SILVA - TEA.docx,KINDER A - CAMILO SILVA - TEA,1ChqC4HJ05BtT54KYwms_3hvPSRMtUY_D,27,2,,133628878,,,
81,rut_no_en_pie360,doc_rut=184694727 doc_name='' archivo='5°B- IGNACIO ROBLES- TDA',5°B- IGNACIO ROBLES- TDA.docx,5°B- IGNACIO ROBLES- TDA,1fHDztqi_QcVKzeYwWXKkAcj3oi1lvfdV,27,2,,184694727,,,
82,rut_no_en_pie360,doc_rut=133628878 doc_name='' archivo='2°A- PEDRO PALOMINOS- TL',2°A- PEDRO PALOMINOS- TL.docx,2°A- PEDRO PALOMINOS- TL,1qJzcLDqzroidbx2BMR2kw_RGgs8E2cJT,27,2,,133628878,,,
83,rut_no_en_pie360,doc_rut=133628878 doc_name='' archivo='KINDER A- AMBAR RESTREPO - TL',KINDER A- AMBAR RESTREPO - TL.docx,KINDER A- AMBAR RESTREPO - TL,1eLaYtub6isSYSOoFRdEF7fG-5eIbecb1,27,2,,133628878,,,
84,sin_rut_en_doc,ruts= nombre_archivo='KINDER A- EVAN ALVAREZ- TEL',KINDER A- EVAN ALVAREZ- TEL.docx,KINDER A- EVAN ALVAREZ- TEL,1YR-rMQScwHon1IepJ34aHLAjdDl4o2_k,27,2,,,,,
85,rut_no_en_pie360,doc_rut=84694727 doc_name='' archivo='3°B-DARA CARRERA -TDAH',3°B-DARA CARRERA -TDAH.docx,3°B-DARA CARRERA -TDAH,1RWxckegqMOXwHG76ND1vxogKmvaGshiI,27,2,,84694727,,,
86,rut_no_en_pie360,doc_rut=133628878 doc_name='' archivo='PRE KINDER B- AMANDA VASQUEZ - TEL',PRE KINDER B- AMANDA VASQUEZ - TEL.docx,PRE KINDER B- AMANDA VASQUEZ - TEL,1M4zeBq69Amwm67RMUo4Mn6E-SG9AjbDV,27,2,,133628878,,,
87,rut_no_en_pie360,doc_rut=197868716 doc_name='' archivo='7°A Agustín Herrera DEA',7°A Agustín Herrera DEA.docx,7°A Agustín Herrera DEA,1Y6CIvbU5UMpOOIYCW3fFB_8054VZ0LGE,27,4,,197868716,,,
88,rut_no_en_pie360,doc_rut=198878200 doc_name='' archivo='1B PABLO CAMPOS',1B_PABLO_CAMPOS.docx,1B PABLO CAMPOS,1Q9aW0U5GE1CFjnGjEGXUTqAS-iCB9eeZ,27,1,,198878200,,,
89,rut_no_en_pie360,doc_rut=133643567 doc_name='' archivo='K°A Mateo Corrales RGD',K°A Mateo Corrales RGD.docx,K°A Mateo Corrales RGD,1p7hhIdNwWie74gNLdjuo0RkOkZoY8Jy_,27,4,,133643567,,,
90,rut_no_en_pie360,doc_rut=133643567 doc_name='' archivo='1°C Marco Díaz FIL',1°C Marco Díaz FIL.docx,1°C Marco Díaz FIL,1HdMedDGzSQFJ9KqHQHNuvJFIJh8YpC3R,27,4,,133643567,,,
91,rut_no_en_pie360,doc_rut=198878200 doc_name='' archivo='3B VALENTÍN RUBILAR',3B_VALENTÍN_RUBILAR.docx,3B VALENTÍN RUBILAR,1srZh3QqvoWq01PteaVwNFMtuinsyGlHn,27,1,,198878200,,,
92,rut_no_en_pie360,doc_rut=198878200 doc_name='' archivo='KC EMMA OSORIO',KC_EMMA_OSORIO.docx,KC EMMA OSORIO,1usqY7-FoflYJ4wSuZssv-9kRq8hWjzrD,27,1,,198878200,,,
93,rut_no_en_pie360,doc_rut=192679176 doc_name='' archivo='8C JANS SALINAS',8C_JANS_SALINAS.docx,8C JANS SALINAS,1zb8XV-nD_BBVRo3vEpYtnn3lQ0S89j0U,27,1,,192679176,,,
94,rut_no_en_pie360,doc_rut=198878200 doc_name='' archivo='3A ASTRID ROBLES',3A_ASTRID_ROBLES.docx,3A ASTRID ROBLES,1HhpWwX4dhgxkkBU-kFwdE8JrhCXcNI7A,27,1,,198878200,,,
95,rut_no_en_pie360,doc_rut=198878200 doc_name='' archivo='2B PEDRO SOBARZO',2B_PEDRO_SOBARZO.docx,2B PEDRO SOBARZO,10eUwhUxtAcdC9yLQ4Vh-8YY3G8isd0dQ,27,1,,198878200,,,
96,sin_rut_en_doc,ruts= nombre_archivo='5C TRINIDAD VERA',5C_TRINIDAD_VERA.docx,5C TRINIDAD VERA,1kZ_cn7mwk4UoKfnGiLEMBzFyjpJTG32I,27,1,,,,,
97,rut_no_en_pie360,doc_rut=198878200 doc_name='' archivo='5B PASCAL SOBARZO',5B_PASCAL_SOBARZO.docx,5B PASCAL SOBARZO,1JHmy0N-enmOBgdpnGzx84cpVI6ODP20b,27,1,,198878200,,,
98,rut_no_en_pie360,doc_rut=198878200 doc_name='' archivo='DAFNIKA SAINTFORT',DAFNIKA_SAINTFORT.docx,DAFNIKA SAINTFORT,1Rst1Ui3CfcijJctdXOYdYRD1PTXIkr1N,27,4,,198878200,,,
99,rut_no_en_pie360,doc_rut=198878200 doc_name='' archivo='2B ISABELLA ARANCIBIA',2B_ISABELLA_ARANCIBIA.docx,2B ISABELLA ARANCIBIA,1yso8ITlZRZdKH3332iTwrYifDbfNQ_R9,27,1,,198878200,,,
100,rut_no_en_pie360,doc_rut=133643567 doc_name='' archivo='1°A Gael Videla TL',1°A Gael Videla TL.docx,1°A Gael Videla TL,1hTEgXOD8k2vP2pR3zpL3v0ATFPZQGpuj,27,4,,133643567,,,
101,rut_no_en_pie360,doc_rut=198878200 doc_name='' archivo='KC ANANDA OLMOS',KC_ANANDA_OLMOS.docx,KC ANANDA OLMOS,1uwAinyR6B9G5dbeXOzFnSwl6SuMuk0wT,27,1,,198878200,,,
102,rut_no_en_pie360,doc_rut=197868716 doc_name='' archivo='8°D Máximo Toledo TDA-H',8°D Máximo Toledo TDA-H.docx,8°D Máximo Toledo TDA-H,1unF09vesuKhkGEWjudGtKWWByky1rkKm,27,4,,197868716,,,
103,rut_no_en_pie360,doc_rut=198878200 doc_name='' archivo='6C DYLAN JARA',6C_DYLAN_JARA.docx,6C DYLAN JARA,1hq0EERwhNWvd7BXICyK9P2B5dxmB-PJX,27,1,,198878200,,,
104,rut_no_en_pie360,doc_rut=197868716 doc_name='' archivo='4°C Cristián Figueroa DEA CÁLCULO',4°C Cristián Figueroa DEA CÁLCULO.docx,4°C Cristián Figueroa DEA CÁLCULO,1BpeXkKtL3IdBd2dm8t1TdR6Aj-oF7dpF,27,4,,197868716,,,
105,rut_no_en_pie360,doc_rut=192679176 doc_name='' archivo='8B MAXIMO ARREDONDO',8B_MAXIMO_ARREDONDO.docx,8B MAXIMO ARREDONDO,1NYikESSLDneAkqmg2WHVNrmnHwDck4Ml,27,1,,192679176,,,
106,rut_no_en_pie360,doc_rut=198878200 doc_name='' archivo='6C JOAQUÍN CELEDÓN',6C_JOAQUÍN_CELEDÓN.docx,6C JOAQUÍN CELEDÓN,1htKZlIs5uGB5CN88k8QvYiL6bXp6zCFj,27,1,,198878200,,,
107,rut_no_en_pie360,doc_rut=197868716 doc_name='' archivo='5°D Adiel González TDA',5°D Adiel González TDA.docx,5°D Adiel González TDA,1BjfEVBosESnEB9I6VkOOXIb45WZi6_3k,27,4,,197868716,,,
108,rut_no_en_pie360,doc_rut=133643567 doc_name='' archivo='4°C Liz Godoy TEA exc',4°C Liz Godoy TEA exc.docx,4°C Liz Godoy TEA exc,1VtMIFRUb0EsxvVUr_cLEHpHmcsnxjKnA,27,4,,133643567,,,
109,rut_no_en_pie360,doc_rut=198878200 doc_name='' archivo='8B KHIARA RUIZ',8B_KHIARA_RUIZ.docx,8B KHIARA RUIZ,1zUQNXXvBsA0dND75bjo5hzoq8obTTuga,27,1,,198878200,,,
110,rut_no_en_pie360,doc_rut=198878200 doc_name='' archivo='KA ALONSO MUÑOZ',KA_ALONSO_MUÑOZ.docx,KA ALONSO MUÑOZ,1vejzzrjwqNNIjLtHTnpBoFWnp2y0wZir,27,1,,198878200,,,
111,rut_no_en_pie360,doc_rut=197868716 doc_name='' archivo='6°C María José Ríos TDAH',6°C María José Ríos TDAH.docx,6°C María José Ríos TDAH,1Mdu5KX2bcB3w8y76wsr1MhCqAWUsXwqA,27,4,,197868716,,,
112,rut_no_en_pie360,doc_rut=133643567 doc_name='' archivo='4°C Dazlyn Sandoval FIL',4°C Dazlyn Sandoval FIL.docx,4°C Dazlyn Sandoval FIL,1pxDPbRVk7Oi2g0UfeJGuvKVE6C37kADd,27,4,,133643567,,,
113,rut_no_en_pie360,doc_rut=133643567 doc_name='' archivo='7°C Alexis Solis FIL',7°C Alexis Solis FIL.docx,7°C Alexis Solis FIL,1GJRGDUT9LU6nGUR26e5sqeKggaR7EST1,27,4,,133643567,,,
114,rut_no_en_pie360,doc_rut=198878200 doc_name='' archivo='5A FERNANDA DIAZ',5A_FERNANDA_DIAZ.docx,5A FERNANDA DIAZ,1vpV1qC3MsXn-_z0pKh23vAEk43880moO,27,1,,198878200,,,
115,rut_no_en_pie360,doc_rut=198878200 doc_name='' archivo='6C IGNACIA MUÑOZ',6C_IGNACIA_MUÑOZ.docx,6C IGNACIA MUÑOZ,1pbLcwjs8iEMM-87JERRnLbObAl3kDGzr,27,1,,198878200,,,
116,rut_no_en_pie360,doc_rut=198878200 doc_name='' archivo='5C GAEL ROJO',5C_GAEL_ROJO.docx,5C GAEL ROJO,1_2DijZrlEDJxoGuXlqpxxs-XK6iz3UlQ,27,1,,198878200,,,
117,rut_no_en_pie360,doc_rut=198878200 doc_name='' archivo='4B AGUSTINA GALLARDO',4B_AGUSTINA_GALLARDO.docx,4B AGUSTINA GALLARDO,1Dzkrj15q0nVWJGnI0T68kvPORL-3e7Fu,27,1,,198878200,,,
118,rut_no_en_pie360,doc_rut=198878200 doc_name='' archivo='2B DYLHAN LUNA',2B_DYLHAN_LUNA.docx,2B DYLHAN LUNA,1YLJYKb6y5v4nAbvb7ZlevlSKzu3-iQp9,27,1,,198878200,,,
119,rut_no_en_pie360,doc_rut=198878200 doc_name='' archivo='KC MIA LEZAMA',KC_MIA_LEZAMA.docx,KC MIA LEZAMA,1Mp-yC1usbGggTfS0TIp483Xi-EHuA5fa,27,1,,198878200,,,
120,rut_no_en_pie360,doc_rut=133643567 doc_name='' archivo='7°B Ignacia Vergara TEA',7°B Ignacia Vergara TEA.docx,7°B Ignacia Vergara TEA,1YglU4XOr5q2HeU3jpYE7uhWaM2QTNQ3j,27,4,,133643567,,,
121,rut_no_en_pie360,doc_rut=197868716 doc_name='' archivo='8°D Nelson Galdámez TDA-H',8°D Nelson Galdámez TDA-H.docx,8°D Nelson Galdámez TDA-H,1N5ZsE-Q_RVdlOhp6RpigDiR2QLZIFhrA,27,4,,197868716,,,
122,rut_no_en_pie360,doc_rut=133628878 doc_name='' archivo='PRE KINDER B- THOMAS PIZARRO - TEA',PRE KINDER B- THOMAS PIZARRO - TEA.docx,PRE KINDER B- THOMAS PIZARRO - TEA,1N6W4MMXtSFaNFu22OHKKQYTrDF1GSiL5,27,2,,133628878,,,
123,rut_no_en_pie360,doc_rut=133628878 doc_name='' archivo='1°B- NICOLAS GALDAMES - CEA',1°B- NICOLAS GALDAMES - CEA.docx,1°B- NICOLAS GALDAMES - CEA,1gwIkLIOA8ZfeyU9C1DIBWZyIqsKmlfK8,27,2,,133628878,,,
124,rut_no_en_pie360,doc_rut=133643567 doc_name='' archivo='4°B Pablo Moraga TEA',4°B Pablo Moraga TEA.docx,4°B Pablo Moraga TEA,1ejYP5sGfARWVFm8vTukQLCl-aFSd3QF0,27,4,,133643567,,,
125,rut_no_en_pie360,doc_rut=133643567 doc_name='' archivo='K°A Ismael Poma TL',K°A Ismael Poma TL.docx,K°A Ismael Poma TL,14xBc5oeRmBJNQwQJcoLfAx-zUE3ug18O,27,4,,133643567,,,
126,rut_no_en_pie360,doc_rut=198878200 doc_name='' archivo='5B EMILIANO ARAYA',5B_EMILIANO_ARAYA.docx,5B EMILIANO ARAYA,1HCgGuDtI_FCeOuMEBI91XSg1lEirxf-I,27,1,,198878200,,,
127,rut_no_en_pie360,doc_rut=133643567 doc_name='' archivo='1°A Luis Contador TL.',1°A Luis Contador TL..docx,1°A Luis Contador TL.,1VLtA44DCXNWCQN73ZQTZMOdShrBUoSf5,27,4,,133643567,,,
128,rut_no_en_pie360,doc_rut=198878200 doc_name='' archivo='1B ANGELO CAMPOS',1B_ANGELO_CAMPOS.docx,1B ANGELO CAMPOS,1aNpZnaxNxhfi0rnqIrt1AQecyZcHAzlu,27,1,,198878200,,,
129,rut_no_en_pie360,doc_rut=198878200 doc_name='' archivo='7C JUSTIN SILVA',7C_JUSTIN_SILVA.docx,7C JUSTIN SILVA,1wWrQiwnPU7zFCRJnDLkhAF4AgcvMIQfW,27,1,,198878200,,,
130,rut_no_en_pie360,doc_rut=198878200 doc_name='' archivo='7A DIEGO GONZALEZ',7A_DIEGO_GONZALEZ.docx,7A DIEGO GONZALEZ,1S08XikogTN5UTa-K0V_sUtS-k2nCx7aU,27,1,,198878200,,,
131,rut_no_en_pie360,doc_rut=198878200 doc_name='' archivo='KC MAR JORQUERA',KC_MAR_JORQUERA.docx,KC MAR JORQUERA,1sLz6cFoKWA6NS825Xk_w_HcCdedEuETG,27,1,,198878200,,,
132,rut_no_en_pie360,doc_rut=198878200 doc_name='' archivo='5C DIEGO FUENZALIDA',5C_DIEGO_FUENZALIDA.docx,5C DIEGO FUENZALIDA,13h7prmK-NTzoxw3v9f9Tgr6jTwZhys2R,27,1,,198878200,,,
133,rut_no_en_pie360,doc_rut=198878200 doc_name='' archivo='KC GASPAR MIRANDA',KC_GASPAR_MIRANDA.docx,KC GASPAR MIRANDA,1RfatN3nRM4uFpL5G3POG1-1LqaCXhqLW,27,1,,198878200,,,
134,rut_no_en_pie360,doc_rut=198878200 doc_name='' archivo='4B VICENTE MADRID',4B_VICENTE_MADRID.docx,4B VICENTE MADRID,1r1IAe7BeYWZNTBTkJ4-JkOyIZh8ldKnj,27,1,,198878200,,,
135,rut_no_en_pie360,doc_rut=133643567 doc_name='' archivo='PK°B Alex Losantos RGD',PK°B Alex Losantos RGD.docx,PK°B Alex Losantos RGD,1NQ7Bz0S5JHGNTIoHIbbX3EzKGd7b9UAf,27,4,,133643567,,,
136,rut_no_en_pie360,doc_rut=198878200 doc_name='' archivo='5C FABIAN MONTOYA',5C_FABIAN_MONTOYA.docx,5C FABIAN MONTOYA,1-kWwFnAqs8c2uofrBg6TGI0U2CajJZ3B,27,1,,198878200,,,
137,rut_no_en_pie360,doc_rut=197868716 doc_name='' archivo='7°B Alonso Mondaca TDAH',7°B Alonso Mondaca TDAH.docx,7°B Alonso Mondaca TDAH,1BTKlmUb5GO83Jv9jh8U4RpCuEZF-o7tB,27,4,,197868716,,,
138,rut_no_en_pie360,doc_rut=133628878 doc_name='' archivo='KINDER B- FIORELLA VALLEJOS - CEA',KINDER B- FIORELLA VALLEJOS - CEA.docx,KINDER B- FIORELLA VALLEJOS - CEA,12vSw1FGfkJ275cAari8k5xtI_TaEm0e4,27,2,,133628878,,,
139,rut_no_en_pie360,doc_rut=198878200 doc_name='' archivo='5C ADALYSSS',5C_ADALYSSS.docx,5C ADALYSSS,1ul8gnCviQcHyJE6es-cgRPJxSz3lX3o8,27,1,,198878200,,,
140,rut_no_en_pie360,doc_rut=197868716 doc_name='' archivo='6°C Rafaela Lazo TDAH',6°C Rafaela Lazo TDAH.docx,6°C Rafaela Lazo TDAH,1p_mqymlYjDYef89nnFmFiEQJXF-Rougz,27,4,,197868716,,,
141,rut_no_en_pie360,doc_rut=198878200 doc_name='' archivo='2A ANTONELLA LAGOS',2A_ANTONELLA_LAGOS.docx,2A ANTONELLA LAGOS,1fXvtQUfCPCoo5KwJFnRY8W-UQOmNEbZK,27,1,,198878200,,,
142,rut_no_en_pie360,doc_rut=133643567 doc_name='' archivo='5°B Sebastián Castillo TEA',5°B Sebastián Castillo TEA.docx,5°B Sebastián Castillo TEA,1KFP5SztFJ27tenZ-fxRwPzSQ4oNvBjQ6,27,4,,133643567,,,
143,rut_no_en_pie360,doc_rut=198878200 doc_name='' archivo='KA LORENZO CONTRERAS',KA_LORENZO_CONTRERAS.docx,KA LORENZO CONTRERAS,13VyxNro8ceJVvMhs0aITWJjYCm2wb0vE,27,1,,198878200,,,
144,rut_no_en_pie360,doc_rut=198878200 doc_name='' archivo='KC GASTON SAAVEDRA',KC_GASTON_SAAVEDRA.docx,KC GASTON SAAVEDRA,1Jm9OopUWRv3qSt50jh1-GQo4K-af5pX4,27,1,,198878200,,,
145,rut_no_en_pie360,doc_rut=192679176 doc_name='' archivo='7B JEANCARLOS RODRIGUEZ',7B_JEANCARLOS_RODRIGUEZ.docx,7B JEANCARLOS RODRIGUEZ,1WBBTWeErhZWPAuUp-NNJS6-MVvHxcnhR,27,1,,192679176,,,
146,rut_no_en_pie360,doc_rut=198878200 doc_name='' archivo='6A MIA SOTO',6A_MIA_SOTO.docx,6A MIA SOTO,1Rh01B00p14C8_B-AAfjWP-e4YULAexII,27,1,,198878200,,,
147,rut_no_en_pie360,doc_rut=198878200 doc_name='' archivo='3B MAITE SALINAS',3B_MAITE_SALINAS.docx,3B MAITE SALINAS,1zeFS9_P3EuXm2FeV3GIi6O4pDaOTSoAe,27,1,,198878200,,,
148,rut_no_en_pie360,doc_rut=198878200 doc_name='' archivo='6A MIGUEL YAÑEZ',6A_MIGUEL_YAÑEZ.docx,6A MIGUEL YAÑEZ,1HP2_0AY7YPx1nbHXebG9Ctlivuw7247D,27,1,,198878200,,,
149,rut_no_en_pie360,doc_rut=198878200 doc_name='' archivo='2B BASTIAN ARACENA',2B_BASTIAN_ARACENA.docx,2B BASTIAN ARACENA,1zCypp3txHLZwIkV-_1CyOx_THxxIyNHb,27,1,,198878200,,,
150,rut_no_en_pie360,doc_rut=198878200 doc_name='' archivo='6C AGUSTINA PERALTA',6C_AGUSTINA_PERALTA.docx,6C AGUSTINA PERALTA,1JWNLbZKdrRgI0PZ88dMlrb1GW9wLFMhw,27,1,,198878200,,,
151,rut_no_en_pie360,doc_rut=198878200 doc_name='' archivo='1A THOMAS HERRERA',1A_THOMAS_HERRERA.docx,1A THOMAS HERRERA,11DoDCu2k5Wl40lOZQoWhn7pHpfo-9nnV,27,1,,198878200,,,
152,sin_rut_en_doc,ruts= nombre_archivo='5°D Amparo Insamí TDA',5°D Amparo Insamí TDA.docx,5°D Amparo Insamí TDA,12L25hu9EATWZ3qpShIbSM84Tqrmv98Lv,27,4,,,,,
153,rut_no_en_pie360,doc_rut=198878200 doc_name='' archivo='KC AMARELI VENEGAS',KC_AMARELI_VENEGAS.docx,KC AMARELI VENEGAS,1Dv6RluApCxXeN-zwEhxz4Z0lptaOYAAh,27,1,,198878200,,,
154,rut_no_en_pie360,doc_rut=133643567 doc_name='' archivo='K°A Maria Ester Sánchez TL',K°A Maria Ester Sánchez TL.docx,K°A Maria Ester Sánchez TL,1FdHvFAseuvEUgfKJyHPby6VoNjdNpe6u,27,4,,133643567,,,
155,rut_no_en_pie360,doc_rut=198878200 doc_name='' archivo='2B VICENTE GONZALEZ',2B_VICENTE_GONZALEZ.docx,2B VICENTE GONZALEZ,1kQEdF4NUBr1kFVKfoh-4mTBD2-vGLEx3,27,1,,198878200,,,
156,rut_no_en_pie360,doc_rut=198878200 doc_name='' archivo='4B MARTINA YAÑEZ',4B_MARTINA_YAÑEZ.docx,4B MARTINA YAÑEZ,1mZbqyre8XxRMRvsweS95LjQ1GsJBbBNq,27,1,,198878200,,,
157,rut_no_en_pie360,doc_rut=133643567 doc_name='' archivo='6°A Mateo Soto TEA',6°A Mateo Soto TEA.docx,6°A Mateo Soto TEA,1n2jngrFUlTtpWP_pnGe6Ua3xOvMgsZrK,27,4,,133643567,,,
158,rut_no_en_pie360,doc_rut=133643567 doc_name='' archivo='7°A Fabian Labarca TEA',7°A Fabian Labarca TEA.docx,7°A Fabian Labarca TEA,19ne4BtBYVf21NVWcAh6-3kqziaRrCY3E,27,4,,133643567,,,
159,rut_no_en_pie360,doc_rut=133643567 doc_name='' archivo='6°A Suri Pariona TEA Excepcionalidad',6°A Suri Pariona TEA Excepcionalidad.docx,6°A Suri Pariona TEA Excepcionalidad,1tXdemw0dEFpBnQLbwEkU1hZT7LwNb6uL,27,4,,133643567,,,
160,rut_no_en_pie360,doc_rut=133643567 doc_name='' archivo='8°B Jaír Fernández TEA',8°B Jaír Fernández TEA.docx,8°B Jaír Fernández TEA,1U0lKuw1-Y6AxAKaZs2orECvOrvfqL21X,27,4,,133643567,,,
161,rut_no_en_pie360,doc_rut=197868716 doc_name='' archivo='5°D Sebastián Muñoz DEA',5°D Sebastián Muñoz DEA.docx,5°D Sebastián Muñoz DEA,1CgMsT-_m54eU3hP4G5_IRUbzB8wTwvlA,27,4,,197868716,,,
162,rut_no_en_pie360,doc_rut=133643567 doc_name='' archivo='1°B Isabella Romero FIL',1°B Isabella Romero FIL.docx,1°B Isabella Romero FIL,1NCrwIkMmIarcdLTIsDgYpEj9vFSRksMY,27,4,,133643567,,,
163,rut_no_en_pie360,doc_rut=197868716 doc_name='' archivo='3°B Yoisii Losantos TDA',3°B Yoisii Losantos TDA.docx,3°B Yoisii Losantos TDA,1J44z27IuK3Iu0YzmcXfDXY038LcUK29F,27,4,,197868716,,,
164,rut_no_en_pie360,doc_rut=197868716 doc_name='' archivo='8°D Alex Muñoz TDA-H',8°D Alex Muñoz TDA-H.docx,8°D Alex Muñoz TDA-H,1RmbVHHSxdnJn7mMXCVJPt65Zdi4n0j1R,27,4,,197868716,,,
165,rut_no_en_pie360,doc_rut=197868716 doc_name='' archivo='7°A Ignacio Molina DEA CÁLCULO',7°A Ignacio Molina DEA CÁLCULO.docx,7°A Ignacio Molina DEA CÁLCULO,18B92m10pApp2GUSdUJuTYUcazSRG0ERG,27,4,,197868716,,,
166,rut_no_en_pie360,doc_rut=197868716 doc_name='' archivo='7°A León Vásquez DEA CÁLCULO',7°A León Vásquez DEA CÁLCULO.docx,7°A León Vásquez DEA CÁLCULO,1rP_dsOd_fF-Su334HJPiq55ci5ejTWAO,27,4,,197868716,,,
167,rut_no_en_pie360,doc_rut=133643567 doc_name='' archivo='1°A Dana Casimir TL',1°A Dana Casimir TL.docx,1°A Dana Casimir TL,1cko3zPBPtf5_SZqWSrC4dr84S3OlQAu_,27,4,,133643567,,,
168,rut_no_en_pie360,doc_rut=133643567 doc_name='' archivo='2°C Agustina Reyes TL',2°C Agustina Reyes TL.docx,2°C Agustina Reyes TL,1tJsB0YKGkGtdyxXcIFvGJPu78HN1Jjh-,27,4,,133643567,,,
169,rut_no_en_pie360,doc_rut=197868716 doc_name='' archivo='3°B Reishell Alvbarado DEA CÁLCULO',3°B Reishell Alvbarado DEA CÁLCULO.docx,3°B Reishell Alvbarado DEA CÁLCULO,1C-xAqFkrmtybQm38zazx5gbHYvNsoZ_j,27,4,,197868716,,,
170,rut_no_en_pie360,doc_rut=133643567 doc_name='' archivo='3°C Fernanda Alvarado TEA',3°C Fernanda Alvarado TEA.docx,3°C Fernanda Alvarado TEA,1fqJ0OZ1tVWHF5LmOR9zMWLUdilN52dli,27,4,,133643567,,,
171,rut_no_en_pie360,doc_rut=133643567 doc_name='' archivo='7°D Alan Mella DIL',7°D Alan Mella DIL.docx,7°D Alan Mella DIL,1tGYWMhKYK5BwIj0oazPBYfoXYo3xf5Nm,27,4,,133643567,,,
172,rut_no_en_pie360,doc_rut=198878200 doc_name='' archivo='YECHEZKEL VENDRINE',YECHEZKEL_VENDRINE.docx,YECHEZKEL VENDRINE,10RoB7UnwmFVGceLhb5SD4L7oHm06us24,27,4,,198878200,,,
173,rut_no_en_pie360,doc_rut=197868716 doc_name='' archivo='3°C Sofía González DEA LECTOESCRITURA',3°C Sofía González DEA LECTOESCRITURA.docx,3°C Sofía González DEA LECTOESCRITURA,1rwKoETI2-rwFiGYH0Sz0ju6E-LsxqwhA,27,4,,197868716,,,
174,rut_no_en_pie360,doc_rut=197868716 doc_name='' archivo='5°A Yanira Friz DEA LECTURA Y CÁLCULO',5°A Yanira Friz DEA LECTURA Y CÁLCULO.docx,5°A Yanira Friz DEA LECTURA Y CÁLCULO,1MV-Ml0ENpYJ7ymh5q-ovXCkBazEPkIwW,27,4,,197868716,,,
175,rut_no_en_pie360,doc_rut=133643567 doc_name='' archivo='PK°B Mariajesus Aguilera TL',PK°B Mariajesus Aguilera TL.docx,PK°B Mariajesus Aguilera TL,1EyelseOlkoMwff7kbCfPzWETBPANDwJJ,27,4,,133643567,,,
176,rut_no_en_pie360,doc_rut=133643567 doc_name='' archivo='1°C Ihan Arancibia DIL exc',1°C Ihan Arancibia DIL exc.docx,1°C Ihan Arancibia DIL exc,1_cnmt60TW_o-n2_EBdyFvZCjQqeUx176,27,4,,133643567,,,
177,rut_no_en_pie360,doc_rut=133643567 doc_name='' archivo='PK°A Benjamín Campos RGD',PK°A Benjamín Campos RGD.docx,PK°A Benjamín Campos RGD,1vpS6buE3jqSM9NQb_h5gh7KfWJk5HibI,27,4,,133643567,,,
178,rut_no_en_pie360,doc_rut=197868716 doc_name='' archivo='3°B Mateo Oyanedel DEA LECTOESCRITURA',3°B Mateo Oyanedel DEA LECTOESCRITURA.docx,3°B Mateo Oyanedel DEA LECTOESCRITURA,1oq799PhqGcHgsoxzyKo-wrhEzLaF9Ztt,27,4,,197868716,,,
179,rut_no_en_pie360,doc_rut=197868716 doc_name='' archivo='1°B Cristofer Romero DEA LECTOESCRITURA',1°B Cristofer Romero DEA LECTOESCRITURA.docx,1°B Cristofer Romero DEA LECTOESCRITURA,1Zb-qGyKXgf7t96OZJKHGycAs2DmEPEgj,27,4,,197868716,,,
180,rut_no_en_pie360,doc_rut=197868716 doc_name='' archivo='8°C Martín Flores TDA',8°C Martín Flores TDA.docx,8°C Martín Flores TDA,1rPyzf617vGIU8KdXSCyrUC8uINExan0g,27,4,,197868716,,,
181,rut_no_en_pie360,doc_rut=133643567 doc_name='' archivo='8°A Andrea Páez DIL excepcionalidad',8°A Andrea Páez DIL excepcionalidad.docx,8°A Andrea Páez DIL excepcionalidad,1CTupmrj6i0WVnwWYdM0IasiggdgBWbq6,27,4,,133643567,,,
182,rut_no_en_pie360,doc_rut=133643567 doc_name='' archivo='5°C Catalina Aravena TEA (exc)',5°C Catalina Aravena TEA (exc).docx,5°C Catalina Aravena TEA (exc),1wAS-IQcgJkD-K9fNi58ix8l_jy0g3X_j,27,4,,133643567,,,
183,rut_no_en_pie360,doc_rut=133643567 doc_name='' archivo='PK°A Rayen Herrera TL',PK°A Rayen Herrera TL.docx,PK°A Rayen Herrera TL,1Yg4KwWuEoIv4OZZE1LwkaBFRxuLUzIoU,27,4,,133643567,,,
184,rut_no_en_pie360,doc_rut=197868716 doc_name='' archivo='5°B Agustín Cáceres TDA-H',5°B Agustín Cáceres TDA-H.docx,5°B Agustín Cáceres TDA-H,11XO1lMlk7BOs6SMjUhsd8BGSyNO2K-rL,27,4,,197868716,,,
185,rut_no_en_pie360,doc_rut=133643567 doc_name='' archivo='4°B Rafael díaz TEA',4°B Rafael díaz TEA.docx,4°B Rafael díaz TEA,1rfuqkqt5OzYPUJPAiRve2QPbRA57er5o,27,4,,133643567,,,
186,existe_por_rut,match 893 SOULING NAIA HENRÍQUEZ ACEVEDO school=5 name_ok=True,2° D SOULING HENRIQUEZ.docx,2° D SOULING HENRIQUEZ,16-yYXRNT8jYUGe5w29VZS25xMizOPYPy,7,5,Souling Naia Henríquez Acevedo,232664010,893,SOULING NAIA HENRÍQUEZ ACEVEDO,5
