action,archivo_drive,drive_path,from_student_id,message,status,to_student_id
reassign_skip_incoherent,InformeFamilia_4H-Denisse Madrid.docx,,4624,doc_name no calza con real_name,skipped,3177
reassign,InformeFamilia_4G-Matias Sanchez.docx,Liceo Mixto Bicentenario de Excelencia los Andes Media - RBD 1213/2026/1I PATRICIO FIGUEROA SALA 211/237810058/237810058_Informe a la Familia.docx,3630,Reasignado desde 3630 -> 3610 | Guardado como 3610_7_legacy_2026.docx | soft_deleted=1,ok,3610
reassign_skip_incoherent,InformeFamilia_3B-Florencia Guajardo.docx,,4595,doc_name no calza con real_name,skipped,4625
reassign,1°B ISABELLA ROMERO.docx,,2478,Reasignado desde 2478 -> 2440 | Ya existía folder 6416 | soft_deleted=1,skipped,2440
reassign,1°B CRISTOFER ROMERO.docx,,2476,Reasignado desde 2476 -> 2220 | Ya existía folder 6428 | soft_deleted=1,skipped,2220
reassign,6°A MATEO SOTO .docx,Liceo Particular Mixto San Felipe Básica - RBD 14879/2026/QUINTO C/243584108/243584108_Informe a la Familia.docx,2239,Reasignado desde 2239 -> 2078 | Guardado como 2078_7_legacy_2026.docx | soft_deleted=1,ok,2078
reassign,5°B SEBASTIAN CASTILLO.docx,Liceo Particular Mixto San Felipe Básica - RBD 14879/2026/SEPTIMO C/240996383/240996383_Informe a la Familia.docx,2257,Reasignado desde 2257 -> 1845 | Guardado como 1845_7_legacy_2026.docx | soft_deleted=1,ok,1845
reassign,3°B MATEO OYANEDEL.docx,Liceo Particular Mixto San Felipe Básica - RBD 14879/2026/TERCERO B/286859518/286859518_Informe a la Familia.docx,1826,Reasignado desde 1826 -> 2406 | Guardado como 2406_7_legacy_2026.docx | soft_deleted=1,ok,2406
reassign,K°A MATEO CORRALES.docx,Liceo Particular Mixto San Felipe Básica - RBD 14879/2026/PRE-KINDER B/277453622/277453622_Informe a la Familia.docx,2787,Reasignado desde 2787 -> 1960 | Guardado como 1960_7_legacy_2026.docx | soft_deleted=1,ok,1960
reassign,7°B ALONSO MONDACA.docx,Liceo Particular Mixto San Felipe Básica - RBD 14879/2026/PRIMERO C/270923119/270923119_Informe a la Familia.docx,2189,Reasignado desde 2189 -> 2808 | Guardado como 2808_7_legacy_2026.docx | soft_deleted=1,ok,2808
reassign,PK°A AGUSTIN MENA.docx,Liceo Particular Mixto San Felipe Básica - RBD 14879/2026/CUARTO C/253514744/253514744_Informe a la Familia.docx,2250,Reasignado desde 2250 -> 2531 | Guardado como 2531_7_legacy_2026.docx | soft_deleted=1,ok,2531
reassign,6°A Suri Pariona .docx,Liceo Particular Mixto San Felipe Básica - RBD 14879/2026/QUINTO D/249255513/249255513_Informe a la Familia.docx,2232,Reasignado desde 2232 -> 2138 | Guardado como 2138_7_legacy_2026.docx | soft_deleted=1,ok,2138
reassign,1°A GAEL VIDELA .docx,,2440,Reasignado desde 2440 -> 1894 | Ya existía folder 6433 | soft_deleted=1,skipped,1894
reassign,K°A MARIA ESTER SANCHEZ.docx,,2809,Reasignado desde 2809 -> 2591 | Ya existía folder 6422 | soft_deleted=1,skipped,2591
reassign,7°A LEON VASQUEZ .docx,Liceo Particular Mixto San Felipe Básica - RBD 14879/2026/PRIMERO C/272455317/272455317_Informe a la Familia.docx,2456,Reasignado desde 2456 -> 2439 | Guardado como 2439_7_legacy_2026.docx | soft_deleted=1,ok,2439
reassign,3°B ÁNGEL ORTIZ.docx,Liceo Particular Mixto San Felipe Básica - RBD 14879/2026/TERCERO B/252058680/252058680_Informe a la Familia.docx,2267,Reasignado desde 2267 -> 1826 | Guardado como 1826_7_legacy_2026.docx | soft_deleted=1,ok,1826
reassign,PK°A BENJAMIN CAMPOS.docx,Liceo Particular Mixto San Felipe Básica - RBD 14879/2026/PRE KINDER A/276821679/276821679_Informe a la Familia.docx,1867,Reasignado desde 1867 -> 2154 | Guardado como 2154_7_legacy_2026.docx | soft_deleted=1,ok,2154
reassign,8°A ANDREA PÁEZ.docx,Liceo Particular Mixto San Felipe Básica - RBD 14879/2026/CUARTO C/251142971/251142971_Informe a la Familia.docx,2184,Reasignado desde 2184 -> 2650 | Guardado como 2650_7_legacy_2026.docx | soft_deleted=1,ok,2650
reassign,K°A ISMAEL POMA.docx,Liceo Particular Mixto San Felipe Básica - RBD 14879/2026/KINDER A/273609598/273609598_Informe a la Familia.docx,2563,Reasignado desde 2563 -> 2787 | Guardado como 2787_7_legacy_2026.docx | soft_deleted=1,ok,2787
reassign,2°B DJOULIKA STINVIL.docx,Liceo Particular Mixto San Felipe Básica - RBD 14879/2026/SEPTIMO A/242776054/242776054_Informe a la Familia.docx,2679,Reasignado desde 2679 -> 2456 | Guardado como 2456_7_legacy_2026.docx | soft_deleted=1,ok,2456
reassign,PK°A RAYEN HERRERA.docx,Liceo Particular Mixto San Felipe Básica - RBD 14879/2026/OCTAVO A/236929698/236929698_Informe a la Familia.docx,2118,Reasignado desde 2118 -> 2184 | Guardado como 2184_7_legacy_2026.docx | soft_deleted=1,ok,2184
reassign,3°B Yoissi Losantos .docx,Liceo Particular Mixto San Felipe Básica - RBD 14879/2026/TERCERO B/259056535/259056535_Informe a la Familia.docx,2603,Reasignado desde 2603 -> 2267 | Guardado como 2267_7_legacy_2026.docx | soft_deleted=1,ok,2267
reassign,5°A Yanira Friz .docx,Liceo Particular Mixto San Felipe Básica - RBD 14879/2026/PRIMERO C/272221936/272221936_Informe a la Familia.docx,2220,Reasignado desde 2220 -> 2664 | Guardado como 2664_7_legacy_2026.docx | soft_deleted=1,ok,2664
reassign,PK°A JULIETA IRARRAZABAL.docx,Liceo Particular Mixto San Felipe Básica - RBD 14879/2026/CUARTO C/254212814/254212814_Informe a la Familia.docx,2716,Reasignado desde 2716 -> 2130 | Guardado como 2130_7_legacy_2026.docx | soft_deleted=1,ok,2130
reassign,1°A LUIS CONTADOR.docx,Liceo Particular Mixto San Felipe Básica - RBD 14879/2026/PRIMERO C/269968842/269968842_Informe a la Familia.docx,1825,Reasignado desde 1825 -> 2120 | Guardado como 2120_7_legacy_2026.docx | soft_deleted=1,ok,2120
reassign,7°A FABIÁN LABARCA.docx,Liceo Particular Mixto San Felipe Básica - RBD 14879/2026/KINDER A/274309032/274309032_Informe a la Familia.docx,2724,Reasignado desde 2724 -> 2809 | Guardado como 2809_7_legacy_2026.docx | soft_deleted=1,ok,2809
reassign,PK°B Yoandri Camacho.docx,Liceo Particular Mixto San Felipe Básica - RBD 14879/2026/OCTAVO A/239086179/239086179_Informe a la Familia.docx,2655,Reasignado desde 2655 -> 1986 | Guardado como 1986_7_legacy_2026.docx | soft_deleted=1,ok,1986
reassign,PK°A NELSON VERA.docx,Liceo Particular Mixto San Felipe Básica - RBD 14879/2026/KINDER B/274914394/274914394_Informe a la Familia.docx,1894,Reasignado desde 1894 -> 2340 | Guardado como 2340_7_legacy_2026.docx | soft_deleted=1,ok,2340
reassign,2°A ABIGAIEL GUILOTTE.docx,Liceo Particular Mixto San Felipe Básica - RBD 14879/2026/SEPTIMO C/243897661/243897661_Informe a la Familia.docx,2464,Reasignado desde 2464 -> 2551 | Guardado como 2551_7_legacy_2026.docx | soft_deleted=1,ok,2551
reassign,4°B MATEO VENEGAS.docx,Liceo Particular Mixto San Felipe Básica - RBD 14879/2026/SEGUNDO A/264561981/264561981_Informe a la Familia.docx,2135,Reasignado desde 2135 -> 2464 | Guardado como 2464_7_legacy_2026.docx | soft_deleted=1,ok,2464
unmatched_import,InformeFamilia_1I-Dante Urejula.docx,Liceo Mixto Bicentenario de Excelencia los Andes Media - RBD 1213/2026/1I PATRICIO FIGUEROA SALA 211/232999500/232999500_Informe a la Familia.docx,,Unmatched por RUT -> 3705 | Guardado como 3705_7_legacy_2026.docx,ok,3705
unmatched_import,InformeFamilia_3F-Nicolás Quintana.docx,Liceo Mixto Bicentenario de Excelencia los Andes Media - RBD 1213/2026/3F LAB. QUI. MATIAS QUIROZ SALA 201/264581451/264581451_Informe a la Familia.docx,,Unmatched por RUT -> 3822 | Guardado como 3822_7_legacy_2026.docx,ok,3822
unmatched_import,InformeFamilia_1E-Cristofher Calfin.docx,Liceo Mixto Bicentenario de Excelencia los Andes Media - RBD 1213/2026/1E HECTOR CASTRO SALA 215/238317649/238317649_Informe a la Familia.docx,,Unmatched por RUT -> 4557 | Guardado como 4557_7_legacy_2026.docx,ok,4557
unmatched_import,6°C MARIA JOSE RIOS.docx,,,Unmatched por RUT -> 1884 | Ya existía folder 6415,skipped,1884
unmatched_import,2°C DAFNIKA SAINT.docx,Liceo Particular Mixto San Felipe Básica - RBD 14879/2026/SEPTIMO B/242469216/242469216_Informe a la Familia.docx,,Unmatched por RUT -> 2189 | Guardado como 2189_7_legacy_2026.docx,ok,2189
unmatched_import,4°C LIZ GODOY.docx,Liceo Particular Mixto San Felipe Básica - RBD 14879/2026/SEXTO A/242159268/242159268_Informe a la Familia.docx,,Unmatched por RUT -> 2215 | Guardado como 2215_7_legacy_2026.docx,ok,2215
unmatched_import,4°C CRISTIAN FIGUEROA.docx,Liceo Particular Mixto San Felipe Básica - RBD 14879/2026/SEGUNDO C/26021151K/26021151K_Informe a la Familia.docx,,Unmatched por RUT -> 2070 | Guardado como 2070_7_legacy_2026.docx,ok,2070
unmatched_import,6D Sebastian Munoz BSF.docx,Liceo Particular Mixto San Felipe Básica - RBD 14879/2026/PRE-KINDER B/276240137/276240137_Informe a la Familia.docx,,Unmatched por RUT -> 1846 | Guardado como 1846_7_legacy_2026.docx,ok,1846
unmatched_import,8°D NELSON GALDAMEZ.docx,Liceo Particular Mixto San Felipe Básica - RBD 14879/2026/QUINTO B/252736026/252736026_Informe a la Familia.docx,,Unmatched por RUT -> 2257 | Guardado como 2257_7_legacy_2026.docx,ok,2257
unmatched_import,1°C FACUNDO VALENCIA.docx,Liceo Particular Mixto San Felipe Básica - RBD 14879/2026/PRIMERO B/262491323/262491323_Informe a la Familia.docx,,Unmatched por RUT -> 2478 | Guardado como 2478_7_legacy_2026.docx,ok,2478
unmatched_import,7°A Deivis Rosas BSF.docx,Liceo Particular Mixto San Felipe Básica - RBD 14879/2026/SEXTO C/248341238/248341238_Informe a la Familia.docx,,Unmatched por RUT -> 2796 | Guardado como 2796_7_legacy_2026.docx,ok,2796
unmatched_import,6°A Ignacia Olivares BSF.docx,Liceo Particular Mixto San Felipe Básica - RBD 14879/2026/PRIMERO C/26552284K/26552284K_Informe a la Familia.docx,,Unmatched por RUT -> 2030 | Guardado como 2030_7_legacy_2026.docx,ok,2030
unmatched_import,1°C Zyan Elgueta .docx,Liceo Particular Mixto San Felipe Básica - RBD 14879/2026/PRIMERO B/262490890/262490890_Informe a la Familia.docx,,Unmatched por RUT -> 2476 | Guardado como 2476_7_legacy_2026.docx,ok,2476
unmatched_import,3°C Sofia González .docx,Liceo Particular Mixto San Felipe Básica - RBD 14879/2026/OCTAVO B/240370840/240370840_Informe a la Familia.docx,,Unmatched por RUT -> 1885 | Guardado como 1885_7_legacy_2026.docx,ok,1885
unmatched_import,1°C IHAN ARANCIBIA.docx,Liceo Particular Mixto San Felipe Básica - RBD 14879/2026/PRE KINDER A/277462990/277462990_Informe a la Familia.docx,,Unmatched por RUT -> 2118 | Guardado como 2118_7_legacy_2026.docx,ok,2118
unmatched_import,4°C Simón Mancilla BSF.docx,Liceo Particular Mixto San Felipe Básica - RBD 14879/2026/SEGUNDO C/263832744/263832744_Informe a la Familia.docx,,Unmatched por RUT -> 1851 | Guardado como 1851_7_legacy_2026.docx,ok,1851
unmatched_import,5°C CATALINA ARAVENA.docx,Liceo Particular Mixto San Felipe Básica - RBD 14879/2026/PRE KINDER A/276416944/276416944_Informe a la Familia.docx,,Unmatched por RUT -> 1867 | Guardado como 1867_7_legacy_2026.docx,ok,1867
unmatched_import,8°D ALEX MUNOZ .docx,Liceo Particular Mixto San Felipe Básica - RBD 14879/2026/SEPTIMO D/241428648/241428648_Informe a la Familia.docx,,Unmatched por RUT -> 2128 | Guardado como 2128_7_legacy_2026.docx,ok,2128
unmatched_import,1°C Agustina Carvacho.docx,Liceo Particular Mixto San Felipe Básica - RBD 14879/2026/PRIMERO C/271692137/271692137_Informe a la Familia.docx,,Unmatched por RUT -> 2116 | Guardado como 2116_7_legacy_2026.docx,ok,2116
unmatched_import,2°C AGUSTINA REYES.docx,Liceo Particular Mixto San Felipe Básica - RBD 14879/2026/SEPTIMO A/243677955/243677955_Informe a la Familia.docx,,Unmatched por RUT -> 2200 | Guardado como 2200_7_legacy_2026.docx,ok,2200
unmatched_import,6°C  Rafaela Lazo .docx,Liceo Particular Mixto San Felipe Básica - RBD 14879/2026/CUARTO A/255302949/255302949_Informe a la Familia.docx,,Unmatched por RUT -> 2132 | Guardado como 2132_7_legacy_2026.docx,ok,2132
unmatched_import,8°D MAXIMO TOLEDO.docx,Liceo Particular Mixto San Felipe Básica - RBD 14879/2026/SEXTO A/246356890/246356890_Informe a la Familia.docx,,Unmatched por RUT -> 2232 | Guardado como 2232_7_legacy_2026.docx,ok,2232
unmatched_import,3°C FERNANDA ALVARADO .docx,Liceo Particular Mixto San Felipe Básica - RBD 14879/2026/SEXTO C/244908586/244908586_Informe a la Familia.docx,,Unmatched por RUT -> 2731 | Guardado como 2731_7_legacy_2026.docx,ok,2731
unmatched_import,7°C ALEXIS SOLIS.docx,Liceo Particular Mixto San Felipe Básica - RBD 14879/2026/PRE KINDER A/275575763/275575763_Informe a la Familia.docx,,Unmatched por RUT -> 2425 | Guardado como 2425_7_legacy_2026.docx,ok,2425
unmatched_import,1°C AMANDA VALENCIA.docx,Liceo Particular Mixto San Felipe Básica - RBD 14879/2026/TERCERO B/26183524K/26183524K_Informe a la Familia.docx,,Unmatched por RUT -> 2603 | Guardado como 2603_7_legacy_2026.docx,ok,2603
unmatched_import,7D Alan Mella BSF.docx,Liceo Particular Mixto San Felipe Básica - RBD 14879/2026/QUINTO D/252844635/252844635_Informe a la Familia.docx,,Unmatched por RUT -> 2443 | Guardado como 2443_7_legacy_2026.docx,ok,2443
unmatched_import,4°C MATEO ARENAS.docx,Liceo Particular Mixto San Felipe Básica - RBD 14879/2026/SEGUNDO C/265209920/265209920_Informe a la Familia.docx,,Unmatched por RUT -> 2266 | Guardado como 2266_7_legacy_2026.docx,ok,2266
unmatched_import,5D Adiel Gonzalez BSF.docx,Liceo Particular Mixto San Felipe Básica - RBD 14879/2026/PRE KINDER A/276520962/276520962_Informe a la Familia.docx,,Unmatched por RUT -> 2716 | Guardado como 2716_7_legacy_2026.docx,ok,2716
unmatched_import,8°C Arantxa Páez BSF.docx,Liceo Particular Mixto San Felipe Básica - RBD 14879/2026/CUARTO B/254613096/254613096_Informe a la Familia.docx,,Unmatched por RUT -> 2135 | Guardado como 2135_7_legacy_2026.docx,ok,2135
unmatched_import,PK°B MARIAJESUS AGUILERA.docx,Liceo Particular Mixto San Felipe Básica - RBD 14879/2026/OCTAVO C/239938833/239938833_Informe a la Familia.docx,,Unmatched por RUT -> 2442 | Guardado como 2442_7_legacy_2026.docx,ok,2442
unmatched_import,5°D AMPARO INSAMI.docx,Liceo Particular Mixto San Felipe Básica - RBD 14879/2026/PRE KINDER A/276219642/276219642_Informe a la Familia.docx,,Unmatched por RUT -> 2250 | Guardado como 2250_7_legacy_2026.docx,ok,2250
unmatched_import,7°B Agustín Lazen BSF.docx,Liceo Particular Mixto San Felipe Básica - RBD 14879/2026/PRIMERO A/270957625/270957625_Informe a la Familia.docx,,Unmatched por RUT -> 1825 | Guardado como 1825_7_legacy_2026.docx,ok,1825
unmatched_import,1°C ANDRES SANCHEZ.docx,Liceo Particular Mixto San Felipe Básica - RBD 14879/2026/PRIMERO C/268568646/268568646_Informe a la Familia.docx,,Unmatched por RUT -> 2621 | Guardado como 2621_7_legacy_2026.docx,ok,2621
unmatched_import,2° D SOULING HENRIQUEZ.docx,Liceo Particular Mixto San Felipe Media - RBD 14879/2026/2°D/232664010/232664010_Informe a la Familia.docx,,Unmatched por RUT -> 893 | Guardado como 893_7_legacy_2026.docx,ok,893
