n,status,message,drive_status,drive_path,student_id,document_id,school_id,alumno_pie360,archivo_drive,drive_file_id,folder_id
1,skipped,Ya existía 3133_7_legacy_2026.docx (folder 6212),,,3133,7,3,GABRIELA ALEJANDRA SALINAS CONTRERAS,InformeFamilia_4F-Gabriela Salinas.docx,1LsFQ9o8R0gTDE3aBeX2GSbLggDxu3AwH,6212
2,skipped,Ya existía 3998_7_legacy_2026.docx (folder 6213),,,3998,7,3,MIA NICOLE MORA MORA,InformeFamilia_1H-Mia Mora.docx,1Drj9e6NdBMM6V6suBdfuDzBNDudSbcid,6213
3,skipped,Ya existía 2922_7_legacy_2026.docx (folder 6214),,,2922,7,3,MATIAS EDU MENA ARMIJO,InformeFamilia_1F-Matias Mena.docx,1EnW6fIG_f7LTWqsbjce7zJ83UP4bmy7O,6214
4,skipped,Ya existía 2883_7_legacy_2026.docx (folder 6215),,,2883,7,3,SEBASTIAN ALEJANDRO RIVAS APONTE,InformeFamilia_3B-Sebastian Rivas.docx,1f4boPw_3Ra1nYlbWqgiP0oF2JsRVdmgM,6215
5,skipped,Ya existía 4543_7_legacy_2026.docx (folder 6216),,,4543,7,3,JENNYFER YADHIRA ANNAHIS PALMA ROJAS,InformeFamilia_3B-Jennyfer Palma.docx,1pglKbu6TnGaKLxHaCq_BFkIeSLJUWagq,6216
6,skipped,Ya existía 4607_7_legacy_2026.docx (folder 6217),,,4607,7,3,JULIAN ALONSO FUENTES SANTIS,InformeFamilia_3D-Julián Fuentes.docx,1ysY-eClrS1hBG30OhPHhvFFkD-xeZkge,6217
7,skipped,Ya existía 4681_7_legacy_2026.docx (folder 6218),,,4681,7,3,MAICOL ALEXANDER BASULTO TORRES,InformeFamilia_1A-Maicol Basulto.docx,14bxdAWc6_eL6Bq1j7t4zwtizZGENyCrw,6218
8,skipped,Ya existía 3090_7_legacy_2026.docx (folder 6219),,,3090,7,3,ANTONIA FERNANDA ALEGRIA CASTRO,InformeFamilia_2I-Antonia Alegria.docx,1fiY8qYsZNa7-Zj1nAc_TrMdFCU_y0NnE,6219
9,skipped,Ya existía 4523_7_legacy_2026.docx (folder 6220),,,4523,7,3,EMILY ANTONIA COLLAO ROBLES,InformeFamilia_4A-Emily Collao.docx,1Q7rTHiaM4eeR0haLVUZfUMo-9c7Jnvo7,6220
10,skipped,Ya existía 4160_7_legacy_2026.docx (folder 6221),,,4160,7,3,ALFONSO ANTONIO MENA OPAZO,InformeFamilia_1K-Alfonso Mena.docx,1FwQTZfG44u6gp0yPrso4WjnxXh7pPqVf,6221
11,skipped,Ya existía 3642_7_legacy_2026.docx (folder 6222),,,3642,7,3,SOFÍA ALEJANDRA MERCE HIDALGO,InformeFamilia_4D-Sofia Merce.docx,1tqoJzw_r3rX8pxGuI9ITpTn-8yw5Qs_D,6222
12,skipped,Ya existía 2891_7_legacy_2026.docx (folder 6223),,,2891,7,3,GABRIEL ALEJANDRO COLLAO ARANCIBIA,InformeFamilia_2D-Gabriel Collao.docx,1_IovuEChr2ol9lXfnDlhJJlD7I1a_x5a,6223
13,skipped,Ya existía 3772_7_legacy_2026.docx (folder 6224),,,3772,7,3,MAXIMILIANO ALEXANDER FERNANDEZ LIRA,InformeFamilia_1H-Maximiliano Fernández.docx,1hns0K7KV0-DucTGz5wGpwyeVW4a52pFS,6224
14,skipped,Ya existía 3075_7_legacy_2026.docx (folder 6225),,,3075,7,3,JOSE CARLOS ALBERTO ARANCIBIA CARVAJAL,InformeFamilia_3D-José Arancibia.docx,1LYWMwcFRGKBqt0FqpxTHrgkuKhN3Vud3,6225
15,skipped,Ya existía 3669_7_legacy_2026.docx (folder 6226),,,3669,7,3,FERNANDA ELIZABETH ACEVEDO IBACETA,InformeFamilia_3B-Fernanda Acevedo.docx,1ESFlLYbRLqQZwD8RBfOgQea1MW8gxeh5,6226
16,skipped,Ya existía 3646_7_legacy_2026.docx (folder 6227),,,3646,7,3,BRUNO DARIO RAMIREZ HINOJOSA,InformeFamilia_3D-Bruno Ramírez.docx,1kw37T5UOj6-pjD0YjRQQ35N3MJCVxJzI,6227
17,skipped,Ya existía 3145_7_legacy_2026.docx (folder 6228),,,3145,7,3,ANTONELLA BELEN MARQUEZ CORNEJO,InformeFamilia_2F-Antonella Márquez.docx,1zN8Z4mL3hRJR3XG4FWocQEwcIrsDlvss,6228
18,skipped,Ya existía 2938_7_legacy_2026.docx (folder 6229),,,2938,7,3,VICENTE ALEJANDRO CERDA ASTORGA,InformeFamilia_1C-Vicente Cerda.docx,1s6n3Lu0Jp-xG-eEgrjvr4XeMppgxG_ne,6229
19,skipped,Ya existía 4609_7_legacy_2026.docx (folder 6230),,,4609,7,3,JASSHIR  IGNACIO  DE JESUS SALINAS SASO,InformeFamilia_2A-Jasshir Salinas.docx,1NBEJrvCkXmmpGvtRHi8JTlWGLkM-_yi9,6230
20,skipped,Ya existía 3054_7_legacy_2026.docx (folder 6231),,,3054,7,3,JULIETTA ANTONIA CORTEZ CANALES,InformeFamilia_1F-Julietta Cortez.docx,1xixTCIzUn18EEa4DEzdWnCp-sKXV9J4R,6231
21,skipped,Ya existía 2881_7_legacy_2026.docx (folder 6232),,,2881,7,3,MARTIN ALEJANDRO CAMPOS APABLAZA,InformeFamilia_2C-Martin Campos.docx,1T7b1T7s2r8phc42HcMblU2TjafLUVJXC,6232
22,skipped,Ya existía 4687_7_legacy_2026.docx (folder 6233),,,4687,7,3,ANTONIA CONSTANZA LARRAIN TRUJILLO,InformeFamilia_3B-Antonia Larrain.docx,1zAWOtYeRTKeO3DBfj8TrtkZg8h5q4E71,6233
23,skipped,Ya existía 3049_7_legacy_2026.docx (folder 6234),,,3049,7,3,MICHELLE ALEJANDRA AURORA SARAVIA CAMPOS,InformeFamilia_1C-Michelle Saravia.docx,1YPbeIGrKcyS9HfRZzytvB9cXnxmGQlar,6234
24,skipped,Ya existía 3373_7_legacy_2026.docx (folder 6235),,,3373,7,3,AARON MOISES FUXS FUXS,InformeFamilia_1K-Aaron Fuxs.docx,1BK8yjbPx4r4-Iy2u2yGu3a_0NjH_51LG,6235
25,skipped,Ya existía 4727_7_legacy_2026.docx (folder 6236),,,4727,7,3,RENATO EDUARDO OROSTICA VASQUEZ,InformeFamilia_3D-Renato Orostica.docx,1k7Hsm1Lg_kFexHbQPDLFyZJEjVBrs1GP,6236
26,skipped,Ya existía 4462_7_legacy_2026.docx (folder 6237),,,4462,7,3,TOMAS BENJAMIN IBARRA RAMIREZ,InformeFamilia_1I-Tomas Ibarra.docx,1Z1rAayh1_1GsI6gCHA7pnaGKGlzhxFmt,6237
27,skipped,Ya existía 4344_7_legacy_2026.docx (folder 6238),,,4344,7,3,LUIS ANTONIO VICENCIO PINO,InformeFamilia_2J-Luis Vicencio.docx,1NLfyZBAjKziFOQxJriHnfk9G5IDvENbi,6238
28,skipped,Ya existía 4785_7_legacy_2026.docx (folder 6239),,,4785,7,3,TIARE ANGELINA RUIZ VILLARROEL,InformeFamilia_1G-Tiare Ruiz.docx,1ir2_VKI1ohJR1cklZQyqb1RJatbUUeYP,6239
29,skipped,Ya existía 4318_7_legacy_2026.docx (folder 6240),,,4318,7,3,MAYRA AYLIN TAPIA PEREZ,InformeFamilia_1H-Mayra Tapia.docx,19SwEYTqqZSmQRqwpuOfbu10RRGA9Exhs,6240
30,skipped,Ya existía 4611_7_legacy_2026.docx (folder 6241),,,4611,7,3,CRISTOBAL ANDRES BRAVO SEGURA,InformeFamilia_1K-Cristobal Bravo.docx,1iCQp-IIgnmx5HlwnFntGcrJa9CNi6EnX,6241
31,skipped,Ya existía 4549_7_legacy_2026.docx (folder 6242),,,4549,7,3,IVAN DAVID GONZALEZ ROMAN,InformeFamilia_2A-Ivan Gonzalez.docx,1mVXA29Mv2G03OjtDp1odC5PWT5M6KkAz,6242
32,skipped,Ya existía 4484_7_legacy_2026.docx (folder 6243),,,4484,7,3,GIULIANNA ELISABETH HERNÁNDEZ RETAMAL,InformeFamilia_4A-Giulianna Hernández.docx,1fuuE1CAo4ZsxB0iFfWKPIM_b7b8Wq0Hw,6243
33,skipped,Ya existía 3756_7_legacy_2026.docx (folder 6244),,,3756,7,3,MARTIN IGNACIO COLLIO LEIVA,InformeFamilia_1F-Martin Collio.docx,1gU7qcbqRcidRB5vvyNbs65yCCgEFvSfc,6244
34,skipped,Ya existía 4184_7_legacy_2026.docx (folder 6245),,,4184,7,3,MAXIMILIANO EXEQUIEL NAVARRO OROZCO,InformeFamilia_1D-Maximiliano Navarro.docx,19GegVfEZE6YkAfS8WXlNZomsf6RmHxyu,6245
35,skipped,Ya existía 4665_7_legacy_2026.docx (folder 6246),,,4665,7,3,NORTON JAVIER FUENTES TAPIA,InformeFamilia_1I-Norton Fuentes.docx,1n7Usl-e0w5h9Z5c4X491ezDjUoS-qHY8,6246
36,skipped,Ya existía 3269_7_legacy_2026.docx (folder 6247),,,3269,7,3,ANDER JAMIL GARRIDO ESPINOLA,InformeFamilia_3C-Ander Garrido.docx,1g9W09SOWYYPHA_eU3FWK5ef0ODlN6-1f,6247
37,skipped,Ya existía 3513_7_legacy_2026.docx (folder 6248),,,3513,7,3,SANTIAGO ARIAS GORDILLO,InformeFamilia_3E-Santiago Arias.docx,1EeasdmbEvnq_NluiqXPUU3dyai7ZzeVE,6248
38,skipped,Ya existía 4182_7_legacy_2026.docx (folder 6249),,,4182,7,3,DILAN JESUS PERALTA OROSTIZAGA,InformeFamilia_2I-Dilan Peralta.docx,1XdQVfBmH1cJyCgW0fIp-IcFgc-hqXubS,6249
39,skipped,Ya existía 3521_7_legacy_2026.docx (folder 6250),,,3521,7,3,FLORENCIA CAROLINA HENRIQUEZ GRIFFITHS,InformeFamilia_2A-Florencia Henriquez.docx,1WOeA7u71oY9V9RlOA9URxz1Gc_8UYQJH,6250
40,skipped,Ya existía 4624_7_legacy_2026.docx (folder 6251),,,4624,7,3,DENISSE ISIDORA MADRID SILVA,InformeFamilia_4H-Denisse Madrid.docx,1fKIT_-lmsK1XEGWJXHox2hgc7g5KHuYs,6251
41,skipped,Ya existía 4725_7_legacy_2026.docx (folder 6252),,,4725,7,3,MARITZA CAROLINA OLGUIN VASQUEZ,InformeFamilia_3A-Maritza Olguín.docx,1yiG8Y5UoATe-0ziolBTjlX35GCI5thbt,6252
42,skipped,Ya existía 3064_7_legacy_2026.docx (folder 6253),,,3064,7,3,DAMIAN ANTONIO VALDEBENITO CARRASCO,InformeFamilia_1G-Damián Valdebenito.docx,1jk4s8B8NrV3orhKv1QugwI79wOKZPO2F,6253
43,skipped,Ya existía 4750_7_legacy_2026.docx (folder 6254),,,4750,7,3,LUCIANO AVALOS VICENCIO,InformeFamilia_2J-Luciano Avalos.docx,1JpRi984EVjTSlP21Qri9i0BwSag0eWyT,6254
44,skipped,Ya existía 4076_7_legacy_2026.docx (folder 6255),,,4076,7,3,SEBASTIAN  IGNACIO ESPINDOLA MUÑOZ,InformeFamilia_2H-Sebastian Espindola.docx,1KYIto1mhhpxOknzINWHRnL93k5bimn0D,6255
45,skipped,Ya existía 3110_7_legacy_2026.docx (folder 6256),,,3110,7,3,IAN FRANKCO SEGOVIA CERDA,InformeFamilia_2E-Ian Segovia.docx,18hcZ_Hny4fd2ypz5watcSNcUscpwmWlI,6256
46,skipped,Ya existía 3681_7_legacy_2026.docx (folder 6257),,,3681,7,3,MARIA ANGELICA ARAYA INOSTROZA,InformeFamilia_1E-Maria Angelica.docx,1pSQiHxAHPCtKd00mfAp8Ch00N-UyKoDx,6257
47,skipped,Ya existía 3206_7_legacy_2026.docx (folder 6258),,,3206,7,3,LUCIANO MARTIN REA DANIELS,InformeFamilia_1K-Luciano Rea.docx,1ZxtsTrecLy8XILPIhcICA8cTtuhyuZEL,6258
48,skipped,Ya existía 3204_7_legacy_2026.docx (folder 6259),,,3204,7,3,MARIAJOSE IGNACIA ARAYA D'ALENCON,InformeFamilia_2J-Mariajose Araya.docx,1IbKszGLWCYdEuTxQQ1ii28oO9khWkgjL,6259
49,skipped,Ya existía 4637_7_legacy_2026.docx (folder 6260),,,4637,7,3,GABRIEL VICENTE ANTONIO COCIO SOTO,InformeFamilia_1G-Gabriel Cocio.docx,19MNBcX2szHYDjeB8gPMXs3ZTEguFoFTO,6260
50,skipped,Ya existía 2855_7_legacy_2026.docx (folder 6261),,,2855,7,3,GABRIELA ESPERANZA VERGARA ALFARO,InformeFamilia_3A-Gabriela Vergara.docx,1NQK8FadWPDZWHetKLyDxLJtqrCPNo7E5,6261
51,skipped,Ya existía 3115_7_legacy_2026.docx (folder 6262),,,3115,7,3,NEHEMIAS DAVID MUÑOZ CHACÓN,InformeFamilia_1G-Nehemias Muñoz.docx,1g2hTgjcEoD7T13ibxSVzEKsm_NPQdxgD,6262
52,skipped,Ya existía 3596_7_legacy_2026.docx (folder 6263),,,3596,7,3,AFRICA SINAI PEREZ HERNANDEZ,InformeFamilia_3A-África Perez.docx,1MwHST-wXRVZg5Aavgj5eHjudig8HO7bG,6263
53,skipped,Ya existía 4783_7_legacy_2026.docx (folder 6264),,,4783,7,3,NAHIA ISIDORA PONCE VILLARROEL,InformeFamilia_1B-Nahia Ponce.docx,1BUxEuc5wcujpjR_cyIoFAkvTVdtHObz-,6264
54,skipped,Ya existía 3804_7_legacy_2026.docx (folder 6265),,,3804,7,3,DANKO ANTONIO PINTO LOPEZ,InformeFamilia_3C-Danko Pinto.docx,1d7m-sIwwjJUnc9suE41f2_F-oAmlDW2u,6265
55,skipped,Ya existía 3099_7_legacy_2026.docx (folder 6266),,,3099,7,3,KEVIN GASTON RAMIREZ CASTRO,InformeFamilia_1E-Kevin Ramirez.docx,1c5bFLM39-JuRcW5Ds7FKi6dkslg2nN3C,6266
56,skipped,Ya existía 3695_7_legacy_2026.docx (folder 6267),,,3695,7,3,LAURA ANTONIA CONSTANZO JARA,InformeFamilia_1I-Laura Constanzo.docx,1542goj0ftQLlXrz-HggBRrdSnl6EGSwv,6267
57,skipped,Ya existía 4660_7_legacy_2026.docx (folder 6268),,,4660,7,3,LUKAS FABIANO PALOMINOS TAPIA,InformeFamilia_3B-Lukas Palominos.docx,1mfyj-5btbbsaK0UF8H2igrx-9OqWCPez,6268
58,skipped,Ya existía 4547_7_legacy_2026.docx (folder 6269),,,4547,7,3,NELSON GIORDANO MEZA ROJAS,InformeFamilia_2A-Nelson Meza.docx,1MEjusXTvy-nr6FdaCYOgoReWQjnqapWq,6269
59,skipped,Ya existía 4250_7_legacy_2026.docx (folder 6270),,,4250,7,3,JUAN ALFONSO ESTEFANO ARANCIBIA PAEZ,InformeFamilia_1E-Juan Arancibia.docx,1FTUca6UVFe6CviKEqHXT_sZSnuFISNu2,6270
60,skipped,Ya existía 3186_7_legacy_2026.docx (folder 6271),,,3186,7,3,AGUSTIN ALEJANDRO POZO CRISOSTOMO,InformeFamilia_2I-Agustin Pozo.docx,1qoxpzLJUY_f_62L-cKzQO9xzIG9lHUY8,6271
61,skipped,Ya existía 3630_7_legacy_2026.docx (folder 6272),,,3630,7,3,MATIAS ALEXANDER SANCHEZ HERRERA,InformeFamilia_4G-Matias Sanchez.docx,1qcMTB5PGDAgv0r93lXampG08IKMwlTlU,6272
62,skipped,Ya existía 3358_7_legacy_2026.docx (folder 6273),,,3358,7,3,NEYMAR ALEXANDER VILLALON FLORES,InformeFamilia_1B-Neymar Villalón.docx,1K_aGIOW2zJRNuLZwDnj7JLZJyLleYed9,6273
63,skipped,Ya existía 3098_7_legacy_2026.docx (folder 6274),,,3098,7,3,JACKSON GABRIEL COLMENARES CASTRO,InformeFamilia_2E-Jackson Colmenares.docx,1uiQRr-tvowc2fLIFp0Caw2ET4xcHtUze,6274
64,skipped,Ya existía 3036_7_legacy_2026.docx (folder 6275),,,3036,7,3,GABRIELA ANTONIA POBLETE CALDERON,InformeFamilia_1G-Gabriela Poblete.docx,1e3n-K32pSTZEg7TEpS-9JvHpP_7FYckw,6275
65,skipped,Ya existía 3014_7_legacy_2026.docx (folder 6276),,,3014,7,3,ANDRU CÉSAR ALEGRÍA CABALLERO,InformeFamilia_1D-Andru Alegría.docx,1E4kFfmCimyC2YHJdLO1teafu3Uh95Bsj,6276
66,skipped,Ya existía 2900_7_legacy_2026.docx (folder 6277),,,2900,7,3,BENJAMIN DAVID TRIVIÑO ARAYA,InformeFamilia_1G-Benjamin Triviño.docx,10A-4zatPLPGw2Vp3Vk9PpS9gdwcIVArq,6277
67,skipped,Ya existía 4541_7_legacy_2026.docx (folder 6278),,,4541,7,3,DYLAN ALEXANDER AROS ROJAS,InformeFamilia_3F-Dylan Aros.docx,1hTraen8Lrw5jbHwqLjQc_CJneawXQ1kG,6278
68,skipped,Ya existía 4693_7_legacy_2026.docx (folder 6279),,,4693,7,3,WILLIAM ANTONIO FUENZALIDA URETA,InformeFamilia_4E-William Fuenzalida.docx,1svTdkhNYJSpvbTqePZoFkvuezG-vC7mP,6279
69,skipped,Ya existía 4050_7_legacy_2026.docx (folder 6280),,,4050,7,3,GERARDO IGNACIO COLARTE MUÑOZ,InformeFamilia_1I-Gerardo Colarte.docx,132dHdPR4IdBF4uCse5BtsySF9uA7Ttry,6280
70,skipped,Ya existía 4134_7_legacy_2026.docx (folder 6281),,,4134,7,3,ROBINSON CRISTOBAL MEDINA OGALDE,InformeFamilia_1E-Robinson Medina.docx,12Pk9mMNZnNF4OLy4EA8_TMUFri7IVJEz,6281
71,skipped,Ya existía 2867_7_legacy_2026.docx (folder 6282),,,2867,7,3,ISABELLA EVA DIAZ ALVAREZ,InformeFamilia_2E-Isabella Díaz.docx,1OJHugh2WYhy4xB4w3-vI5qvHFP3jd8Ly,6282
72,skipped,Ya existía 4801_7_legacy_2026.docx (folder 6283),,,4801,7,3,FRANCISCA EMILIA CORTES ZAMORA,InformeFamilia_2H-Francisca Cortes.docx,1nB6r21xLtameCd6t-GhbaOAu8Q9PP0tl,6283
73,skipped,Ya existía 3293_7_legacy_2026.docx (folder 6284),,,3293,7,3,BENJAMIN ERNESTO VICENCIO ESTRELLA,InformeFamilia_1A-Benjamin Vicencio.docx,1MJAS-SkbQEdqkdo_R8oFHLotgJXLfejc,6284
74,skipped,Ya existía 4554_7_legacy_2026.docx (folder 6285),,,4554,7,3,XIOMARA ALEJANDRA ANABALON RUIZ,InformeFamilia_1G-Xiomara Anabalón.docx,1Ss6oOtWewl2H_RsqV9XGLaVm-G-9r564,6285
75,skipped,Ya existía 4396_7_legacy_2026.docx (folder 6286),,,4396,7,3,VICENTE ALFREDO OJEDA PULGAR,InformeFamilia_3E-Vicente Ojeda.docx,14CUB22-u6VZeC093e1zvbqaAVKkiFHUP,6286
76,skipped,Ya existía 4428_7_legacy_2026.docx (folder 6287),,,4428,7,3,VICTORIA STEFANY BACHIR QUIROGA,InformeFamilia_3D-Victoria Bachir.docx,1YIhmftZqklQ6Dg_c1DcwMloHMkvUU9YQ,6287
77,skipped,Ya existía 3050_7_legacy_2026.docx (folder 6288),,,3050,7,3,PAZ ANTONELLA MORENO CAMPOS,InformeFamilia_2F-Paz Moreno.docx,1pe15XSmACHwvB_Yu_I185Q7-CUneUsXs,6288
78,skipped,Ya existía 3078_7_legacy_2026.docx (folder 6289),,,3078,7,3,CONSTANZA BELEN ALIAGA CARVALLO,InformeFamilia_4F-Constanza Aliaga.docx,1khCiCpi-4R0xQb7ocGEmA7Dyr5aT8uq_,6289
79,skipped,Ya existía 2819_7_legacy_2026.docx (folder 6290),,,2819,7,3,NAYIARET THAIS VEGA ABARZUA,InformeFamilia_3F-Nayiaret Vega.docx,1-Dj4nDQ4nlm9ujTzuOW7AASBiey_AXjg,6290
80,skipped,Ya existía 3758_7_legacy_2026.docx (folder 6291),,,3758,7,3,PAOLO ANDRES ESCOBAR LEIVA,InformeFamilia_1A-Paolo Escobar.docx,15HZMDhOdcLn81_NUN2nhX1H6oPf2G4e6,6291
81,skipped,Ya existía 4584_7_legacy_2026.docx (folder 6292),,,4584,7,3,SOFIA VICTORIA MUÑOZ SALINAS,InformeFamilia_3F-Sofia Muñoz.docx,1zqEu24yQtxqxcwITTA3wuwRk2Vi5yHSX,6292
82,skipped,Ya existía 2847_7_legacy_2026.docx (folder 6293),,,2847,7,3,MARTINA IGNACIA FIGUEROA ALBARRAN,InformeFamilia_2C-Martina Figueroa.docx,1-dBynB2c2A46cC8QyEr_J2_KiXJlAy3B,6293
83,skipped,Ya existía 3240_7_legacy_2026.docx (folder 6294),,,3240,7,3,VICENTE JESUS SEREY DONOSO,InformeFamilia_1F-Vicente Serey.docx,1OUjKcuWOmk51k_hMTVqL_TTtUI5ixDEe,6294
84,skipped,Ya existía 4682_7_legacy_2026.docx (folder 6295),,,4682,7,3,MAXIMILIANO AGUSTIN BIADAYOLI TORRES,InformeFamilia_1C-Maximiliano Biadayoli.docx,1U4P7jhMrn-LbIl9YaQ-nHzEy9QDlV244,6295
85,ok,Guardado como 2854_7_legacy_2026.docx,ok,Liceo Mixto Bicentenario de Excelencia los Andes Media - RBD 1213/2026/1F ARLETTE GENERAL SALA 306/237124405/237124405_Informe a la Familia.docx,2854,7,3,ESTEBAN ALFONSO VERGARA ALFARO,InformeFamilia_1F-Esteban Vergara.docx,17ZxkAufAs3ylH-qzc-jWtrnA6XLozetS,6296
86,ok,Guardado como 3792_7_legacy_2026.docx,ok,Liceo Mixto Bicentenario de Excelencia los Andes Media - RBD 1213/2026/1B AURIMAR GOMEZ SALA 301/238483964/238483964_Informe a la Familia.docx,3792,7,3,AGUSTIN IGNACIO MIQUEL LOPEZ,InformeFamilia_1B-Agustín Miquel.docx,1jgxsYNSAWwKz_6yNXqB0u7V7pnlH9mEm,6297
87,ok,Guardado como 4540_7_legacy_2026.docx,ok,Liceo Mixto Bicentenario de Excelencia los Andes Media - RBD 1213/2026/1D ANA BRICEÑO SALA 102/23630468K/23630468K_Informe a la Familia.docx,4540,7,3,DUVAN JESUS PALMA ROJAS,InformeFamilia_1D-Duvan Palma.docx,1qyS-CDdk557g_sz0UWgih0i_wapBc7H1,6298
88,ok,Guardado como 3992_7_legacy_2026.docx,ok,Liceo Mixto Bicentenario de Excelencia los Andes Media - RBD 1213/2026/2E KAREN ORELLANA SALA 101/23387390K/23387390K_Informe a la Familia.docx,3992,7,3,JADDE ESCARLETT DIAZ MONTIEL,InformeFamilia_2E-Jadde Diaz.docx,10IsZoSWiaodgenRJEzGfagXT6yddJoKM,6299
89,ok,Guardado como 3192_7_legacy_2026.docx,ok,Liceo Mixto Bicentenario de Excelencia los Andes Media - RBD 1213/2026/3F LAB. QUI. MATIAS QUIROZ SALA 201/23279741K/23279741K_Informe a la Familia.docx,3192,7,3,CONSTANZA AURORA PEREZ CRUZ,InformeFamilia_3F-Constanza Perez.docx,18x7UADqgEUF3ij2vqtROs671VSZMmL06,6300
90,ok,Guardado como 4086_7_legacy_2026.docx,ok,Liceo Mixto Bicentenario de Excelencia los Andes Media - RBD 1213/2026/1C PILAR LEMUS SALA 116/237997662/237997662_Informe a la Familia.docx,4086,7,3,AGUSTIN PATRICIO URIBE NAVARRETE,InformeFamilia_1C-Agustin Uribe.docx,1HvPKvXsJJflOQBvO0Eq1OYfjvHvf_mIb,6301
91,ok,Guardado como 3948_7_legacy_2026.docx,ok,Liceo Mixto Bicentenario de Excelencia los Andes Media - RBD 1213/2026/2F FERNANDA GALLARDO SALA 213/229609874/229609874_Informe a la Familia.docx,3948,7,3,TOMAS FELIPE CASTILLO MENA,InformeFamilia_2° Medio F_Tomás Castillo.docx,1SqQxBu-JAH3RABUwlEP9vQIATJkZjbso,6302
92,ok,Guardado como 2967_7_legacy_2026.docx,ok,Liceo Mixto Bicentenario de Excelencia los Andes Media - RBD 1213/2026/1G MARIA BELMAR SALA 203/1005913531/1005913531_Informe a la Familia.docx,2967,7,3,YOREINNY CHIQUINQUIRA MELEAN BECERRA,InformeFamilia_1° Medio G_Yoreinny Melean (3).docx,13Lut7H9xYuUMY8NDIQECYVcXEFuwwWjY,6303
93,ok,Guardado como 4654_7_legacy_2026.docx,ok,Liceo Mixto Bicentenario de Excelencia los Andes Media - RBD 1213/2026/1B AURIMAR GOMEZ SALA 301/238935474/238935474_Informe a la Familia.docx,4654,7,3,DYLAN GABRIEL BALMACEDA TAPIA,InformeFamilia_1B-Dylan Balmaceda.docx,1ZuHllp4o-00Ni0W3kXvvG49uk5c7r5lK,6304
94,ok,Guardado como 2914_7_legacy_2026.docx,ok,Liceo Mixto Bicentenario de Excelencia los Andes Media - RBD 1213/2026/1B AURIMAR GOMEZ SALA 301/232850590/232850590_Informe a la Familia.docx,2914,7,3,LUCIANO EMILIO TORRES ARENAS,InformeFamilia_1B-Luciano Torres.docx,1biU6c8lxlYjC6MIYkVHS2UoDI6Sr5dZR,6305
95,ok,Guardado como 2892_7_legacy_2026.docx,ok,Liceo Mixto Bicentenario de Excelencia los Andes Media - RBD 1213/2026/3E TELECO. DANIEL PIZARRO SALA 104/230491933/230491933_Informe a la Familia.docx,2892,7,3,KENJI KOUSAGI OSSES ARANCIBIA,InformeFamilia_3E-Kenji Osses.docx,1u984QeuqDbGSt_KAasu-SW7iI2biSPec,6306
96,ok,Guardado como 4595_7_legacy_2026.docx,ok,Liceo Mixto Bicentenario de Excelencia los Andes Media - RBD 1213/2026/3B ADMINIST. PAOLA PEREZ SALA 312/230969493/230969493_Informe a la Familia.docx,4595,7,3,FLORENCIA PASCAL GUAJARDO SANCHEZ,InformeFamilia_3B-Florencia Guajardo.docx,1FiEZRnEWcRy9xuL4WBfbWNMtqzHSXTuP,6307
97,ok,Guardado como 3174_7_legacy_2026.docx,ok,Liceo Mixto Bicentenario de Excelencia Los Andes Básica 2 - RBD 1213/2026/TERCERO B/257538524/257538524_Informe a la Familia.docx,3174,7,2,AUSTIN MATHEO MARTINEZ AHUMADA,3°B Austin Martinez B2 - Informe a la familia.docx,1xYKaZvt8f9payE1wTOUpMwmQyBZpS-Kn,6308
98,ok,Guardado como 4159_7_legacy_2026.docx,ok,Liceo Mixto Bicentenario de Excelencia Los Andes Básica 2 - RBD 1213/2026/PREKINDER B/275747580/275747580_Informe a la Familia.docx,4159,7,2,MARTIN ALFONSO QUIROZ QUIROZ,PK°B Martin Quiroz B2 - Informe a la familia.docx,13IMfMzdVffyR6Hjqaq3qkC1pLmwQHnrl,6309
99,ok,Guardado como 3732_7_legacy_2026.docx,ok,Liceo Mixto Bicentenario de Excelencia Los Andes Básica 2 - RBD 1213/2026/PRIMERO A/272175101/272175101_Informe a la Familia.docx,3732,7,2,MATEO IGNACIO PINTO HERMOSILLA,1°A Mateo Pinto B2 - Informe a la familia.docx,1Nri9Kwz1CWe7HYhOPvhjsce8xRDzFrRF,6310
100,ok,Guardado como 4283_7_legacy_2026.docx,ok,Liceo Mixto Bicentenario de Excelencia Los Andes Básica 2 - RBD 1213/2026/PRE-KINDER A/1008506260/1008506260_Informe a la Familia.docx,4283,7,2,MASSIEL FERNANDO DEBIASSI SOSA,PK°A Massiel Debiassi B2 - Informe a la familia.docx,1C0WHZQPgb6k6nOCIM_TSaxi4noz2xbAA,6311
101,ok,Guardado como 4031_7_legacy_2026.docx,ok,Liceo Mixto Bicentenario de Excelencia Los Andes Básica 2 - RBD 1213/2026/PRE-KINDER A/276467182/276467182_Informe a la Familia.docx,4031,7,2,ROLANDO JOSE ANJARÍ ORELLANA,PK°A Rolando Anjarí B2 - Informe a la familia.docx,12o7f8uUwkBfbEMIQvLAknaqGweKyFtMu,6312
102,ok,Guardado como 3418_7_legacy_2026.docx,ok,Liceo Mixto Bicentenario de Excelencia Los Andes Básica 2 - RBD 1213/2026/TERCERO B/260840762/260840762_Informe a la Familia.docx,3418,7,2,BELEN IGNACIA GONZALEZ CARVACHO,3°B Belen Gonzalez B2 - Informe a la familia.docx,1zHFlnNv1Ov1YBiiumzk3z15Xc3fPj4q7,6313
103,ok,Guardado como 4289_7_legacy_2026.docx,ok,Liceo Mixto Bicentenario de Excelencia Los Andes Básica 2 - RBD 1213/2026/QUINTO B/249749974/249749974_Informe a la Familia.docx,4289,7,2,IGNACIO JAVIER ROBLES SOTO,5°B Ignacio Robles B2 - Informe a la familia.docx,1O-RvNwOBzvCzE-wmX6LxkzCAmavOeYQj,6314
104,ok,Guardado como 4271_7_legacy_2026.docx,ok,Liceo Mixto Bicentenario de Excelencia Los Andes Básica 2 - RBD 1213/2026/PRIMERO B/272482411/272482411_Informe a la Familia.docx,4271,7,2,NICOLAS ANDRES GALDAMES SIERRA,1°B Nicolas Galdames B2 - Informe a la familia.docx,1rzJD2JNOXLwC3yqVySd7SUXPcBpH5QAm,6315
105,ok,Guardado como 3819_7_legacy_2026.docx,ok,Liceo Mixto Bicentenario de Excelencia Los Andes Básica 2 - RBD 1213/2026/OCTAVO B/239402208/239402208_Informe a la Familia.docx,3819,7,2,GENECISS ANTONELLA JOFRE LAZO,8°B Geneciss Jofre B2 - Informe a la familia.docx,19Yu8VbwCUKO12kr8kBisPffALKhlmPGm,6316
106,ok,Guardado como 3921_7_legacy_2026.docx,ok,Liceo Mixto Bicentenario de Excelencia Los Andes Básica 2 - RBD 1213/2026/KINDER B/270939600/270939600_Informe a la Familia.docx,3921,7,2,FIORELLA ANDREA VALLEJOS MERCHAN,K°B Fiorella Vallejos B2 - Informe a la familia.docx,1UdcHkkUJ5H8Kz2kMKRjQh16BD53aEhqc,6317
107,ok,Guardado como 3827_7_legacy_2026.docx,ok,Liceo Mixto Bicentenario de Excelencia Los Andes Básica 2 - RBD 1213/2026/PREKINDER B/275932094/275932094_Informe a la Familia.docx,3827,7,2,AMANDA ANTONIA VASQUEZ LIZANA,PK°B Amanda Vasquez B2 - Informe a la familia.docx,1A0Cc3Pn3yYw4ZdNJ2EFP_VrsaHhFUM0Z,6318
108,ok,Guardado como 3708_7_legacy_2026.docx,ok,Liceo Mixto Bicentenario de Excelencia Los Andes Básica 2 - RBD 1213/2026/OCTAVO A/239113702/239113702_Informe a la Familia.docx,3708,7,2,MATEO ALONSO ERAZO GUEVARA,8°A Mateo Erazo B2 - Informe a la familia.docx,1aPxeRu65NPfJni5IUX54oh8rbZj1NXKF,6319
109,ok,Guardado como 3446_7_legacy_2026.docx,ok,Liceo Mixto Bicentenario de Excelencia Los Andes Básica 2 - RBD 1213/2026/SEPTIMO B/237779037/237779037_Informe a la Familia.docx,3446,7,2,JAVIERA ANTONIA DIAZ CASTILLO,7°B Javiera Diaz B2 - Informe a la familia.docx,18GipgaZQtPgZ7qtwiTco33oUbrgDLJgC,6320
110,ok,Guardado como 3284_7_legacy_2026.docx,ok,Liceo Mixto Bicentenario de Excelencia Los Andes Básica 2 - RBD 1213/2026/PRE-KINDER A/277388162/277388162_Informe a la Familia.docx,3284,7,2,AMANDA CECILIA TAPIA AVIO,PK°A Amanda Tapia B2 - Informe a la familia.docx,1BEu3dEqIhdFjI7hoN--xVQMnhxQNv2Hl,6321
111,ok,Guardado como 3298_7_legacy_2026.docx,ok,Liceo Mixto Bicentenario de Excelencia Los Andes Básica 2 - RBD 1213/2026/SEGUNDO B/260574000/260574000_Informe a la Familia.docx,3298,7,2,NATALIA IGNACIA MUÑOZ AYALA,2°B Natalia Muñoz B2 - Informe a la familia.docx,1m-YILVW5OYe50-HkpOsCi9c7CLoAmWOn,6322
112,ok,Guardado como 4139_7_legacy_2026.docx,ok,Liceo Mixto Bicentenario de Excelencia Los Andes Básica 2 - RBD 1213/2026/TERCERO A/258758900/258758900_Informe a la Familia.docx,4139,7,2,NAHUM ENAM WRIGHT PUJADO,3°A Nahum Wright B2 - Informe a la familia.docx,1hLdnr4t11qvTRrFlYURG8cXxELu7r9pm,6323
113,ok,Guardado como 4483_7_legacy_2026.docx,ok,Liceo Mixto Bicentenario de Excelencia Los Andes Básica 2 - RBD 1213/2026/SEXTO A/246882479/246882479_Informe a la Familia.docx,4483,7,2,ALVARO ROMAN SALINAS ZAGAL,6°A Alvaro Salinas B2 - Informe a la familia.docx,1iFYPJeyDvkBEoUp55OD6U7vh_w3JgIwR,6324
114,ok,Guardado como 3500_7_legacy_2026.docx,ok,Liceo Mixto Bicentenario de Excelencia Los Andes Básica 2 - RBD 1213/2026/CUARTO B/25412897K/25412897K_Informe a la Familia.docx,3500,7,2,JOEL IGNACIO PARRA CIFUENTES,4°B Joel Parra B2 - Informe a la familia.docx,1tszrdT3NpF6zfzU5cE7naUhkj9VmGnYd,6325
115,ok,Guardado como 3410_7_legacy_2026.docx,ok,Liceo Mixto Bicentenario de Excelencia Los Andes Básica 2 - RBD 1213/2026/PRE-KINDER A/276958496/276958496_Informe a la Familia.docx,3410,7,2,SEBASTIAN CESAR CORO CARRERA,PK°A Sebastian Coro B2 - Informe a la familia.docx,1FSZyA4x3JzK1iXnuGieZDkP3KU0VdouN,6326
116,ok,Guardado como 4137_7_legacy_2026.docx,ok,Liceo Mixto Bicentenario de Excelencia Los Andes Básica 2 - RBD 1213/2026/PRE-KINDER A/275042900/275042900_Informe a la Familia.docx,4137,7,2,ELIAM NAIN WRIGHT PUJADO,PK°A Eliam Wright B2 - Informe a la familia.docx,1JKrPskCc4WfpuV4ZDFWfheXIzXr3fDJ8,6327
117,ok,Guardado como 4417_7_legacy_2026.docx,ok,Liceo Mixto Bicentenario de Excelencia Los Andes Básica 2 - RBD 1213/2026/KINDER A/27385746K/27385746K_Informe a la Familia.docx,4417,7,2,CAMILO ANDRES SILVA VIDAL,K°A Camilo Silva B2 - Informe a la familia.docx,1WeUPBt2CKMATpDNOmcSFmtigNl8lTztR,6328
118,ok,Guardado como 3937_7_legacy_2026.docx,ok,Liceo Mixto Bicentenario de Excelencia Los Andes Básica 2 - RBD 1213/2026/PREKINDER B/27726563K/27726563K_Informe a la Familia.docx,3937,7,2,ALEX MARC MADRIAGA MONROY,PK°B Alex Madriaga B2 - Informe a la familia.docx,1btsEdNNEgy3PwULwFgjTbScvpHY8Fph5,6329
119,ok,Guardado como 4473_7_legacy_2026.docx,ok,Liceo Mixto Bicentenario de Excelencia Los Andes Básica 2 - RBD 1213/2026/PRE-KINDER A/275109061/275109061_Informe a la Familia.docx,4473,7,2,LUCIA SIMONETTE JAQUE VULETIN,PK°A Lucia Jaque B2 - Informe a la familia.docx,14b-dYeZmR9DRWc57RgCBirOfQhvXGKj8,6330
120,ok,Guardado como 3547_7_legacy_2026.docx,ok,Liceo Mixto Bicentenario de Excelencia Los Andes Básica 2 - RBD 1213/2026/TERCERO B/261243776/261243776_Informe a la Familia.docx,3547,7,2,DARA MILAGROS CARRERA CUERO,3°B Dara Carrera B2 - Informe a la familia.docx,1TH2-jjW58VIhyzNHoMXhHv3L1edORFUl,6331
121,ok,Guardado como 4225_7_legacy_2026.docx,ok,Liceo Mixto Bicentenario de Excelencia Los Andes Básica 2 - RBD 1213/2026/QUINTO A/251333904/251333904_Informe a la Familia.docx,4225,7,2,ALONSO EDUARDO VILLALOBOS SAA,5°A Alonso Villalobos B2 - Informe a la familia.docx,1XwVhvtm27eb5cJvLz696xGPw3TLSEV3u,6332
122,ok,Guardado como 3349_7_legacy_2026.docx,ok,Liceo Mixto Bicentenario de Excelencia Los Andes Básica 2 - RBD 1213/2026/PREKINDER B/277573008/277573008_Informe a la Familia.docx,3349,7,2,SOFIA AURORA HERNANDEZ BETANCURT,PK°B Sofia Hernandez B2 - Informe a la familia.docx,1jpmXsFcfpALtlOXoxBJID-A_6ImLty4D,6333
123,ok,Guardado como 3929_7_legacy_2026.docx,ok,Liceo Mixto Bicentenario de Excelencia Los Andes Básica 2 - RBD 1213/2026/PREKINDER B/276150480/276150480_Informe a la Familia.docx,3929,7,2,AMANDA PASKAL COSSIO MIRANDA,PK°B Amanda Cossio B2 - Informe a la familia.docx,1xpBdKhZxnWfmspjpUKIMm8z1JyChyhLf,6334
124,ok,Guardado como 3400_7_legacy_2026.docx,ok,Liceo Mixto Bicentenario de Excelencia Los Andes Básica 2 - RBD 1213/2026/KINDER A/273220291/273220291_Informe a la Familia.docx,3400,7,2,AMBAR LUCIA RESTREPO CANO,K°A Ambar Restrepo B2 - Informe a la familia.docx,1WE7lY-edQNvCMUgHTxw5ClLMLBEI7XHA,6335
125,ok,Guardado como 4319_7_legacy_2026.docx,ok,Liceo Mixto Bicentenario de Excelencia Los Andes Básica 2 - RBD 1213/2026/KINDER A/273323341/273323341_Informe a la Familia.docx,4319,7,2,EVAN LEON ALVAREZ TAPIA,K°A Evan Alvarez B2 - Informe a la familia.docx,1kMPRyUIJ0GkfSP5ueU8MD84_Lcew5qoU,6336
126,ok,Guardado como 3310_7_legacy_2026.docx,ok,Liceo Mixto Bicentenario de Excelencia Los Andes Básica 2 - RBD 1213/2026/OCTAVO A/257251632/257251632_Informe a la Familia.docx,3310,7,2,JEAN PAUL FALCONES BAJAÑA,8°A Jean Falcones B2 - Informe a la familia.docx,1lIGDYRhCNwsykRclmjWAB7H5GK4VDSKV,6337
127,ok,Guardado como 3189_7_legacy_2026.docx,ok,Liceo Mixto Bicentenario de Excelencia Los Andes Básica 2 - RBD 1213/2026/SEXTO B/246294593/246294593_Informe a la Familia.docx,3189,7,2,JOSE THOMAS ALBERTO FIGUEROA ALARCON,6°B Jose Figueroa B2 - Informe a la familia.docx,1Eu_dqFbW_NlyP42KnID0wVJaPNmowjdr,6338
128,ok,Guardado como 3875_7_legacy_2026.docx,ok,Liceo Mixto Bicentenario de Excelencia Los Andes Básica 2 - RBD 1213/2026/SEXTO B/246651906/246651906_Informe a la Familia.docx,3875,7,2,KIARA ELIZABETH ALBORNOZ MALDONADO,6°B Kiara Albornoz B2 - Informe a la familia.docx,1fWvdx5ZfG_LH903DIYygwBIQASohCTcd,6339
129,ok,Guardado como 3314_7_legacy_2026.docx,ok,Liceo Mixto Bicentenario de Excelencia Los Andes Básica 2 - RBD 1213/2026/TERCERO B/257518965/257518965_Informe a la Familia.docx,3314,7,2,GIOVANNI ANTONIO NAVEA BALDO,3°B Giovanni Navea B2 - Informe a la familia.docx,15Z3a_4dNkAyWNpVJPWLST89nKUPy6eJ3,6340
130,ok,Guardado como 4119_7_legacy_2026.docx,ok,Liceo Mixto Bicentenario de Excelencia Los Andes Básica 2 - RBD 1213/2026/QUINTO A/248721316/248721316_Informe a la Familia.docx,4119,7,2,VICENTE FRANCISCO OLIVA PINILLA,5°A Vicente Oliva B2 - Informe a la familia.docx,1YIUF4RNwlTs3RS1_2eBrpXTPtv7LbucI,6341
131,ok,Guardado como 3726_7_legacy_2026.docx,ok,Liceo Mixto Bicentenario de Excelencia Los Andes Básica 2 - RBD 1213/2026/SEPTIMO A/245433093/245433093_Informe a la Familia.docx,3726,7,2,ANTONELHA ESTEFANIA PICHUN HERMOSILLA,7°A Antonelha Pichun B2 - Informe a la familia.docx,1YD62yTMaIE0NpTbOcvi0N4Mf0GYL4ite,6342
132,ok,Guardado como 4165_7_legacy_2026.docx,ok,Liceo Mixto Bicentenario de Excelencia Los Andes Básica 2 - RBD 1213/2026/PREKINDER B/276473824/276473824_Informe a la Familia.docx,4165,7,2,SEBASTIAN IGNACIO SAAVEDRA RAMIREZ,PK°B Sebastian Saavedra B2 - Informe a la familia.docx,1u70n92CcT-8aTKqwc9FNfb8-RbF4vil9,6343
133,ok,Guardado como 4029_7_legacy_2026.docx,ok,Liceo Mixto Bicentenario de Excelencia Los Andes Básica 2 - RBD 1213/2026/SEXTO B/246799539/246799539_Informe a la Familia.docx,4029,7,2,LUCAS MAXIMILIANO CONTRERAS ORELLANA,6°B Lucas Contreras B2 - Informe a la familia.docx,1irovKKRKxEFjXq8FpAA81gmhmdqqWQtk,6344
134,ok,Guardado como 4485_7_legacy_2026.docx,ok,Liceo Mixto Bicentenario de Excelencia Los Andes Básica 2 - RBD 1213/2026/TERCERO A/25788080K/25788080K_Informe a la Familia.docx,4485,7,2,EITHAN NICOLAS SALINAS ZAGAL,3°A Eithan Salinas B2 - Informe a la familia.docx,1B-RJh5kqgMZF7L_LkBBWeSyofsF9h_1m,6345
135,ok,Guardado como 3347_7_legacy_2026.docx,ok,Liceo Mixto Bicentenario de Excelencia Los Andes Básica 2 - RBD 1213/2026/SEPTIMO A/245706359/245706359_Informe a la Familia.docx,3347,7,2,JOAQUIN ALONSO HERNANDEZ BETANCURT,7°A Joaquin Hernandez B2 - Informe a la familia.docx,1WV_Z3FEadN9tELrPps1bqLdN_GFrjNhi,6346
136,ok,Guardado como 4233_7_legacy_2026.docx,ok,Liceo Mixto Bicentenario de Excelencia Los Andes Básica 2 - RBD 1213/2026/SEPTIMO B/241562034/241562034_Informe a la Familia.docx,4233,7,2,GABRIEL HERNAN ALEJANDRO HERRERA SAEZ,7°B Gabriel Herrera B2 - Informe a la familia.docx,1ob3anx9hEVog-JV7VSWRz9RtCcYzeXie,6347
137,ok,Guardado como 4913_7_legacy_2026.docx,ok,Liceo Mixto Los Andes Básica 1 - RBD 14201/2026/SEXTO A/247402942/247402942_Informe a la Familia.docx,4913,7,1,MIGUEL ANGEL YAÑEZ BUSTAMANTE,6°A Miguel Yáñez B1 informe familia 2026.docx,1HvcoNH8LaF_o_6T6-MdU_NmDqGKwts2A,6348
138,ok,Guardado como 5259_7_legacy_2026.docx,ok,Liceo Mixto Los Andes Básica 1 - RBD 14201/2026/KIINDER C/1006524148/1006524148_Informe a la Familia.docx,5259,7,1,MIA VALENTINA LEZAMA PATIÑO,K°C Mia Lezama B1 informe familia 2026.docx,1YxWoqujdkSn0NR99hsDWz_7lAEkWO1RI,6349
139,ok,Guardado como 5298_7_legacy_2026.docx,ok,Liceo Mixto Los Andes Básica 1 - RBD 14201/2026/QUINTO C/249409707/249409707_Informe a la Familia.docx,5298,7,1,TRINIDAD MAGDALENA VERA RAMÍREZ,5°C Trinidad Vera B1 informe familia 2026.docx,1jLzCkbrrchoOqYVTY_L5-6QVJaLeN1M_,6350
140,ok,Guardado como 4985_7_legacy_2026.docx,ok,Liceo Mixto Los Andes Básica 1 - RBD 14201/2026/SEGUNDO B/267369127/267369127_Informe a la Familia.docx,4985,7,1,DYLHAN ALEXANDER ANTONIO LUNA CORTÉS,2°B Dylhan Luna B1 informe familia 2026.docx,1SfPBmc_RCamX-jSliX5g3YVXRTFK2M--,6351
141,ok,Guardado como 5097_7_legacy_2026.docx,ok,Liceo Mixto Los Andes Básica 1 - RBD 14201/2026/OCTAVO C/232427396/232427396_Informe a la Familia.docx,5097,7,1,JANS IGNACIO SALINAS HERRERA,8°C Jans Salinas B1 informe familia 2026.docx,1L0OF88sAb-84aoFsARw3el5mThfVkk0h,6352
142,ok,Guardado como 4377_7_legacy_2026.docx,ok,Liceo Mixto Bicentenario de Excelencia Los Andes Básica 2 - RBD 1213/2026/SEGUNDO B/257551997/257551997_Informe a la Familia.docx,4377,7,2,GONZALO DAVID FIGUEROA VALENZUELA,2°B Gonzalo Figueroa B2 - Informe a la familia.docx,1wC4qRFe4-CVA1pGSNRQXzIqBRShL1Qic,6353
143,ok,Guardado como 3943_7_legacy_2026.docx,ok,Liceo Mixto Bicentenario de Excelencia Los Andes Básica 2 - RBD 1213/2026/PREKINDER B/276236288/276236288_Informe a la Familia.docx,3943,7,2,HUGO ALBERTO JADAD MONTERO,PK°B Hugo Jadad B2 - Informe a la familia.docx,1h-FLvxq_COz7P4LbY0bbZ6Lr3i1PhP78,6354
144,ok,Guardado como 5353_7_legacy_2026.docx,ok,Liceo Mixto Los Andes Básica 1 - RBD 14201/2026/KINDER A/274185058/274185058_Informe a la Familia.docx,5353,7,1,LORENZO BENJAMIN CONTRERAS SANDOVAL,K°A Lorenzo Contreras B1 informe familia 2026.docx,1QSAaLCHnECrdz0EDw-9d7nOUTHA0ef4B,6355
145,ok,Guardado como 3207_7_legacy_2026.docx,ok,Liceo Mixto Bicentenario de Excelencia Los Andes Básica 2 - RBD 1213/2026/PREKINDER B/277019086/277019086_Informe a la Familia.docx,3207,7,2,THOMAS ALEJANDRO PIZARRO AMESTICA,PK°B Thomas Pizarro B2 - Informe a la familia.docx,1xMv_ATxXuXkY-nmsf2QpIsaorOqJgHim,6356
146,ok,Guardado como 5283_7_legacy_2026.docx,ok,Liceo Mixto Los Andes Básica 1 - RBD 14201/2026/SEXTO C/245914725/245914725_Informe a la Familia.docx,5283,7,1,JOAQUIN SEBASTIAN CELEDON PULIDO,6°C Joaquín Celedón B1 informe familia 2026.docx,176mFBOqrjp9Pfgn6ayRdVcjZjluhGpzn,6357
147,ok,Guardado como 4327_7_legacy_2026.docx,ok,Liceo Mixto Bicentenario de Excelencia Los Andes Básica 2 - RBD 1213/2026/SEXTO A/249432237/249432237_Informe a la Familia.docx,4327,7,2,SIMÓN PABLO LADRÓN DE GUEVARA TAPIA,6°A Simon Ladron B2 - Informe a la familia.docx,1hwlTBN5UXaoGak_R1aXtIrwR6OqUQ9Dt,6358
148,ok,Guardado como 4441_7_legacy_2026.docx,ok,Liceo Mixto Bicentenario de Excelencia Los Andes Básica 2 - RBD 1213/2026/SEGUNDO A/263930487/263930487_Informe a la Familia.docx,4441,7,2,IVAN ENRIQUE CERDA VILLALOBOS,2°A Ivan Cerda B2 - Informe a la familia.docx,1F85m3IevPDx9sNK_X6TI6UNVJhN7fxy5,6359
149,ok,Guardado como 4892_7_legacy_2026.docx,ok,Liceo Mixto Los Andes Básica 1 - RBD 14201/2026/PRE KINDER A/275129186/275129186_Informe a la Familia.docx,4892,7,1,JAVIER ALEXANDRO OCARES BELTRAN,PK°A Javier Ocares B1 informe familia 2026.docx,1PjGVQGDEi9O5ix3G0JNX01gN6jiodIt0,6360
150,ok,Guardado como 5136_7_legacy_2026.docx,ok,Liceo Mixto Los Andes Básica 1 - RBD 14201/2026/QUINTO C/243283450/243283450_Informe a la Familia.docx,5136,7,1,DIEGO JESUS FUENZALIDA LEIVA,5°C Diego Fuenzalida B1 informe familia 2026.docx,1Pa11k68rwiSMIOG2Of0MMj-pfC-t_tJE,6361
151,ok,Guardado como 5260_7_legacy_2026.docx,ok,Liceo Mixto Los Andes Básica 1 - RBD 14201/2026/TERCERO A/261102692/261102692_Informe a la Familia.docx,5260,7,1,ASTRID ELIF ROBLES PEREZ,3°A Astrid Robles B1 informe familia 2026.docx,193IGiR1DD918FxCMUTkzSw741tHwJ2Zb,6362
152,ok,Guardado como 5196_7_legacy_2026.docx,ok,Liceo Mixto Los Andes Básica 1 - RBD 14201/2026/OCTAVO B/1008176163/1008176163_Informe a la Familia.docx,5196,7,1,KIHARA PAOLA RUIZ MORALES,8°B Kihara Ruiz B1 informe familia 2026.docx,1WSCyZY-WNVYdKwAoomWjBIjT5T1LKq3b,6363
153,ok,Guardado como 4455_7_legacy_2026.docx,ok,Liceo Mixto Bicentenario de Excelencia Los Andes Básica 2 - RBD 1213/2026/PRE-KINDER A/275082090/275082090_Informe a la Familia.docx,4455,7,2,ALAN IGNACIO CHAVARRIA VILLEGAS,PK°A Alan Chavarria B2 - Informe a la familia.docx,1eccss7zsZnEP6pHNlv1BazgF7WdcCuVl,6364
154,ok,Guardado como 3787_7_legacy_2026.docx,ok,Liceo Mixto Bicentenario de Excelencia Los Andes Básica 2 - RBD 1213/2026/KINDER B/274458593/274458593_Informe a la Familia.docx,3787,7,2,DANTE IVAN ROJAS JARA,K°B Dante Rojas B2 - Informe a la familia.docx,1e60pomVpCez5yLESAysu8p3tmZTY5EgJ,6365
