motivo,tipo_informe,document_id,school_id,liceo,archivo_drive,nombre_extraido,candidatos,drive_file_id,link_drive
ambiguo,Informe a la Familia,7,3,Liceo Mixto Bicentenario Los Andes Media,InformeFamilia_2F-Benjamín Cortés.docx,Benjamín Cortés,3153|BENJAMIN DAVID ESPINDOLA CORTES|score=90; 3155|BENJAMIN VICENTE SILVA CORTES|score=90; 4220|BENJAMIN  IGNACIO CORTES OTAROLA|score=90,16h0O3pxVQt3bqQMMiuRtVt0k32EZaYyS,https://docs.google.com/document/d/16h0O3pxVQt3bqQMMiuRtVt0k32EZaYyS/edit?usp=drivesdk&ouid=102199551013201647615&rtpof=true&sd=true
ambiguo,Informe a la Familia,7,3,Liceo Mixto Bicentenario Los Andes Media,InformeFamilia_3C-Sebastian Muñoz.docx,Sebastian Muñoz,2905|SEBASTIAN ALEJANDRO MUÑOZ ARAYA|score=90; 4076|SEBASTIAN  IGNACIO ESPINDOLA MUÑOZ|score=90; 4695|SEBASTIAN  PATRICIO MUÑOZ URIBE|score=90; 4748|SEBASTIAN MAURICIO MUÑOZ VERGARA|score=90; 4806|SEBASTIAN ARIEL MUÑOZ ZARATE|score=90,1llkyEsc0cM-4Rb1HG2sE5kt4MPt8aFB0,https://docs.google.com/document/d/1llkyEsc0cM-4Rb1HG2sE5kt4MPt8aFB0/edit?usp=drivesdk&ouid=102199551013201647615&rtpof=true&sd=true
ambiguo,Informe a la Familia,7,3,Liceo Mixto Bicentenario Los Andes Media,InformeFamilia_2J-Ignacio Maldonado.docx,Ignacio Maldonado,3866|JAVIER IGNACIO ALBORNOZ MALDONADO|score=90; 4054|IGNACIO  TOMAS MALDONADO MUÑOZ|score=90,1mFvTbkI2C0kBfNpE9eH7n86JHviJ7aMm,https://docs.google.com/document/d/1mFvTbkI2C0kBfNpE9eH7n86JHviJ7aMm/edit?usp=drivesdk&ouid=102199551013201647615&rtpof=true&sd=true
ambiguo,Informe a la Familia,7,3,Liceo Mixto Bicentenario Los Andes Media,InformeFamilia_1F-Benjamin Gonzalez.docx,Benjamin Gonzalez,3473|BENJAMIN IGNACIO VEGA GONZALEZ|score=90; 3499|MATIAS BENJAMIN CORDOVA GONZALEZ|score=90; 4697|BENJAMIN IGNACIO GONZALEZ URTUBIA|score=90,1eW7aIaclbj4xabgO7sv0TLb1i9MVU2jH,https://docs.google.com/document/d/1eW7aIaclbj4xabgO7sv0TLb1i9MVU2jH/edit?usp=drivesdk&ouid=102199551013201647615&rtpof=true&sd=true
ambiguo,Informe a la Familia,7,3,Liceo Mixto Bicentenario Los Andes Media,InformeFamilia_4A-José Miguel.docx,José Miguel,4478|JOSE MIGUEL ACUÑA REINOSO|score=90; 4741|JOSE MIGUEL ARAYA VERA|score=90,1hi8OCSEcqKFy0DJ_H5xICWLNl9ixOaU4,https://docs.google.com/document/d/1hi8OCSEcqKFy0DJ_H5xICWLNl9ixOaU4/edit?usp=drivesdk&ouid=102199551013201647615&rtpof=true&sd=true
ambiguo,Informe a la Familia,7,3,Liceo Mixto Bicentenario Los Andes Media,InformeFamilia_2H-Sebastián Cortés.docx,Sebastián Cortés,3519|SEBASTIAN EDUARDO CORTES GRAU|score=90; 4805|RENATO SEBASTIAN CORTES ZAPATA|score=90,1gYWBUv-bBvEhuSqbdvrU1wc6PkO9paBp,https://docs.google.com/document/d/1gYWBUv-bBvEhuSqbdvrU1wc6PkO9paBp/edit?usp=drivesdk&ouid=102199551013201647615&rtpof=true&sd=true
ambiguo,Informe a la Familia,7,2,Liceo Mixto Bicentenario Los Andes Basica 2,PK°B Valentina Muñoz B2 - Informe a la familia.docx,B Valentina Muñoz,3482|VALENTINA LUCIA MUÑOZ CELEDON|score=90; 3989|TRINIDAD VALENTINA  ENGRACIA VEGA MUÑOZ|score=90,1FpzEhoSuso39C2EbWHmbfF8M6HNmo8Vu,https://docs.google.com/document/d/1FpzEhoSuso39C2EbWHmbfF8M6HNmo8Vu/edit?usp=drivesdk&ouid=102199551013201647615&rtpof=true&sd=true
ambiguo,Informe a la Familia,7,2,Liceo Mixto Bicentenario Los Andes Basica 2,4°A Isabella Villarroel B2 - Informe a la familia.docx,Isabella Villarroel,4135|ISABELLA PASCALE VILLARROEL PUEBLA|score=90; 4449|ISABELLA CATALINA PARRA VILLARROEL|score=90; 4451|ISABELLA SOFIA MUÑOZ VILLARROEL|score=90,1wIE5OgF2_BYaX142gsFKP0aypH03150T,https://docs.google.com/document/d/1wIE5OgF2_BYaX142gsFKP0aypH03150T/edit?usp=drivesdk&ouid=102199551013201647615&rtpof=true&sd=true
ambiguo,Informe a la Familia,7,1,Liceo Mixto Los Andes Basica 1,K°A Alonso Muñoz B1 informe familia 2026.docx,Alonso Muñoz,4966|ELIAN ALONSO MUÑOZ CHAPARRO|score=90; 5186|ALONSO ANDRE MUÑOZ MILLALONCO|score=90; 5345|FRANKO ALONSO MUÑOZ SALINAS|score=90,1vVr2f6_7tYLskpQdVHW_NBmjtvfkWIbI,https://docs.google.com/document/d/1vVr2f6_7tYLskpQdVHW_NBmjtvfkWIbI/edit?usp=drivesdk&ouid=102199551013201647615&rtpof=true&sd=true
ambiguo,Informe a la Familia,7,1,Liceo Mixto Los Andes Basica 1,7°A Diego González B1 informe familia 2026.docx,Diego González,4849|DIEGO ALONSO GONZÁLEZ ARÁNGUIZ|score=90; 5302|DIEGO ALEXANDER GONZALEZ REYES|score=90,1VYFZ0KIs7qJIUEI7ST6ICbhg1QTBlyau,https://docs.google.com/document/d/1VYFZ0KIs7qJIUEI7ST6ICbhg1QTBlyau/edit?usp=drivesdk&ouid=102199551013201647615&rtpof=true&sd=true
ambiguo,Informe a la Familia,7,1,Liceo Mixto Los Andes Basica 1,2°A Antonella Lagos B1 informe familia 2026.docx,Antonella Lagos,4916|ANTONELLA FERNANDA LAGOS CABRERA|score=90; 5117|ANTONELLA ISIDORA REMENTERIA LAGOS|score=90,1UBDZDZcFeKX19Fd18Tvs8ayZ66SaBlJY,https://docs.google.com/document/d/1UBDZDZcFeKX19Fd18Tvs8ayZ66SaBlJY/edit?usp=drivesdk&ouid=102199551013201647615&rtpof=true&sd=true
ambiguo,Informe a la Familia,7,1,Liceo Mixto Los Andes Basica 1,6°C Ignacia Muñoz B1 informe familia 2026.docx,Ignacia Muñoz,4906|IGNACIA CAROLINA MUÑOZ BRAVO|score=90; 5200|AMANDA IGNACIA GAMIN MUÑOZ|score=90,1h2pOphKa-FEHfQQagDirZptGmxUybyvu,https://docs.google.com/document/d/1h2pOphKa-FEHfQQagDirZptGmxUybyvu/edit?usp=drivesdk&ouid=102199551013201647615&rtpof=true&sd=true
ambiguo,Informe a la Familia,7,4,Liceo Particular Mixto San Felipe Basica,PK°B Ethan Montenegro .docx,PK°B Ethan Montenegro,1846|ETHAN FRANCISCO MONTENEGRO AHUMADA|score=90; 2393|ETHAN ALLEN RAMIREZ MONTENEGRO|score=90,1O4ZO3ZKEAiEQZKahV4m_6YXoCFHRKs9M,https://docs.google.com/document/d/1O4ZO3ZKEAiEQZKahV4m_6YXoCFHRKs9M/edit?usp=drivesdk&ouid=102199551013201647615&rtpof=true&sd=true
