estado,tipo_informe,document_id,school_id,liceo,archivo_drive,nombre_extraido,student_id,alumno_pie360,score,drive_file_id,link_drive
listo_para_importar,Informe a la Familia,7,3,Liceo Mixto Bicentenario Los Andes Media,InformeFamilia_4F-Gabriela Salinas.docx,Gabriela Salinas,3133,GABRIELA ALEJANDRA SALINAS CONTRERAS,90,1LsFQ9o8R0gTDE3aBeX2GSbLggDxu3AwH,https://docs.google.com/document/d/1LsFQ9o8R0gTDE3aBeX2GSbLggDxu3AwH/edit?usp=drivesdk&ouid=102199551013201647615&rtpof=true&sd=true
listo_para_importar,Informe a la Familia,7,3,Liceo Mixto Bicentenario Los Andes Media,InformeFamilia_1H-Mia Mora.docx,Mia Mora,3998,MIA NICOLE MORA MORA,90,1Drj9e6NdBMM6V6suBdfuDzBNDudSbcid,https://docs.google.com/document/d/1Drj9e6NdBMM6V6suBdfuDzBNDudSbcid/edit?usp=drivesdk&ouid=102199551013201647615&rtpof=true&sd=true
listo_para_importar,Informe a la Familia,7,3,Liceo Mixto Bicentenario Los Andes Media,InformeFamilia_1F-Matias Mena.docx,Matias Mena,2922,MATIAS EDU MENA ARMIJO,90,1EnW6fIG_f7LTWqsbjce7zJ83UP4bmy7O,https://docs.google.com/document/d/1EnW6fIG_f7LTWqsbjce7zJ83UP4bmy7O/edit?usp=drivesdk&ouid=102199551013201647615&rtpof=true&sd=true
listo_para_importar,Informe a la Familia,7,3,Liceo Mixto Bicentenario Los Andes Media,InformeFamilia_3B-Sebastian Rivas.docx,Sebastian Rivas,2883,SEBASTIAN ALEJANDRO RIVAS APONTE,90,1f4boPw_3Ra1nYlbWqgiP0oF2JsRVdmgM,https://docs.google.com/document/d/1f4boPw_3Ra1nYlbWqgiP0oF2JsRVdmgM/edit?usp=drivesdk&ouid=102199551013201647615&rtpof=true&sd=true
listo_para_importar,Informe a la Familia,7,3,Liceo Mixto Bicentenario Los Andes Media,InformeFamilia_3B-Jennyfer Palma.docx,Jennyfer Palma,4543,JENNYFER YADHIRA ANNAHIS PALMA ROJAS,90,1pglKbu6TnGaKLxHaCq_BFkIeSLJUWagq,https://docs.google.com/document/d/1pglKbu6TnGaKLxHaCq_BFkIeSLJUWagq/edit?usp=drivesdk&ouid=102199551013201647615&rtpof=true&sd=true
listo_para_importar,Informe a la Familia,7,3,Liceo Mixto Bicentenario Los Andes Media,InformeFamilia_3D-Julián Fuentes.docx,Julián Fuentes,4607,JULIAN ALONSO FUENTES SANTIS,90,1ysY-eClrS1hBG30OhPHhvFFkD-xeZkge,https://docs.google.com/document/d/1ysY-eClrS1hBG30OhPHhvFFkD-xeZkge/edit?usp=drivesdk&ouid=102199551013201647615&rtpof=true&sd=true
listo_para_importar,Informe a la Familia,7,3,Liceo Mixto Bicentenario Los Andes Media,InformeFamilia_1A-Maicol Basulto.docx,Maicol Basulto,4681,MAICOL ALEXANDER BASULTO TORRES,90,14bxdAWc6_eL6Bq1j7t4zwtizZGENyCrw,https://docs.google.com/document/d/14bxdAWc6_eL6Bq1j7t4zwtizZGENyCrw/edit?usp=drivesdk&ouid=102199551013201647615&rtpof=true&sd=true
listo_para_importar,Informe a la Familia,7,3,Liceo Mixto Bicentenario Los Andes Media,InformeFamilia_2I-Antonia Alegria.docx,Antonia Alegria,3090,ANTONIA FERNANDA ALEGRIA CASTRO,90,1fiY8qYsZNa7-Zj1nAc_TrMdFCU_y0NnE,https://docs.google.com/document/d/1fiY8qYsZNa7-Zj1nAc_TrMdFCU_y0NnE/edit?usp=drivesdk&ouid=102199551013201647615&rtpof=true&sd=true
listo_para_importar,Informe a la Familia,7,3,Liceo Mixto Bicentenario Los Andes Media,InformeFamilia_4A-Emily Collao.docx,Emily Collao,4523,EMILY ANTONIA COLLAO ROBLES,90,1Q7rTHiaM4eeR0haLVUZfUMo-9c7Jnvo7,https://docs.google.com/document/d/1Q7rTHiaM4eeR0haLVUZfUMo-9c7Jnvo7/edit?usp=drivesdk&ouid=102199551013201647615&rtpof=true&sd=true
listo_para_importar,Informe a la Familia,7,3,Liceo Mixto Bicentenario Los Andes Media,InformeFamilia_1K-Alfonso Mena.docx,Alfonso Mena,4160,ALFONSO ANTONIO MENA OPAZO,90,1FwQTZfG44u6gp0yPrso4WjnxXh7pPqVf,https://docs.google.com/document/d/1FwQTZfG44u6gp0yPrso4WjnxXh7pPqVf/edit?usp=drivesdk&ouid=102199551013201647615&rtpof=true&sd=true
listo_para_importar,Informe a la Familia,7,3,Liceo Mixto Bicentenario Los Andes Media,InformeFamilia_4D-Sofia Merce.docx,Sofia Merce,3642,SOFÍA ALEJANDRA MERCE HIDALGO,90,1tqoJzw_r3rX8pxGuI9ITpTn-8yw5Qs_D,https://docs.google.com/document/d/1tqoJzw_r3rX8pxGuI9ITpTn-8yw5Qs_D/edit?usp=drivesdk&ouid=102199551013201647615&rtpof=true&sd=true
listo_para_importar,Informe a la Familia,7,3,Liceo Mixto Bicentenario Los Andes Media,InformeFamilia_2D-Gabriel Collao.docx,Gabriel Collao,2891,GABRIEL ALEJANDRO COLLAO ARANCIBIA,90,1_IovuEChr2ol9lXfnDlhJJlD7I1a_x5a,https://docs.google.com/document/d/1_IovuEChr2ol9lXfnDlhJJlD7I1a_x5a/edit?usp=drivesdk&ouid=102199551013201647615&rtpof=true&sd=true
listo_para_importar,Informe a la Familia,7,3,Liceo Mixto Bicentenario Los Andes Media,InformeFamilia_1H-Maximiliano Fernández.docx,Maximiliano Fernández,3772,MAXIMILIANO ALEXANDER FERNANDEZ LIRA,90,1hns0K7KV0-DucTGz5wGpwyeVW4a52pFS,https://docs.google.com/document/d/1hns0K7KV0-DucTGz5wGpwyeVW4a52pFS/edit?usp=drivesdk&ouid=102199551013201647615&rtpof=true&sd=true
listo_para_importar,Informe a la Familia,7,3,Liceo Mixto Bicentenario Los Andes Media,InformeFamilia_3D-José Arancibia.docx,José Arancibia,3075,JOSE CARLOS ALBERTO ARANCIBIA CARVAJAL,90,1LYWMwcFRGKBqt0FqpxTHrgkuKhN3Vud3,https://docs.google.com/document/d/1LYWMwcFRGKBqt0FqpxTHrgkuKhN3Vud3/edit?usp=drivesdk&ouid=102199551013201647615&rtpof=true&sd=true
listo_para_importar,Informe a la Familia,7,3,Liceo Mixto Bicentenario Los Andes Media,InformeFamilia_3B-Fernanda Acevedo.docx,Fernanda Acevedo,3669,FERNANDA ELIZABETH ACEVEDO IBACETA,90,1ESFlLYbRLqQZwD8RBfOgQea1MW8gxeh5,https://docs.google.com/document/d/1ESFlLYbRLqQZwD8RBfOgQea1MW8gxeh5/edit?usp=drivesdk&ouid=102199551013201647615&rtpof=true&sd=true
listo_para_importar,Informe a la Familia,7,3,Liceo Mixto Bicentenario Los Andes Media,InformeFamilia_3D-Bruno Ramírez.docx,Bruno Ramírez,3646,BRUNO DARIO RAMIREZ HINOJOSA,90,1kw37T5UOj6-pjD0YjRQQ35N3MJCVxJzI,https://docs.google.com/document/d/1kw37T5UOj6-pjD0YjRQQ35N3MJCVxJzI/edit?usp=drivesdk&ouid=102199551013201647615&rtpof=true&sd=true
listo_para_importar,Informe a la Familia,7,3,Liceo Mixto Bicentenario Los Andes Media,InformeFamilia_2F-Antonella Márquez.docx,Antonella Márquez,3145,ANTONELLA BELEN MARQUEZ CORNEJO,90,1zN8Z4mL3hRJR3XG4FWocQEwcIrsDlvss,https://docs.google.com/document/d/1zN8Z4mL3hRJR3XG4FWocQEwcIrsDlvss/edit?usp=drivesdk&ouid=102199551013201647615&rtpof=true&sd=true
listo_para_importar,Informe a la Familia,7,3,Liceo Mixto Bicentenario Los Andes Media,InformeFamilia_1C-Vicente Cerda.docx,Vicente Cerda,2938,VICENTE ALEJANDRO CERDA ASTORGA,90,1s6n3Lu0Jp-xG-eEgrjvr4XeMppgxG_ne,https://docs.google.com/document/d/1s6n3Lu0Jp-xG-eEgrjvr4XeMppgxG_ne/edit?usp=drivesdk&ouid=102199551013201647615&rtpof=true&sd=true
listo_para_importar,Informe a la Familia,7,3,Liceo Mixto Bicentenario Los Andes Media,InformeFamilia_2A-Jasshir Salinas.docx,Jasshir Salinas,4609,JASSHIR  IGNACIO  DE JESUS SALINAS SASO,90,1NBEJrvCkXmmpGvtRHi8JTlWGLkM-_yi9,https://docs.google.com/document/d/1NBEJrvCkXmmpGvtRHi8JTlWGLkM-_yi9/edit?usp=drivesdk&ouid=102199551013201647615&rtpof=true&sd=true
listo_para_importar,Informe a la Familia,7,3,Liceo Mixto Bicentenario Los Andes Media,InformeFamilia_1F-Julietta Cortez.docx,Julietta Cortez,3054,JULIETTA ANTONIA CORTEZ CANALES,90,1xixTCIzUn18EEa4DEzdWnCp-sKXV9J4R,https://docs.google.com/document/d/1xixTCIzUn18EEa4DEzdWnCp-sKXV9J4R/edit?usp=drivesdk&ouid=102199551013201647615&rtpof=true&sd=true
listo_para_importar,Informe a la Familia,7,3,Liceo Mixto Bicentenario Los Andes Media,InformeFamilia_2C-Martin Campos.docx,Martin Campos,2881,MARTIN ALEJANDRO CAMPOS APABLAZA,90,1T7b1T7s2r8phc42HcMblU2TjafLUVJXC,https://docs.google.com/document/d/1T7b1T7s2r8phc42HcMblU2TjafLUVJXC/edit?usp=drivesdk&ouid=102199551013201647615&rtpof=true&sd=true
listo_para_importar,Informe a la Familia,7,3,Liceo Mixto Bicentenario Los Andes Media,InformeFamilia_3B-Antonia Larrain.docx,Antonia Larrain,4687,ANTONIA CONSTANZA LARRAIN TRUJILLO,90,1zAWOtYeRTKeO3DBfj8TrtkZg8h5q4E71,https://docs.google.com/document/d/1zAWOtYeRTKeO3DBfj8TrtkZg8h5q4E71/edit?usp=drivesdk&ouid=102199551013201647615&rtpof=true&sd=true
listo_para_importar,Informe a la Familia,7,3,Liceo Mixto Bicentenario Los Andes Media,InformeFamilia_1C-Michelle Saravia.docx,Michelle Saravia,3049,MICHELLE ALEJANDRA AURORA SARAVIA CAMPOS,90,1YPbeIGrKcyS9HfRZzytvB9cXnxmGQlar,https://docs.google.com/document/d/1YPbeIGrKcyS9HfRZzytvB9cXnxmGQlar/edit?usp=drivesdk&ouid=102199551013201647615&rtpof=true&sd=true
listo_para_importar,Informe a la Familia,7,3,Liceo Mixto Bicentenario Los Andes Media,InformeFamilia_1K-Aaron Fuxs.docx,Aaron Fuxs,3373,AARON MOISES FUXS FUXS,90,1BK8yjbPx4r4-Iy2u2yGu3a_0NjH_51LG,https://docs.google.com/document/d/1BK8yjbPx4r4-Iy2u2yGu3a_0NjH_51LG/edit?usp=drivesdk&ouid=102199551013201647615&rtpof=true&sd=true
listo_para_importar,Informe a la Familia,7,3,Liceo Mixto Bicentenario Los Andes Media,InformeFamilia_3D-Renato Orostica.docx,Renato Orostica,4727,RENATO EDUARDO OROSTICA VASQUEZ,90,1k7Hsm1Lg_kFexHbQPDLFyZJEjVBrs1GP,https://docs.google.com/document/d/1k7Hsm1Lg_kFexHbQPDLFyZJEjVBrs1GP/edit?usp=drivesdk&ouid=102199551013201647615&rtpof=true&sd=true
listo_para_importar,Informe a la Familia,7,3,Liceo Mixto Bicentenario Los Andes Media,InformeFamilia_1I-Tomas Ibarra.docx,Tomas Ibarra,4462,TOMAS BENJAMIN IBARRA RAMIREZ,90,1Z1rAayh1_1GsI6gCHA7pnaGKGlzhxFmt,https://docs.google.com/document/d/1Z1rAayh1_1GsI6gCHA7pnaGKGlzhxFmt/edit?usp=drivesdk&ouid=102199551013201647615&rtpof=true&sd=true
listo_para_importar,Informe a la Familia,7,3,Liceo Mixto Bicentenario Los Andes Media,InformeFamilia_2J-Luis Vicencio.docx,Luis Vicencio,4344,LUIS ANTONIO VICENCIO PINO,90,1NLfyZBAjKziFOQxJriHnfk9G5IDvENbi,https://docs.google.com/document/d/1NLfyZBAjKziFOQxJriHnfk9G5IDvENbi/edit?usp=drivesdk&ouid=102199551013201647615&rtpof=true&sd=true
listo_para_importar,Informe a la Familia,7,3,Liceo Mixto Bicentenario Los Andes Media,InformeFamilia_1G-Tiare Ruiz.docx,Tiare Ruiz,4785,TIARE ANGELINA RUIZ VILLARROEL,90,1ir2_VKI1ohJR1cklZQyqb1RJatbUUeYP,https://docs.google.com/document/d/1ir2_VKI1ohJR1cklZQyqb1RJatbUUeYP/edit?usp=drivesdk&ouid=102199551013201647615&rtpof=true&sd=true
listo_para_importar,Informe a la Familia,7,3,Liceo Mixto Bicentenario Los Andes Media,InformeFamilia_1H-Mayra Tapia.docx,Mayra Tapia,4318,MAYRA AYLIN TAPIA PEREZ,90,19SwEYTqqZSmQRqwpuOfbu10RRGA9Exhs,https://docs.google.com/document/d/19SwEYTqqZSmQRqwpuOfbu10RRGA9Exhs/edit?usp=drivesdk&ouid=102199551013201647615&rtpof=true&sd=true
listo_para_importar,Informe a la Familia,7,3,Liceo Mixto Bicentenario Los Andes Media,InformeFamilia_1K-Cristobal Bravo.docx,Cristobal Bravo,4611,CRISTOBAL ANDRES BRAVO SEGURA,90,1iCQp-IIgnmx5HlwnFntGcrJa9CNi6EnX,https://docs.google.com/document/d/1iCQp-IIgnmx5HlwnFntGcrJa9CNi6EnX/edit?usp=drivesdk&ouid=102199551013201647615&rtpof=true&sd=true
listo_para_importar,Informe a la Familia,7,3,Liceo Mixto Bicentenario Los Andes Media,InformeFamilia_2A-Ivan Gonzalez.docx,Ivan Gonzalez,4549,IVAN DAVID GONZALEZ ROMAN,90,1mVXA29Mv2G03OjtDp1odC5PWT5M6KkAz,https://docs.google.com/document/d/1mVXA29Mv2G03OjtDp1odC5PWT5M6KkAz/edit?usp=drivesdk&ouid=102199551013201647615&rtpof=true&sd=true
listo_para_importar,Informe a la Familia,7,3,Liceo Mixto Bicentenario Los Andes Media,InformeFamilia_4A-Giulianna Hernández.docx,Giulianna Hernández,4484,GIULIANNA ELISABETH HERNÁNDEZ RETAMAL,90,1fuuE1CAo4ZsxB0iFfWKPIM_b7b8Wq0Hw,https://docs.google.com/document/d/1fuuE1CAo4ZsxB0iFfWKPIM_b7b8Wq0Hw/edit?usp=drivesdk&ouid=102199551013201647615&rtpof=true&sd=true
listo_para_importar,Informe a la Familia,7,3,Liceo Mixto Bicentenario Los Andes Media,InformeFamilia_1F-Martin Collio.docx,Martin Collio,3756,MARTIN IGNACIO COLLIO LEIVA,90,1gU7qcbqRcidRB5vvyNbs65yCCgEFvSfc,https://docs.google.com/document/d/1gU7qcbqRcidRB5vvyNbs65yCCgEFvSfc/edit?usp=drivesdk&ouid=102199551013201647615&rtpof=true&sd=true
listo_para_importar,Informe a la Familia,7,3,Liceo Mixto Bicentenario Los Andes Media,InformeFamilia_1D-Maximiliano Navarro.docx,Maximiliano Navarro,4184,MAXIMILIANO EXEQUIEL NAVARRO OROZCO,90,19GegVfEZE6YkAfS8WXlNZomsf6RmHxyu,https://docs.google.com/document/d/19GegVfEZE6YkAfS8WXlNZomsf6RmHxyu/edit?usp=drivesdk&ouid=102199551013201647615&rtpof=true&sd=true
listo_para_importar,Informe a la Familia,7,3,Liceo Mixto Bicentenario Los Andes Media,InformeFamilia_1I-Norton Fuentes.docx,Norton Fuentes,4665,NORTON JAVIER FUENTES TAPIA,90,1n7Usl-e0w5h9Z5c4X491ezDjUoS-qHY8,https://docs.google.com/document/d/1n7Usl-e0w5h9Z5c4X491ezDjUoS-qHY8/edit?usp=drivesdk&ouid=102199551013201647615&rtpof=true&sd=true
listo_para_importar,Informe a la Familia,7,3,Liceo Mixto Bicentenario Los Andes Media,InformeFamilia_3C-Ander Garrido.docx,Ander Garrido,3269,ANDER JAMIL GARRIDO ESPINOLA,90,1g9W09SOWYYPHA_eU3FWK5ef0ODlN6-1f,https://docs.google.com/document/d/1g9W09SOWYYPHA_eU3FWK5ef0ODlN6-1f/edit?usp=drivesdk&ouid=102199551013201647615&rtpof=true&sd=true
listo_para_importar,Informe a la Familia,7,3,Liceo Mixto Bicentenario Los Andes Media,InformeFamilia_3E-Santiago Arias.docx,Santiago Arias,3513,SANTIAGO ARIAS GORDILLO,90,1EeasdmbEvnq_NluiqXPUU3dyai7ZzeVE,https://docs.google.com/document/d/1EeasdmbEvnq_NluiqXPUU3dyai7ZzeVE/edit?usp=drivesdk&ouid=102199551013201647615&rtpof=true&sd=true
listo_para_importar,Informe a la Familia,7,3,Liceo Mixto Bicentenario Los Andes Media,InformeFamilia_2I-Dilan Peralta.docx,Dilan Peralta,4182,DILAN JESUS PERALTA OROSTIZAGA,90,1XdQVfBmH1cJyCgW0fIp-IcFgc-hqXubS,https://docs.google.com/document/d/1XdQVfBmH1cJyCgW0fIp-IcFgc-hqXubS/edit?usp=drivesdk&ouid=102199551013201647615&rtpof=true&sd=true
listo_para_importar,Informe a la Familia,7,3,Liceo Mixto Bicentenario Los Andes Media,InformeFamilia_2A-Florencia Henriquez.docx,Florencia Henriquez,3521,FLORENCIA CAROLINA HENRIQUEZ GRIFFITHS,90,1WOeA7u71oY9V9RlOA9URxz1Gc_8UYQJH,https://docs.google.com/document/d/1WOeA7u71oY9V9RlOA9URxz1Gc_8UYQJH/edit?usp=drivesdk&ouid=102199551013201647615&rtpof=true&sd=true
listo_para_importar,Informe a la Familia,7,3,Liceo Mixto Bicentenario Los Andes Media,InformeFamilia_4H-Denisse Madrid.docx,Denisse Madrid,4624,DENISSE ISIDORA MADRID SILVA,90,1fKIT_-lmsK1XEGWJXHox2hgc7g5KHuYs,https://docs.google.com/document/d/1fKIT_-lmsK1XEGWJXHox2hgc7g5KHuYs/edit?usp=drivesdk&ouid=102199551013201647615&rtpof=true&sd=true
listo_para_importar,Informe a la Familia,7,3,Liceo Mixto Bicentenario Los Andes Media,InformeFamilia_3A-Maritza Olguín.docx,Maritza Olguín,4725,MARITZA CAROLINA OLGUIN VASQUEZ,90,1yiG8Y5UoATe-0ziolBTjlX35GCI5thbt,https://docs.google.com/document/d/1yiG8Y5UoATe-0ziolBTjlX35GCI5thbt/edit?usp=drivesdk&ouid=102199551013201647615&rtpof=true&sd=true
listo_para_importar,Informe a la Familia,7,3,Liceo Mixto Bicentenario Los Andes Media,InformeFamilia_1G-Damián Valdebenito.docx,Damián Valdebenito,3064,DAMIAN ANTONIO VALDEBENITO CARRASCO,90,1jk4s8B8NrV3orhKv1QugwI79wOKZPO2F,https://docs.google.com/document/d/1jk4s8B8NrV3orhKv1QugwI79wOKZPO2F/edit?usp=drivesdk&ouid=102199551013201647615&rtpof=true&sd=true
listo_para_importar,Informe a la Familia,7,3,Liceo Mixto Bicentenario Los Andes Media,InformeFamilia_2J-Luciano Avalos.docx,Luciano Avalos,4750,LUCIANO AVALOS VICENCIO,90,1JpRi984EVjTSlP21Qri9i0BwSag0eWyT,https://docs.google.com/document/d/1JpRi984EVjTSlP21Qri9i0BwSag0eWyT/edit?usp=drivesdk&ouid=102199551013201647615&rtpof=true&sd=true
listo_para_importar,Informe a la Familia,7,3,Liceo Mixto Bicentenario Los Andes Media,InformeFamilia_2H-Sebastian Espindola.docx,Sebastian Espindola,4076,SEBASTIAN  IGNACIO ESPINDOLA MUÑOZ,90,1KYIto1mhhpxOknzINWHRnL93k5bimn0D,https://docs.google.com/document/d/1KYIto1mhhpxOknzINWHRnL93k5bimn0D/edit?usp=drivesdk&ouid=102199551013201647615&rtpof=true&sd=true
listo_para_importar,Informe a la Familia,7,3,Liceo Mixto Bicentenario Los Andes Media,InformeFamilia_2E-Ian Segovia.docx,Ian Segovia,3110,IAN FRANKCO SEGOVIA CERDA,90,18hcZ_Hny4fd2ypz5watcSNcUscpwmWlI,https://docs.google.com/document/d/18hcZ_Hny4fd2ypz5watcSNcUscpwmWlI/edit?usp=drivesdk&ouid=102199551013201647615&rtpof=true&sd=true
listo_para_importar,Informe a la Familia,7,3,Liceo Mixto Bicentenario Los Andes Media,InformeFamilia_1E-Maria Angelica.docx,Maria Angelica,3681,MARIA ANGELICA ARAYA INOSTROZA,90,1pSQiHxAHPCtKd00mfAp8Ch00N-UyKoDx,https://docs.google.com/document/d/1pSQiHxAHPCtKd00mfAp8Ch00N-UyKoDx/edit?usp=drivesdk&ouid=102199551013201647615&rtpof=true&sd=true
listo_para_importar,Informe a la Familia,7,3,Liceo Mixto Bicentenario Los Andes Media,InformeFamilia_1K-Luciano Rea.docx,Luciano Rea,3206,LUCIANO MARTIN REA DANIELS,90,1ZxtsTrecLy8XILPIhcICA8cTtuhyuZEL,https://docs.google.com/document/d/1ZxtsTrecLy8XILPIhcICA8cTtuhyuZEL/edit?usp=drivesdk&ouid=102199551013201647615&rtpof=true&sd=true
listo_para_importar,Informe a la Familia,7,3,Liceo Mixto Bicentenario Los Andes Media,InformeFamilia_2J-Mariajose Araya.docx,Mariajose Araya,3204,MARIAJOSE IGNACIA ARAYA D'ALENCON,90,1IbKszGLWCYdEuTxQQ1ii28oO9khWkgjL,https://docs.google.com/document/d/1IbKszGLWCYdEuTxQQ1ii28oO9khWkgjL/edit?usp=drivesdk&ouid=102199551013201647615&rtpof=true&sd=true
listo_para_importar,Informe a la Familia,7,3,Liceo Mixto Bicentenario Los Andes Media,InformeFamilia_1G-Gabriel Cocio.docx,Gabriel Cocio,4637,GABRIEL VICENTE ANTONIO COCIO SOTO,90,19MNBcX2szHYDjeB8gPMXs3ZTEguFoFTO,https://docs.google.com/document/d/19MNBcX2szHYDjeB8gPMXs3ZTEguFoFTO/edit?usp=drivesdk&ouid=102199551013201647615&rtpof=true&sd=true
listo_para_importar,Informe a la Familia,7,3,Liceo Mixto Bicentenario Los Andes Media,InformeFamilia_3A-Gabriela Vergara.docx,Gabriela Vergara,2855,GABRIELA ESPERANZA VERGARA ALFARO,90,1NQK8FadWPDZWHetKLyDxLJtqrCPNo7E5,https://docs.google.com/document/d/1NQK8FadWPDZWHetKLyDxLJtqrCPNo7E5/edit?usp=drivesdk&ouid=102199551013201647615&rtpof=true&sd=true
listo_para_importar,Informe a la Familia,7,3,Liceo Mixto Bicentenario Los Andes Media,InformeFamilia_1G-Nehemias Muñoz.docx,Nehemias Muñoz,3115,NEHEMIAS DAVID MUÑOZ CHACÓN,90,1g2hTgjcEoD7T13ibxSVzEKsm_NPQdxgD,https://docs.google.com/document/d/1g2hTgjcEoD7T13ibxSVzEKsm_NPQdxgD/edit?usp=drivesdk&ouid=102199551013201647615&rtpof=true&sd=true
listo_para_importar,Informe a la Familia,7,3,Liceo Mixto Bicentenario Los Andes Media,InformeFamilia_3A-África Perez.docx,África Perez,3596,AFRICA SINAI PEREZ HERNANDEZ,90,1MwHST-wXRVZg5Aavgj5eHjudig8HO7bG,https://docs.google.com/document/d/1MwHST-wXRVZg5Aavgj5eHjudig8HO7bG/edit?usp=drivesdk&ouid=102199551013201647615&rtpof=true&sd=true
listo_para_importar,Informe a la Familia,7,3,Liceo Mixto Bicentenario Los Andes Media,InformeFamilia_1B-Nahia Ponce.docx,Nahia Ponce,4783,NAHIA ISIDORA PONCE VILLARROEL,90,1BUxEuc5wcujpjR_cyIoFAkvTVdtHObz-,https://docs.google.com/document/d/1BUxEuc5wcujpjR_cyIoFAkvTVdtHObz-/edit?usp=drivesdk&ouid=102199551013201647615&rtpof=true&sd=true
listo_para_importar,Informe a la Familia,7,3,Liceo Mixto Bicentenario Los Andes Media,InformeFamilia_3C-Danko Pinto.docx,Danko Pinto,3804,DANKO ANTONIO PINTO LOPEZ,90,1d7m-sIwwjJUnc9suE41f2_F-oAmlDW2u,https://docs.google.com/document/d/1d7m-sIwwjJUnc9suE41f2_F-oAmlDW2u/edit?usp=drivesdk&ouid=102199551013201647615&rtpof=true&sd=true
listo_para_importar,Informe a la Familia,7,3,Liceo Mixto Bicentenario Los Andes Media,InformeFamilia_1E-Kevin Ramirez.docx,Kevin Ramirez,3099,KEVIN GASTON RAMIREZ CASTRO,90,1c5bFLM39-JuRcW5Ds7FKi6dkslg2nN3C,https://docs.google.com/document/d/1c5bFLM39-JuRcW5Ds7FKi6dkslg2nN3C/edit?usp=drivesdk&ouid=102199551013201647615&rtpof=true&sd=true
listo_para_importar,Informe a la Familia,7,3,Liceo Mixto Bicentenario Los Andes Media,InformeFamilia_1I-Laura Constanzo.docx,Laura Constanzo,3695,LAURA ANTONIA CONSTANZO JARA,90,1542goj0ftQLlXrz-HggBRrdSnl6EGSwv,https://docs.google.com/document/d/1542goj0ftQLlXrz-HggBRrdSnl6EGSwv/edit?usp=drivesdk&ouid=102199551013201647615&rtpof=true&sd=true
listo_para_importar,Informe a la Familia,7,3,Liceo Mixto Bicentenario Los Andes Media,InformeFamilia_3B-Lukas Palominos.docx,Lukas Palominos,4660,LUKAS FABIANO PALOMINOS TAPIA,90,1mfyj-5btbbsaK0UF8H2igrx-9OqWCPez,https://docs.google.com/document/d/1mfyj-5btbbsaK0UF8H2igrx-9OqWCPez/edit?usp=drivesdk&ouid=102199551013201647615&rtpof=true&sd=true
listo_para_importar,Informe a la Familia,7,3,Liceo Mixto Bicentenario Los Andes Media,InformeFamilia_2A-Nelson Meza.docx,Nelson Meza,4547,NELSON GIORDANO MEZA ROJAS,90,1MEjusXTvy-nr6FdaCYOgoReWQjnqapWq,https://docs.google.com/document/d/1MEjusXTvy-nr6FdaCYOgoReWQjnqapWq/edit?usp=drivesdk&ouid=102199551013201647615&rtpof=true&sd=true
listo_para_importar,Informe a la Familia,7,3,Liceo Mixto Bicentenario Los Andes Media,InformeFamilia_1E-Juan Arancibia.docx,Juan Arancibia,4250,JUAN ALFONSO ESTEFANO ARANCIBIA PAEZ,90,1FTUca6UVFe6CviKEqHXT_sZSnuFISNu2,https://docs.google.com/document/d/1FTUca6UVFe6CviKEqHXT_sZSnuFISNu2/edit?usp=drivesdk&ouid=102199551013201647615&rtpof=true&sd=true
listo_para_importar,Informe a la Familia,7,3,Liceo Mixto Bicentenario Los Andes Media,InformeFamilia_2I-Agustin Pozo.docx,Agustin Pozo,3186,AGUSTIN ALEJANDRO POZO CRISOSTOMO,90,1qoxpzLJUY_f_62L-cKzQO9xzIG9lHUY8,https://docs.google.com/document/d/1qoxpzLJUY_f_62L-cKzQO9xzIG9lHUY8/edit?usp=drivesdk&ouid=102199551013201647615&rtpof=true&sd=true
listo_para_importar,Informe a la Familia,7,3,Liceo Mixto Bicentenario Los Andes Media,InformeFamilia_4G-Matias Sanchez.docx,Matias Sanchez,3630,MATIAS ALEXANDER SANCHEZ HERRERA,90,1qcMTB5PGDAgv0r93lXampG08IKMwlTlU,https://docs.google.com/document/d/1qcMTB5PGDAgv0r93lXampG08IKMwlTlU/edit?usp=drivesdk&ouid=102199551013201647615&rtpof=true&sd=true
listo_para_importar,Informe a la Familia,7,3,Liceo Mixto Bicentenario Los Andes Media,InformeFamilia_1B-Neymar Villalón.docx,Neymar Villalón,3358,NEYMAR ALEXANDER VILLALON FLORES,90,1K_aGIOW2zJRNuLZwDnj7JLZJyLleYed9,https://docs.google.com/document/d/1K_aGIOW2zJRNuLZwDnj7JLZJyLleYed9/edit?usp=drivesdk&ouid=102199551013201647615&rtpof=true&sd=true
listo_para_importar,Informe a la Familia,7,3,Liceo Mixto Bicentenario Los Andes Media,InformeFamilia_2E-Jackson Colmenares.docx,Jackson Colmenares,3098,JACKSON GABRIEL COLMENARES CASTRO,90,1uiQRr-tvowc2fLIFp0Caw2ET4xcHtUze,https://docs.google.com/document/d/1uiQRr-tvowc2fLIFp0Caw2ET4xcHtUze/edit?usp=drivesdk&ouid=102199551013201647615&rtpof=true&sd=true
listo_para_importar,Informe a la Familia,7,3,Liceo Mixto Bicentenario Los Andes Media,InformeFamilia_1G-Gabriela Poblete.docx,Gabriela Poblete,3036,GABRIELA ANTONIA POBLETE CALDERON,90,1e3n-K32pSTZEg7TEpS-9JvHpP_7FYckw,https://docs.google.com/document/d/1e3n-K32pSTZEg7TEpS-9JvHpP_7FYckw/edit?usp=drivesdk&ouid=102199551013201647615&rtpof=true&sd=true
listo_para_importar,Informe a la Familia,7,3,Liceo Mixto Bicentenario Los Andes Media,InformeFamilia_1D-Andru Alegría.docx,Andru Alegría,3014,ANDRU CÉSAR ALEGRÍA CABALLERO,90,1E4kFfmCimyC2YHJdLO1teafu3Uh95Bsj,https://docs.google.com/document/d/1E4kFfmCimyC2YHJdLO1teafu3Uh95Bsj/edit?usp=drivesdk&ouid=102199551013201647615&rtpof=true&sd=true
listo_para_importar,Informe a la Familia,7,3,Liceo Mixto Bicentenario Los Andes Media,InformeFamilia_1G-Benjamin Triviño.docx,Benjamin Triviño,2900,BENJAMIN DAVID TRIVIÑO ARAYA,90,10A-4zatPLPGw2Vp3Vk9PpS9gdwcIVArq,https://docs.google.com/document/d/10A-4zatPLPGw2Vp3Vk9PpS9gdwcIVArq/edit?usp=drivesdk&ouid=102199551013201647615&rtpof=true&sd=true
listo_para_importar,Informe a la Familia,7,3,Liceo Mixto Bicentenario Los Andes Media,InformeFamilia_3F-Dylan Aros.docx,Dylan Aros,4541,DYLAN ALEXANDER AROS ROJAS,90,1hTraen8Lrw5jbHwqLjQc_CJneawXQ1kG,https://docs.google.com/document/d/1hTraen8Lrw5jbHwqLjQc_CJneawXQ1kG/edit?usp=drivesdk&ouid=102199551013201647615&rtpof=true&sd=true
listo_para_importar,Informe a la Familia,7,3,Liceo Mixto Bicentenario Los Andes Media,InformeFamilia_4E-William Fuenzalida.docx,William Fuenzalida,4693,WILLIAM ANTONIO FUENZALIDA URETA,90,1svTdkhNYJSpvbTqePZoFkvuezG-vC7mP,https://docs.google.com/document/d/1svTdkhNYJSpvbTqePZoFkvuezG-vC7mP/edit?usp=drivesdk&ouid=102199551013201647615&rtpof=true&sd=true
listo_para_importar,Informe a la Familia,7,3,Liceo Mixto Bicentenario Los Andes Media,InformeFamilia_1I-Gerardo Colarte.docx,Gerardo Colarte,4050,GERARDO IGNACIO COLARTE MUÑOZ,90,132dHdPR4IdBF4uCse5BtsySF9uA7Ttry,https://docs.google.com/document/d/132dHdPR4IdBF4uCse5BtsySF9uA7Ttry/edit?usp=drivesdk&ouid=102199551013201647615&rtpof=true&sd=true
listo_para_importar,Informe a la Familia,7,3,Liceo Mixto Bicentenario Los Andes Media,InformeFamilia_1E-Robinson Medina.docx,Robinson Medina,4134,ROBINSON CRISTOBAL MEDINA OGALDE,90,12Pk9mMNZnNF4OLy4EA8_TMUFri7IVJEz,https://docs.google.com/document/d/12Pk9mMNZnNF4OLy4EA8_TMUFri7IVJEz/edit?usp=drivesdk&ouid=102199551013201647615&rtpof=true&sd=true
listo_para_importar,Informe a la Familia,7,3,Liceo Mixto Bicentenario Los Andes Media,InformeFamilia_2E-Isabella Díaz.docx,Isabella Díaz,2867,ISABELLA EVA DIAZ ALVAREZ,90,1OJHugh2WYhy4xB4w3-vI5qvHFP3jd8Ly,https://docs.google.com/document/d/1OJHugh2WYhy4xB4w3-vI5qvHFP3jd8Ly/edit?usp=drivesdk&ouid=102199551013201647615&rtpof=true&sd=true
listo_para_importar,Informe a la Familia,7,3,Liceo Mixto Bicentenario Los Andes Media,InformeFamilia_2H-Francisca Cortes.docx,Francisca Cortes,4801,FRANCISCA EMILIA CORTES ZAMORA,90,1nB6r21xLtameCd6t-GhbaOAu8Q9PP0tl,https://docs.google.com/document/d/1nB6r21xLtameCd6t-GhbaOAu8Q9PP0tl/edit?usp=drivesdk&ouid=102199551013201647615&rtpof=true&sd=true
listo_para_importar,Informe a la Familia,7,3,Liceo Mixto Bicentenario Los Andes Media,InformeFamilia_1A-Benjamin Vicencio.docx,Benjamin Vicencio,3293,BENJAMIN ERNESTO VICENCIO ESTRELLA,90,1MJAS-SkbQEdqkdo_R8oFHLotgJXLfejc,https://docs.google.com/document/d/1MJAS-SkbQEdqkdo_R8oFHLotgJXLfejc/edit?usp=drivesdk&ouid=102199551013201647615&rtpof=true&sd=true
listo_para_importar,Informe a la Familia,7,3,Liceo Mixto Bicentenario Los Andes Media,InformeFamilia_1G-Xiomara Anabalón.docx,Xiomara Anabalón,4554,XIOMARA ALEJANDRA ANABALON RUIZ,90,1Ss6oOtWewl2H_RsqV9XGLaVm-G-9r564,https://docs.google.com/document/d/1Ss6oOtWewl2H_RsqV9XGLaVm-G-9r564/edit?usp=drivesdk&ouid=102199551013201647615&rtpof=true&sd=true
listo_para_importar,Informe a la Familia,7,3,Liceo Mixto Bicentenario Los Andes Media,InformeFamilia_3E-Vicente Ojeda.docx,Vicente Ojeda,4396,VICENTE ALFREDO OJEDA PULGAR,90,14CUB22-u6VZeC093e1zvbqaAVKkiFHUP,https://docs.google.com/document/d/14CUB22-u6VZeC093e1zvbqaAVKkiFHUP/edit?usp=drivesdk&ouid=102199551013201647615&rtpof=true&sd=true
listo_para_importar,Informe a la Familia,7,3,Liceo Mixto Bicentenario Los Andes Media,InformeFamilia_3D-Victoria Bachir.docx,Victoria Bachir,4428,VICTORIA STEFANY BACHIR QUIROGA,90,1YIhmftZqklQ6Dg_c1DcwMloHMkvUU9YQ,https://docs.google.com/document/d/1YIhmftZqklQ6Dg_c1DcwMloHMkvUU9YQ/edit?usp=drivesdk&ouid=102199551013201647615&rtpof=true&sd=true
listo_para_importar,Informe a la Familia,7,3,Liceo Mixto Bicentenario Los Andes Media,InformeFamilia_2F-Paz Moreno.docx,Paz Moreno,3050,PAZ ANTONELLA MORENO CAMPOS,90,1pe15XSmACHwvB_Yu_I185Q7-CUneUsXs,https://docs.google.com/document/d/1pe15XSmACHwvB_Yu_I185Q7-CUneUsXs/edit?usp=drivesdk&ouid=102199551013201647615&rtpof=true&sd=true
listo_para_importar,Informe a la Familia,7,3,Liceo Mixto Bicentenario Los Andes Media,InformeFamilia_4F-Constanza Aliaga.docx,Constanza Aliaga,3078,CONSTANZA BELEN ALIAGA CARVALLO,90,1khCiCpi-4R0xQb7ocGEmA7Dyr5aT8uq_,https://docs.google.com/document/d/1khCiCpi-4R0xQb7ocGEmA7Dyr5aT8uq_/edit?usp=drivesdk&ouid=102199551013201647615&rtpof=true&sd=true
listo_para_importar,Informe a la Familia,7,3,Liceo Mixto Bicentenario Los Andes Media,InformeFamilia_3F-Nayiaret Vega.docx,Nayiaret Vega,2819,NAYIARET THAIS VEGA ABARZUA,90,1-Dj4nDQ4nlm9ujTzuOW7AASBiey_AXjg,https://docs.google.com/document/d/1-Dj4nDQ4nlm9ujTzuOW7AASBiey_AXjg/edit?usp=drivesdk&ouid=102199551013201647615&rtpof=true&sd=true
listo_para_importar,Informe a la Familia,7,3,Liceo Mixto Bicentenario Los Andes Media,InformeFamilia_1A-Paolo Escobar.docx,Paolo Escobar,3758,PAOLO ANDRES ESCOBAR LEIVA,90,15HZMDhOdcLn81_NUN2nhX1H6oPf2G4e6,https://docs.google.com/document/d/15HZMDhOdcLn81_NUN2nhX1H6oPf2G4e6/edit?usp=drivesdk&ouid=102199551013201647615&rtpof=true&sd=true
listo_para_importar,Informe a la Familia,7,3,Liceo Mixto Bicentenario Los Andes Media,InformeFamilia_3F-Sofia Muñoz.docx,Sofia Muñoz,4584,SOFIA VICTORIA MUÑOZ SALINAS,90,1zqEu24yQtxqxcwITTA3wuwRk2Vi5yHSX,https://docs.google.com/document/d/1zqEu24yQtxqxcwITTA3wuwRk2Vi5yHSX/edit?usp=drivesdk&ouid=102199551013201647615&rtpof=true&sd=true
listo_para_importar,Informe a la Familia,7,3,Liceo Mixto Bicentenario Los Andes Media,InformeFamilia_2C-Martina Figueroa.docx,Martina Figueroa,2847,MARTINA IGNACIA FIGUEROA ALBARRAN,90,1-dBynB2c2A46cC8QyEr_J2_KiXJlAy3B,https://docs.google.com/document/d/1-dBynB2c2A46cC8QyEr_J2_KiXJlAy3B/edit?usp=drivesdk&ouid=102199551013201647615&rtpof=true&sd=true
listo_para_importar,Informe a la Familia,7,3,Liceo Mixto Bicentenario Los Andes Media,InformeFamilia_1F-Vicente Serey.docx,Vicente Serey,3240,VICENTE JESUS SEREY DONOSO,90,1OUjKcuWOmk51k_hMTVqL_TTtUI5ixDEe,https://docs.google.com/document/d/1OUjKcuWOmk51k_hMTVqL_TTtUI5ixDEe/edit?usp=drivesdk&ouid=102199551013201647615&rtpof=true&sd=true
listo_para_importar,Informe a la Familia,7,3,Liceo Mixto Bicentenario Los Andes Media,InformeFamilia_1C-Maximiliano Biadayoli.docx,Maximiliano Biadayoli,4682,MAXIMILIANO AGUSTIN BIADAYOLI TORRES,90,1U4P7jhMrn-LbIl9YaQ-nHzEy9QDlV244,https://docs.google.com/document/d/1U4P7jhMrn-LbIl9YaQ-nHzEy9QDlV244/edit?usp=drivesdk&ouid=102199551013201647615&rtpof=true&sd=true
listo_para_importar,Informe a la Familia,7,3,Liceo Mixto Bicentenario Los Andes Media,InformeFamilia_1F-Esteban Vergara.docx,Esteban Vergara,2854,ESTEBAN ALFONSO VERGARA ALFARO,90,17ZxkAufAs3ylH-qzc-jWtrnA6XLozetS,https://docs.google.com/document/d/17ZxkAufAs3ylH-qzc-jWtrnA6XLozetS/edit?usp=drivesdk&ouid=102199551013201647615&rtpof=true&sd=true
listo_para_importar,Informe a la Familia,7,3,Liceo Mixto Bicentenario Los Andes Media,InformeFamilia_1B-Agustín Miquel.docx,Agustín Miquel,3792,AGUSTIN IGNACIO MIQUEL LOPEZ,90,1jgxsYNSAWwKz_6yNXqB0u7V7pnlH9mEm,https://docs.google.com/document/d/1jgxsYNSAWwKz_6yNXqB0u7V7pnlH9mEm/edit?usp=drivesdk&ouid=102199551013201647615&rtpof=true&sd=true
listo_para_importar,Informe a la Familia,7,3,Liceo Mixto Bicentenario Los Andes Media,InformeFamilia_1D-Duvan Palma.docx,Duvan Palma,4540,DUVAN JESUS PALMA ROJAS,90,1qyS-CDdk557g_sz0UWgih0i_wapBc7H1,https://docs.google.com/document/d/1qyS-CDdk557g_sz0UWgih0i_wapBc7H1/edit?usp=drivesdk&ouid=102199551013201647615&rtpof=true&sd=true
listo_para_importar,Informe a la Familia,7,3,Liceo Mixto Bicentenario Los Andes Media,InformeFamilia_2E-Jadde Diaz.docx,Jadde Diaz,3992,JADDE ESCARLETT DIAZ MONTIEL,90,10IsZoSWiaodgenRJEzGfagXT6yddJoKM,https://docs.google.com/document/d/10IsZoSWiaodgenRJEzGfagXT6yddJoKM/edit?usp=drivesdk&ouid=102199551013201647615&rtpof=true&sd=true
listo_para_importar,Informe a la Familia,7,3,Liceo Mixto Bicentenario Los Andes Media,InformeFamilia_3F-Constanza Perez.docx,Constanza Perez,3192,CONSTANZA AURORA PEREZ CRUZ,90,18x7UADqgEUF3ij2vqtROs671VSZMmL06,https://docs.google.com/document/d/18x7UADqgEUF3ij2vqtROs671VSZMmL06/edit?usp=drivesdk&ouid=102199551013201647615&rtpof=true&sd=true
listo_para_importar,Informe a la Familia,7,3,Liceo Mixto Bicentenario Los Andes Media,InformeFamilia_1C-Agustin Uribe.docx,Agustin Uribe,4086,AGUSTIN PATRICIO URIBE NAVARRETE,90,1HvPKvXsJJflOQBvO0Eq1OYfjvHvf_mIb,https://docs.google.com/document/d/1HvPKvXsJJflOQBvO0Eq1OYfjvHvf_mIb/edit?usp=drivesdk&ouid=102199551013201647615&rtpof=true&sd=true
listo_para_importar,Informe a la Familia,7,3,Liceo Mixto Bicentenario Los Andes Media,InformeFamilia_2° Medio F_Tomás Castillo.docx,Tomás Castillo,3948,TOMAS FELIPE CASTILLO MENA,90,1SqQxBu-JAH3RABUwlEP9vQIATJkZjbso,https://docs.google.com/document/d/1SqQxBu-JAH3RABUwlEP9vQIATJkZjbso/edit?usp=drivesdk&ouid=102199551013201647615&rtpof=true&sd=true
listo_para_importar,Informe a la Familia,7,3,Liceo Mixto Bicentenario Los Andes Media,InformeFamilia_1° Medio G_Yoreinny Melean (3).docx,Yoreinny Melean,2967,YOREINNY CHIQUINQUIRA MELEAN BECERRA,90,13Lut7H9xYuUMY8NDIQECYVcXEFuwwWjY,https://docs.google.com/document/d/13Lut7H9xYuUMY8NDIQECYVcXEFuwwWjY/edit?usp=drivesdk&ouid=102199551013201647615&rtpof=true&sd=true
listo_para_importar,Informe a la Familia,7,3,Liceo Mixto Bicentenario Los Andes Media,InformeFamilia_1B-Dylan Balmaceda.docx,Dylan Balmaceda,4654,DYLAN GABRIEL BALMACEDA TAPIA,90,1ZuHllp4o-00Ni0W3kXvvG49uk5c7r5lK,https://docs.google.com/document/d/1ZuHllp4o-00Ni0W3kXvvG49uk5c7r5lK/edit?usp=drivesdk&ouid=102199551013201647615&rtpof=true&sd=true
listo_para_importar,Informe a la Familia,7,3,Liceo Mixto Bicentenario Los Andes Media,InformeFamilia_1B-Luciano Torres.docx,Luciano Torres,2914,LUCIANO EMILIO TORRES ARENAS,90,1biU6c8lxlYjC6MIYkVHS2UoDI6Sr5dZR,https://docs.google.com/document/d/1biU6c8lxlYjC6MIYkVHS2UoDI6Sr5dZR/edit?usp=drivesdk&ouid=102199551013201647615&rtpof=true&sd=true
listo_para_importar,Informe a la Familia,7,3,Liceo Mixto Bicentenario Los Andes Media,InformeFamilia_3E-Kenji Osses.docx,Kenji Osses,2892,KENJI KOUSAGI OSSES ARANCIBIA,90,1u984QeuqDbGSt_KAasu-SW7iI2biSPec,https://docs.google.com/document/d/1u984QeuqDbGSt_KAasu-SW7iI2biSPec/edit?usp=drivesdk&ouid=102199551013201647615&rtpof=true&sd=true
listo_para_importar,Informe a la Familia,7,3,Liceo Mixto Bicentenario Los Andes Media,InformeFamilia_3B-Florencia Guajardo.docx,Florencia Guajardo,4595,FLORENCIA PASCAL GUAJARDO SANCHEZ,90,1FiEZRnEWcRy9xuL4WBfbWNMtqzHSXTuP,https://docs.google.com/document/d/1FiEZRnEWcRy9xuL4WBfbWNMtqzHSXTuP/edit?usp=drivesdk&ouid=102199551013201647615&rtpof=true&sd=true
listo_para_importar,Informe a la Familia,7,2,Liceo Mixto Bicentenario Los Andes Basica 2,3°B Austin Martinez B2 - Informe a la familia.docx,Austin Martinez,3174,AUSTIN MATHEO MARTINEZ AHUMADA,90,1xYKaZvt8f9payE1wTOUpMwmQyBZpS-Kn,https://docs.google.com/document/d/1xYKaZvt8f9payE1wTOUpMwmQyBZpS-Kn/edit?usp=drivesdk&ouid=102199551013201647615&rtpof=true&sd=true
listo_para_importar,Informe a la Familia,7,2,Liceo Mixto Bicentenario Los Andes Basica 2,PK°B Martin Quiroz B2 - Informe a la familia.docx,B Martin Quiroz,4159,MARTIN ALFONSO QUIROZ QUIROZ,90,13IMfMzdVffyR6Hjqaq3qkC1pLmwQHnrl,https://docs.google.com/document/d/13IMfMzdVffyR6Hjqaq3qkC1pLmwQHnrl/edit?usp=drivesdk&ouid=102199551013201647615&rtpof=true&sd=true
listo_para_importar,Informe a la Familia,7,2,Liceo Mixto Bicentenario Los Andes Basica 2,1°A Mateo Pinto B2 - Informe a la familia.docx,Mateo Pinto,3732,MATEO IGNACIO PINTO HERMOSILLA,90,1Nri9Kwz1CWe7HYhOPvhjsce8xRDzFrRF,https://docs.google.com/document/d/1Nri9Kwz1CWe7HYhOPvhjsce8xRDzFrRF/edit?usp=drivesdk&ouid=102199551013201647615&rtpof=true&sd=true
listo_para_importar,Informe a la Familia,7,2,Liceo Mixto Bicentenario Los Andes Basica 2,PK°A Massiel Debiassi B2 - Informe a la familia.docx,A Massiel Debiassi,4283,MASSIEL FERNANDO DEBIASSI SOSA,90,1C0WHZQPgb6k6nOCIM_TSaxi4noz2xbAA,https://docs.google.com/document/d/1C0WHZQPgb6k6nOCIM_TSaxi4noz2xbAA/edit?usp=drivesdk&ouid=102199551013201647615&rtpof=true&sd=true
listo_para_importar,Informe a la Familia,7,2,Liceo Mixto Bicentenario Los Andes Basica 2,PK°A Rolando Anjarí B2 - Informe a la familia.docx,A Rolando Anjarí,4031,ROLANDO JOSE ANJARÍ ORELLANA,90,12o7f8uUwkBfbEMIQvLAknaqGweKyFtMu,https://docs.google.com/document/d/12o7f8uUwkBfbEMIQvLAknaqGweKyFtMu/edit?usp=drivesdk&ouid=102199551013201647615&rtpof=true&sd=true
listo_para_importar,Informe a la Familia,7,2,Liceo Mixto Bicentenario Los Andes Basica 2,3°B Belen Gonzalez B2 - Informe a la familia.docx,Belen Gonzalez,3418,BELEN IGNACIA GONZALEZ CARVACHO,90,1zHFlnNv1Ov1YBiiumzk3z15Xc3fPj4q7,https://docs.google.com/document/d/1zHFlnNv1Ov1YBiiumzk3z15Xc3fPj4q7/edit?usp=drivesdk&ouid=102199551013201647615&rtpof=true&sd=true
listo_para_importar,Informe a la Familia,7,2,Liceo Mixto Bicentenario Los Andes Basica 2,5°B Ignacio Robles B2 - Informe a la familia.docx,Ignacio Robles,4289,IGNACIO JAVIER ROBLES SOTO,90,1O-RvNwOBzvCzE-wmX6LxkzCAmavOeYQj,https://docs.google.com/document/d/1O-RvNwOBzvCzE-wmX6LxkzCAmavOeYQj/edit?usp=drivesdk&ouid=102199551013201647615&rtpof=true&sd=true
listo_para_importar,Informe a la Familia,7,2,Liceo Mixto Bicentenario Los Andes Basica 2,1°B Nicolas Galdames B2 - Informe a la familia.docx,Nicolas Galdames,4271,NICOLAS ANDRES GALDAMES SIERRA,90,1rzJD2JNOXLwC3yqVySd7SUXPcBpH5QAm,https://docs.google.com/document/d/1rzJD2JNOXLwC3yqVySd7SUXPcBpH5QAm/edit?usp=drivesdk&ouid=102199551013201647615&rtpof=true&sd=true
listo_para_importar,Informe a la Familia,7,2,Liceo Mixto Bicentenario Los Andes Basica 2,8°B Geneciss Jofre B2 - Informe a la familia.docx,Geneciss Jofre,3819,GENECISS ANTONELLA JOFRE LAZO,90,19Yu8VbwCUKO12kr8kBisPffALKhlmPGm,https://docs.google.com/document/d/19Yu8VbwCUKO12kr8kBisPffALKhlmPGm/edit?usp=drivesdk&ouid=102199551013201647615&rtpof=true&sd=true
listo_para_importar,Informe a la Familia,7,2,Liceo Mixto Bicentenario Los Andes Basica 2,K°B Fiorella Vallejos B2 - Informe a la familia.docx,B Fiorella Vallejos,3921,FIORELLA ANDREA VALLEJOS MERCHAN,90,1UdcHkkUJ5H8Kz2kMKRjQh16BD53aEhqc,https://docs.google.com/document/d/1UdcHkkUJ5H8Kz2kMKRjQh16BD53aEhqc/edit?usp=drivesdk&ouid=102199551013201647615&rtpof=true&sd=true
listo_para_importar,Informe a la Familia,7,2,Liceo Mixto Bicentenario Los Andes Basica 2,PK°B Amanda Vasquez B2 - Informe a la familia.docx,B Amanda Vasquez,3827,AMANDA ANTONIA VASQUEZ LIZANA,90,1A0Cc3Pn3yYw4ZdNJ2EFP_VrsaHhFUM0Z,https://docs.google.com/document/d/1A0Cc3Pn3yYw4ZdNJ2EFP_VrsaHhFUM0Z/edit?usp=drivesdk&ouid=102199551013201647615&rtpof=true&sd=true
listo_para_importar,Informe a la Familia,7,2,Liceo Mixto Bicentenario Los Andes Basica 2,8°A Mateo Erazo B2 - Informe a la familia.docx,Mateo Erazo,3708,MATEO ALONSO ERAZO GUEVARA,90,1aPxeRu65NPfJni5IUX54oh8rbZj1NXKF,https://docs.google.com/document/d/1aPxeRu65NPfJni5IUX54oh8rbZj1NXKF/edit?usp=drivesdk&ouid=102199551013201647615&rtpof=true&sd=true
listo_para_importar,Informe a la Familia,7,2,Liceo Mixto Bicentenario Los Andes Basica 2,7°B Javiera Diaz B2 - Informe a la familia.docx,Javiera Diaz,3446,JAVIERA ANTONIA DIAZ CASTILLO,90,18GipgaZQtPgZ7qtwiTco33oUbrgDLJgC,https://docs.google.com/document/d/18GipgaZQtPgZ7qtwiTco33oUbrgDLJgC/edit?usp=drivesdk&ouid=102199551013201647615&rtpof=true&sd=true
listo_para_importar,Informe a la Familia,7,2,Liceo Mixto Bicentenario Los Andes Basica 2,PK°A Amanda Tapia B2 - Informe a la familia.docx,A Amanda Tapia,3284,AMANDA CECILIA TAPIA AVIO,90,1BEu3dEqIhdFjI7hoN--xVQMnhxQNv2Hl,https://docs.google.com/document/d/1BEu3dEqIhdFjI7hoN--xVQMnhxQNv2Hl/edit?usp=drivesdk&ouid=102199551013201647615&rtpof=true&sd=true
listo_para_importar,Informe a la Familia,7,2,Liceo Mixto Bicentenario Los Andes Basica 2,2°B Natalia Muñoz B2 - Informe a la familia.docx,Natalia Muñoz,3298,NATALIA IGNACIA MUÑOZ AYALA,90,1m-YILVW5OYe50-HkpOsCi9c7CLoAmWOn,https://docs.google.com/document/d/1m-YILVW5OYe50-HkpOsCi9c7CLoAmWOn/edit?usp=drivesdk&ouid=102199551013201647615&rtpof=true&sd=true
listo_para_importar,Informe a la Familia,7,2,Liceo Mixto Bicentenario Los Andes Basica 2,3°A Nahum Wright B2 - Informe a la familia.docx,Nahum Wright,4139,NAHUM ENAM WRIGHT PUJADO,90,1hLdnr4t11qvTRrFlYURG8cXxELu7r9pm,https://docs.google.com/document/d/1hLdnr4t11qvTRrFlYURG8cXxELu7r9pm/edit?usp=drivesdk&ouid=102199551013201647615&rtpof=true&sd=true
listo_para_importar,Informe a la Familia,7,2,Liceo Mixto Bicentenario Los Andes Basica 2,6°A Alvaro Salinas B2 - Informe a la familia.docx,Alvaro Salinas,4483,ALVARO ROMAN SALINAS ZAGAL,90,1iFYPJeyDvkBEoUp55OD6U7vh_w3JgIwR,https://docs.google.com/document/d/1iFYPJeyDvkBEoUp55OD6U7vh_w3JgIwR/edit?usp=drivesdk&ouid=102199551013201647615&rtpof=true&sd=true
listo_para_importar,Informe a la Familia,7,2,Liceo Mixto Bicentenario Los Andes Basica 2,4°B Joel Parra B2 - Informe a la familia.docx,Joel Parra,3500,JOEL IGNACIO PARRA CIFUENTES,90,1tszrdT3NpF6zfzU5cE7naUhkj9VmGnYd,https://docs.google.com/document/d/1tszrdT3NpF6zfzU5cE7naUhkj9VmGnYd/edit?usp=drivesdk&ouid=102199551013201647615&rtpof=true&sd=true
listo_para_importar,Informe a la Familia,7,2,Liceo Mixto Bicentenario Los Andes Basica 2,PK°A Sebastian Coro B2 - Informe a la familia.docx,A Sebastian Coro,3410,SEBASTIAN CESAR CORO CARRERA,90,1FSZyA4x3JzK1iXnuGieZDkP3KU0VdouN,https://docs.google.com/document/d/1FSZyA4x3JzK1iXnuGieZDkP3KU0VdouN/edit?usp=drivesdk&ouid=102199551013201647615&rtpof=true&sd=true
listo_para_importar,Informe a la Familia,7,2,Liceo Mixto Bicentenario Los Andes Basica 2,PK°A Eliam Wright B2 - Informe a la familia.docx,A Eliam Wright,4137,ELIAM NAIN WRIGHT PUJADO,90,1JKrPskCc4WfpuV4ZDFWfheXIzXr3fDJ8,https://docs.google.com/document/d/1JKrPskCc4WfpuV4ZDFWfheXIzXr3fDJ8/edit?usp=drivesdk&ouid=102199551013201647615&rtpof=true&sd=true
listo_para_importar,Informe a la Familia,7,2,Liceo Mixto Bicentenario Los Andes Basica 2,K°A Camilo Silva B2 - Informe a la familia.docx,A Camilo Silva,4417,CAMILO ANDRES SILVA VIDAL,90,1WeUPBt2CKMATpDNOmcSFmtigNl8lTztR,https://docs.google.com/document/d/1WeUPBt2CKMATpDNOmcSFmtigNl8lTztR/edit?usp=drivesdk&ouid=102199551013201647615&rtpof=true&sd=true
listo_para_importar,Informe a la Familia,7,2,Liceo Mixto Bicentenario Los Andes Basica 2,PK°B Alex Madriaga B2 - Informe a la familia.docx,B Alex Madriaga,3937,ALEX MARC MADRIAGA MONROY,90,1btsEdNNEgy3PwULwFgjTbScvpHY8Fph5,https://docs.google.com/document/d/1btsEdNNEgy3PwULwFgjTbScvpHY8Fph5/edit?usp=drivesdk&ouid=102199551013201647615&rtpof=true&sd=true
listo_para_importar,Informe a la Familia,7,2,Liceo Mixto Bicentenario Los Andes Basica 2,PK°A Lucia Jaque B2 - Informe a la familia.docx,A Lucia Jaque,4473,LUCIA SIMONETTE JAQUE VULETIN,90,14b-dYeZmR9DRWc57RgCBirOfQhvXGKj8,https://docs.google.com/document/d/14b-dYeZmR9DRWc57RgCBirOfQhvXGKj8/edit?usp=drivesdk&ouid=102199551013201647615&rtpof=true&sd=true
listo_para_importar,Informe a la Familia,7,2,Liceo Mixto Bicentenario Los Andes Basica 2,3°B Dara Carrera B2 - Informe a la familia.docx,Dara Carrera,3547,DARA MILAGROS CARRERA CUERO,90,1TH2-jjW58VIhyzNHoMXhHv3L1edORFUl,https://docs.google.com/document/d/1TH2-jjW58VIhyzNHoMXhHv3L1edORFUl/edit?usp=drivesdk&ouid=102199551013201647615&rtpof=true&sd=true
listo_para_importar,Informe a la Familia,7,2,Liceo Mixto Bicentenario Los Andes Basica 2,5°A Alonso Villalobos B2 - Informe a la familia.docx,Alonso Villalobos,4225,ALONSO EDUARDO VILLALOBOS SAA,90,1XwVhvtm27eb5cJvLz696xGPw3TLSEV3u,https://docs.google.com/document/d/1XwVhvtm27eb5cJvLz696xGPw3TLSEV3u/edit?usp=drivesdk&ouid=102199551013201647615&rtpof=true&sd=true
listo_para_importar,Informe a la Familia,7,2,Liceo Mixto Bicentenario Los Andes Basica 2,PK°B Sofia Hernandez B2 - Informe a la familia.docx,B Sofia Hernandez,3349,SOFIA AURORA HERNANDEZ BETANCURT,90,1jpmXsFcfpALtlOXoxBJID-A_6ImLty4D,https://docs.google.com/document/d/1jpmXsFcfpALtlOXoxBJID-A_6ImLty4D/edit?usp=drivesdk&ouid=102199551013201647615&rtpof=true&sd=true
listo_para_importar,Informe a la Familia,7,2,Liceo Mixto Bicentenario Los Andes Basica 2,PK°B Amanda Cossio B2 - Informe a la familia.docx,B Amanda Cossio,3929,AMANDA PASKAL COSSIO MIRANDA,90,1xpBdKhZxnWfmspjpUKIMm8z1JyChyhLf,https://docs.google.com/document/d/1xpBdKhZxnWfmspjpUKIMm8z1JyChyhLf/edit?usp=drivesdk&ouid=102199551013201647615&rtpof=true&sd=true
listo_para_importar,Informe a la Familia,7,2,Liceo Mixto Bicentenario Los Andes Basica 2,K°A Ambar Restrepo B2 - Informe a la familia.docx,A Ambar Restrepo,3400,AMBAR LUCIA RESTREPO CANO,90,1WE7lY-edQNvCMUgHTxw5ClLMLBEI7XHA,https://docs.google.com/document/d/1WE7lY-edQNvCMUgHTxw5ClLMLBEI7XHA/edit?usp=drivesdk&ouid=102199551013201647615&rtpof=true&sd=true
listo_para_importar,Informe a la Familia,7,2,Liceo Mixto Bicentenario Los Andes Basica 2,K°A Evan Alvarez B2 - Informe a la familia.docx,A Evan Alvarez,4319,EVAN LEON ALVAREZ TAPIA,90,1kMPRyUIJ0GkfSP5ueU8MD84_Lcew5qoU,https://docs.google.com/document/d/1kMPRyUIJ0GkfSP5ueU8MD84_Lcew5qoU/edit?usp=drivesdk&ouid=102199551013201647615&rtpof=true&sd=true
listo_para_importar,Informe a la Familia,7,2,Liceo Mixto Bicentenario Los Andes Basica 2,8°A Jean Falcones B2 - Informe a la familia.docx,Jean Falcones,3310,JEAN PAUL FALCONES BAJAÑA,90,1lIGDYRhCNwsykRclmjWAB7H5GK4VDSKV,https://docs.google.com/document/d/1lIGDYRhCNwsykRclmjWAB7H5GK4VDSKV/edit?usp=drivesdk&ouid=102199551013201647615&rtpof=true&sd=true
listo_para_importar,Informe a la Familia,7,2,Liceo Mixto Bicentenario Los Andes Basica 2,6°B Jose Figueroa B2 - Informe a la familia.docx,Jose Figueroa,3189,JOSE THOMAS ALBERTO FIGUEROA ALARCON,90,1Eu_dqFbW_NlyP42KnID0wVJaPNmowjdr,https://docs.google.com/document/d/1Eu_dqFbW_NlyP42KnID0wVJaPNmowjdr/edit?usp=drivesdk&ouid=102199551013201647615&rtpof=true&sd=true
listo_para_importar,Informe a la Familia,7,2,Liceo Mixto Bicentenario Los Andes Basica 2,6°B Kiara Albornoz B2 - Informe a la familia.docx,Kiara Albornoz,3875,KIARA ELIZABETH ALBORNOZ MALDONADO,90,1fWvdx5ZfG_LH903DIYygwBIQASohCTcd,https://docs.google.com/document/d/1fWvdx5ZfG_LH903DIYygwBIQASohCTcd/edit?usp=drivesdk&ouid=102199551013201647615&rtpof=true&sd=true
listo_para_importar,Informe a la Familia,7,2,Liceo Mixto Bicentenario Los Andes Basica 2,3°B Giovanni Navea B2 - Informe a la familia.docx,Giovanni Navea,3314,GIOVANNI ANTONIO NAVEA BALDO,90,15Z3a_4dNkAyWNpVJPWLST89nKUPy6eJ3,https://docs.google.com/document/d/15Z3a_4dNkAyWNpVJPWLST89nKUPy6eJ3/edit?usp=drivesdk&ouid=102199551013201647615&rtpof=true&sd=true
listo_para_importar,Informe a la Familia,7,2,Liceo Mixto Bicentenario Los Andes Basica 2,5°A Vicente Oliva B2 - Informe a la familia.docx,Vicente Oliva,4119,VICENTE FRANCISCO OLIVA PINILLA,90,1YIUF4RNwlTs3RS1_2eBrpXTPtv7LbucI,https://docs.google.com/document/d/1YIUF4RNwlTs3RS1_2eBrpXTPtv7LbucI/edit?usp=drivesdk&ouid=102199551013201647615&rtpof=true&sd=true
listo_para_importar,Informe a la Familia,7,2,Liceo Mixto Bicentenario Los Andes Basica 2,7°A Antonelha Pichun B2 - Informe a la familia.docx,Antonelha Pichun,3726,ANTONELHA ESTEFANIA PICHUN HERMOSILLA,90,1YD62yTMaIE0NpTbOcvi0N4Mf0GYL4ite,https://docs.google.com/document/d/1YD62yTMaIE0NpTbOcvi0N4Mf0GYL4ite/edit?usp=drivesdk&ouid=102199551013201647615&rtpof=true&sd=true
listo_para_importar,Informe a la Familia,7,2,Liceo Mixto Bicentenario Los Andes Basica 2,PK°B Sebastian Saavedra B2 - Informe a la familia.docx,B Sebastian Saavedra,4165,SEBASTIAN IGNACIO SAAVEDRA RAMIREZ,90,1u70n92CcT-8aTKqwc9FNfb8-RbF4vil9,https://docs.google.com/document/d/1u70n92CcT-8aTKqwc9FNfb8-RbF4vil9/edit?usp=drivesdk&ouid=102199551013201647615&rtpof=true&sd=true
listo_para_importar,Informe a la Familia,7,2,Liceo Mixto Bicentenario Los Andes Basica 2,6°B Lucas Contreras B2 - Informe a la familia.docx,Lucas Contreras,4029,LUCAS MAXIMILIANO CONTRERAS ORELLANA,90,1irovKKRKxEFjXq8FpAA81gmhmdqqWQtk,https://docs.google.com/document/d/1irovKKRKxEFjXq8FpAA81gmhmdqqWQtk/edit?usp=drivesdk&ouid=102199551013201647615&rtpof=true&sd=true
listo_para_importar,Informe a la Familia,7,2,Liceo Mixto Bicentenario Los Andes Basica 2,3°A Eithan Salinas B2 - Informe a la familia.docx,Eithan Salinas,4485,EITHAN NICOLAS SALINAS ZAGAL,90,1B-RJh5kqgMZF7L_LkBBWeSyofsF9h_1m,https://docs.google.com/document/d/1B-RJh5kqgMZF7L_LkBBWeSyofsF9h_1m/edit?usp=drivesdk&ouid=102199551013201647615&rtpof=true&sd=true
listo_para_importar,Informe a la Familia,7,2,Liceo Mixto Bicentenario Los Andes Basica 2,7°A Joaquin Hernandez B2 - Informe a la familia.docx,Joaquin Hernandez,3347,JOAQUIN ALONSO HERNANDEZ BETANCURT,90,1WV_Z3FEadN9tELrPps1bqLdN_GFrjNhi,https://docs.google.com/document/d/1WV_Z3FEadN9tELrPps1bqLdN_GFrjNhi/edit?usp=drivesdk&ouid=102199551013201647615&rtpof=true&sd=true
listo_para_importar,Informe a la Familia,7,2,Liceo Mixto Bicentenario Los Andes Basica 2,7°B Gabriel Herrera B2 - Informe a la familia.docx,Gabriel Herrera,4233,GABRIEL HERNAN ALEJANDRO HERRERA SAEZ,90,1ob3anx9hEVog-JV7VSWRz9RtCcYzeXie,https://docs.google.com/document/d/1ob3anx9hEVog-JV7VSWRz9RtCcYzeXie/edit?usp=drivesdk&ouid=102199551013201647615&rtpof=true&sd=true
listo_para_importar,Informe a la Familia,7,1,Liceo Mixto Los Andes Basica 1,6°A Miguel Yáñez B1 informe familia 2026.docx,Miguel Yáñez,4913,MIGUEL ANGEL YAÑEZ BUSTAMANTE,90,1HvcoNH8LaF_o_6T6-MdU_NmDqGKwts2A,https://docs.google.com/document/d/1HvcoNH8LaF_o_6T6-MdU_NmDqGKwts2A/edit?usp=drivesdk&ouid=102199551013201647615&rtpof=true&sd=true
listo_para_importar,Informe a la Familia,7,1,Liceo Mixto Los Andes Basica 1,K°C Mia Lezama B1 informe familia 2026.docx,Mia Lezama,5259,MIA VALENTINA LEZAMA PATIÑO,90,1YxWoqujdkSn0NR99hsDWz_7lAEkWO1RI,https://docs.google.com/document/d/1YxWoqujdkSn0NR99hsDWz_7lAEkWO1RI/edit?usp=drivesdk&ouid=102199551013201647615&rtpof=true&sd=true
listo_para_importar,Informe a la Familia,7,1,Liceo Mixto Los Andes Basica 1,5°C Trinidad Vera B1 informe familia 2026.docx,Trinidad Vera,5298,TRINIDAD MAGDALENA VERA RAMÍREZ,90,1jLzCkbrrchoOqYVTY_L5-6QVJaLeN1M_,https://docs.google.com/document/d/1jLzCkbrrchoOqYVTY_L5-6QVJaLeN1M_/edit?usp=drivesdk&ouid=102199551013201647615&rtpof=true&sd=true
listo_para_importar,Informe a la Familia,7,1,Liceo Mixto Los Andes Basica 1,2°B Dylhan Luna B1 informe familia 2026.docx,Dylhan Luna,4985,DYLHAN ALEXANDER ANTONIO LUNA CORTÉS,90,1SfPBmc_RCamX-jSliX5g3YVXRTFK2M--,https://docs.google.com/document/d/1SfPBmc_RCamX-jSliX5g3YVXRTFK2M--/edit?usp=drivesdk&ouid=102199551013201647615&rtpof=true&sd=true
listo_para_importar,Informe a la Familia,7,1,Liceo Mixto Los Andes Basica 1,8°C Jans Salinas B1 informe familia 2026.docx,Jans Salinas,5097,JANS IGNACIO SALINAS HERRERA,90,1L0OF88sAb-84aoFsARw3el5mThfVkk0h,https://docs.google.com/document/d/1L0OF88sAb-84aoFsARw3el5mThfVkk0h/edit?usp=drivesdk&ouid=102199551013201647615&rtpof=true&sd=true
listo_para_importar,Informe a la Familia,7,2,Liceo Mixto Bicentenario Los Andes Basica 2,2°B Gonzalo Figueroa B2 - Informe a la familia.docx,Gonzalo Figueroa,4377,GONZALO DAVID FIGUEROA VALENZUELA,90,1wC4qRFe4-CVA1pGSNRQXzIqBRShL1Qic,https://docs.google.com/document/d/1wC4qRFe4-CVA1pGSNRQXzIqBRShL1Qic/edit?usp=drivesdk&ouid=102199551013201647615&rtpof=true&sd=true
listo_para_importar,Informe a la Familia,7,2,Liceo Mixto Bicentenario Los Andes Basica 2,PK°B Hugo Jadad B2 - Informe a la familia.docx,B Hugo Jadad,3943,HUGO ALBERTO JADAD MONTERO,90,1h-FLvxq_COz7P4LbY0bbZ6Lr3i1PhP78,https://docs.google.com/document/d/1h-FLvxq_COz7P4LbY0bbZ6Lr3i1PhP78/edit?usp=drivesdk&ouid=102199551013201647615&rtpof=true&sd=true
listo_para_importar,Informe a la Familia,7,1,Liceo Mixto Los Andes Basica 1,K°A Lorenzo Contreras B1 informe familia 2026.docx,Lorenzo Contreras,5353,LORENZO BENJAMIN CONTRERAS SANDOVAL,90,1QSAaLCHnECrdz0EDw-9d7nOUTHA0ef4B,https://docs.google.com/document/d/1QSAaLCHnECrdz0EDw-9d7nOUTHA0ef4B/edit?usp=drivesdk&ouid=102199551013201647615&rtpof=true&sd=true
listo_para_importar,Informe a la Familia,7,2,Liceo Mixto Bicentenario Los Andes Basica 2,PK°B Thomas Pizarro B2 - Informe a la familia.docx,B Thomas Pizarro,3207,THOMAS ALEJANDRO PIZARRO AMESTICA,90,1xMv_ATxXuXkY-nmsf2QpIsaorOqJgHim,https://docs.google.com/document/d/1xMv_ATxXuXkY-nmsf2QpIsaorOqJgHim/edit?usp=drivesdk&ouid=102199551013201647615&rtpof=true&sd=true
listo_para_importar,Informe a la Familia,7,1,Liceo Mixto Los Andes Basica 1,6°C Joaquín Celedón B1 informe familia 2026.docx,Joaquín Celedón,5283,JOAQUIN SEBASTIAN CELEDON PULIDO,90,176mFBOqrjp9Pfgn6ayRdVcjZjluhGpzn,https://docs.google.com/document/d/176mFBOqrjp9Pfgn6ayRdVcjZjluhGpzn/edit?usp=drivesdk&ouid=102199551013201647615&rtpof=true&sd=true
listo_para_importar,Informe a la Familia,7,2,Liceo Mixto Bicentenario Los Andes Basica 2,6°A Simon Ladron B2 - Informe a la familia.docx,Simon Ladron,4327,SIMÓN PABLO LADRÓN DE GUEVARA TAPIA,90,1hwlTBN5UXaoGak_R1aXtIrwR6OqUQ9Dt,https://docs.google.com/document/d/1hwlTBN5UXaoGak_R1aXtIrwR6OqUQ9Dt/edit?usp=drivesdk&ouid=102199551013201647615&rtpof=true&sd=true
listo_para_importar,Informe a la Familia,7,2,Liceo Mixto Bicentenario Los Andes Basica 2,2°A Ivan Cerda B2 - Informe a la familia.docx,Ivan Cerda,4441,IVAN ENRIQUE CERDA VILLALOBOS,90,1F85m3IevPDx9sNK_X6TI6UNVJhN7fxy5,https://docs.google.com/document/d/1F85m3IevPDx9sNK_X6TI6UNVJhN7fxy5/edit?usp=drivesdk&ouid=102199551013201647615&rtpof=true&sd=true
listo_para_importar,Informe a la Familia,7,1,Liceo Mixto Los Andes Basica 1,PK°A Javier Ocares B1 informe familia 2026.docx,Javier Ocares,4892,JAVIER ALEXANDRO OCARES BELTRAN,90,1PjGVQGDEi9O5ix3G0JNX01gN6jiodIt0,https://docs.google.com/document/d/1PjGVQGDEi9O5ix3G0JNX01gN6jiodIt0/edit?usp=drivesdk&ouid=102199551013201647615&rtpof=true&sd=true
listo_para_importar,Informe a la Familia,7,1,Liceo Mixto Los Andes Basica 1,5°C Diego Fuenzalida B1 informe familia 2026.docx,Diego Fuenzalida,5136,DIEGO JESUS FUENZALIDA LEIVA,90,1Pa11k68rwiSMIOG2Of0MMj-pfC-t_tJE,https://docs.google.com/document/d/1Pa11k68rwiSMIOG2Of0MMj-pfC-t_tJE/edit?usp=drivesdk&ouid=102199551013201647615&rtpof=true&sd=true
listo_para_importar,Informe a la Familia,7,1,Liceo Mixto Los Andes Basica 1,3°A Astrid Robles B1 informe familia 2026.docx,Astrid Robles,5260,ASTRID ELIF ROBLES PEREZ,90,193IGiR1DD918FxCMUTkzSw741tHwJ2Zb,https://docs.google.com/document/d/193IGiR1DD918FxCMUTkzSw741tHwJ2Zb/edit?usp=drivesdk&ouid=102199551013201647615&rtpof=true&sd=true
listo_para_importar,Informe a la Familia,7,1,Liceo Mixto Los Andes Basica 1,8°B Kihara Ruiz B1 informe familia 2026.docx,Kihara Ruiz,5196,KIHARA PAOLA RUIZ MORALES,90,1WSCyZY-WNVYdKwAoomWjBIjT5T1LKq3b,https://docs.google.com/document/d/1WSCyZY-WNVYdKwAoomWjBIjT5T1LKq3b/edit?usp=drivesdk&ouid=102199551013201647615&rtpof=true&sd=true
listo_para_importar,Informe a la Familia,7,2,Liceo Mixto Bicentenario Los Andes Basica 2,PK°A Alan Chavarria B2 - Informe a la familia.docx,A Alan Chavarria,4455,ALAN IGNACIO CHAVARRIA VILLEGAS,90,1eccss7zsZnEP6pHNlv1BazgF7WdcCuVl,https://docs.google.com/document/d/1eccss7zsZnEP6pHNlv1BazgF7WdcCuVl/edit?usp=drivesdk&ouid=102199551013201647615&rtpof=true&sd=true
listo_para_importar,Informe a la Familia,7,2,Liceo Mixto Bicentenario Los Andes Basica 2,K°B Dante Rojas B2 - Informe a la familia.docx,B Dante Rojas,3787,DANTE IVAN ROJAS JARA,90,1e60pomVpCez5yLESAysu8p3tmZTY5EgJ,https://docs.google.com/document/d/1e60pomVpCez5yLESAysu8p3tmZTY5EgJ/edit?usp=drivesdk&ouid=102199551013201647615&rtpof=true&sd=true
listo_para_importar,Informe a la Familia,7,2,Liceo Mixto Bicentenario Los Andes Basica 2,2°A Pedro Palominos B2 - Informe a la familia.docx,Pedro Palominos,3430,PEDRO HERNAN PALOMINOS CARVALLO,90,1pbyivXwdWnPPq60WIYkEQQ8B5NJH1_ZJ,https://docs.google.com/document/d/1pbyivXwdWnPPq60WIYkEQQ8B5NJH1_ZJ/edit?usp=drivesdk&ouid=102199551013201647615&rtpof=true&sd=true
listo_para_importar,Informe a la Familia,7,2,Liceo Mixto Bicentenario Los Andes Basica 2,6°A Vicente Silva B2 - Informe a la familia.docx,Vicente Silva,3587,VICENTE IGNACIO SILVA ESPINDOLA,90,1tpFMQb1zwjvGqHAydNGDxLfonRK5dXJq,https://docs.google.com/document/d/1tpFMQb1zwjvGqHAydNGDxLfonRK5dXJq/edit?usp=drivesdk&ouid=102199551013201647615&rtpof=true&sd=true
listo_para_importar,Informe a la Familia,7,2,Liceo Mixto Bicentenario Los Andes Basica 2,K°A Alicia Ayala B2 - Informe a la familia.docx,A Alicia Ayala,4059,ALICIA BELLEN AYALA OYANEDEL,90,1ELCrmmqZpVvEPSsvmaZakY_jwUWAklEY,https://docs.google.com/document/d/1ELCrmmqZpVvEPSsvmaZakY_jwUWAklEY/edit?usp=drivesdk&ouid=102199551013201647615&rtpof=true&sd=true
listo_para_importar,Informe a la Familia,7,1,Liceo Mixto Los Andes Basica 1,K°C Amareli Venegas B1 informe familia 2026.docx,Amareli Venegas,5232,AMARELI PASCAL VENEGAS OBREQUE,90,1-9kz9tU9mPIAtgLAQXRSCnbs0DQaK99B,https://docs.google.com/document/d/1-9kz9tU9mPIAtgLAQXRSCnbs0DQaK99B/edit?usp=drivesdk&ouid=102199551013201647615&rtpof=true&sd=true
listo_para_importar,Informe a la Familia,7,1,Liceo Mixto Los Andes Basica 1,6°A Mia Soto B1 informe familia 2026.docx,Mia Soto,4980,MIA SCARLETT SOTO CORDERO,90,1JkPL8wlyaEA0doqnIgy4SxZ1X19_c-Gt,https://docs.google.com/document/d/1JkPL8wlyaEA0doqnIgy4SxZ1X19_c-Gt/edit?usp=drivesdk&ouid=102199551013201647615&rtpof=true&sd=true
listo_para_importar,Informe a la Familia,7,2,Liceo Mixto Bicentenario Los Andes Basica 2,6°A Luis Chavarria B2 - Informe a la familia.docx,Luis Chavarria,4461,LUIS ALONSO CHAVARRIA VILLEGAS,90,1CkwzCa-GVDrQrVPqn6B05TwOqsmjMBbC,https://docs.google.com/document/d/1CkwzCa-GVDrQrVPqn6B05TwOqsmjMBbC/edit?usp=drivesdk&ouid=102199551013201647615&rtpof=true&sd=true
listo_para_importar,Informe a la Familia,7,1,Liceo Mixto Los Andes Basica 1,5°B Emiliano Araya B1 informe familia 2026.docx,Emiliano Araya,4914,EMILIANO OMAR ALEXI ARAYA BUSTOS,90,1u8MCo_M8F_uUBaR0RftxwkN3FfDVat0N,https://docs.google.com/document/d/1u8MCo_M8F_uUBaR0RftxwkN3FfDVat0N/edit?usp=drivesdk&ouid=102199551013201647615&rtpof=true&sd=true
listo_para_importar,Informe a la Familia,7,1,Liceo Mixto Los Andes Basica 1,5°A Fernanda Diaz B1 informe familia 2026.docx,Fernanda Diaz,5118,FERNANDA MARIANA DIAZ LAGOS,90,1lJuf0ZMDqIEXEsPudfHJJw-sWcBOd6Jm,https://docs.google.com/document/d/1lJuf0ZMDqIEXEsPudfHJJw-sWcBOd6Jm/edit?usp=drivesdk&ouid=102199551013201647615&rtpof=true&sd=true
listo_para_importar,Informe a la Familia,7,1,Liceo Mixto Los Andes Basica 1,1°B Angelo Campos B1 informe familia 2026.docx,Angelo Campos,5130,ANGELO MARTIN CAMPOS LAZO,90,1dD94ql9DwD3P3lDYonpooEzQFlBaTySc,https://docs.google.com/document/d/1dD94ql9DwD3P3lDYonpooEzQFlBaTySc/edit?usp=drivesdk&ouid=102199551013201647615&rtpof=true&sd=true
listo_para_importar,Informe a la Familia,7,1,Liceo Mixto Los Andes Basica 1,1°B Pablo Campos B1 informe familia 2026.docx,Pablo Campos,5132,PABLO ANTONIO CAMPOS LAZO,90,15VN907khrrEte1UcDrq6Flp2EtueCfcf,https://docs.google.com/document/d/15VN907khrrEte1UcDrq6Flp2EtueCfcf/edit?usp=drivesdk&ouid=102199551013201647615&rtpof=true&sd=true
listo_para_importar,Informe a la Familia,7,1,Liceo Mixto Los Andes Basica 1,K°C Gastón Saavedra B1 informe familia 2026.docx,Gastón Saavedra,5335,GASTON ENRIQUE SAAVEDRA SAAVEDRA,90,1xfrhx1dl1S5BJe0Snr-2x29bArOlkZXC,https://docs.google.com/document/d/1xfrhx1dl1S5BJe0Snr-2x29bArOlkZXC/edit?usp=drivesdk&ouid=102199551013201647615&rtpof=true&sd=true
listo_para_importar,Informe a la Familia,7,1,Liceo Mixto Los Andes Basica 1,PK°A Oscar Fernández B1 informe familia 2026.docx,Oscar Fernández,5100,OSCAR GABRIEL FERNANDEZ HERRERA,90,1H1AwrapI-Ax7PVUVJaTULpeWaMHsa3Ik,https://docs.google.com/document/d/1H1AwrapI-Ax7PVUVJaTULpeWaMHsa3Ik/edit?usp=drivesdk&ouid=102199551013201647615&rtpof=true&sd=true
listo_para_importar,Informe a la Familia,7,1,Liceo Mixto Los Andes Basica 1,K°C Mar Jorquera B1 informe familia 2026.docx,Mar Jorquera,5010,MAR VICTORINA JORQUERA ESTEVE,90,1rtsLnfjJFoQJbE8d4I6vaQaAuIrZe17h,https://docs.google.com/document/d/1rtsLnfjJFoQJbE8d4I6vaQaAuIrZe17h/edit?usp=drivesdk&ouid=102199551013201647615&rtpof=true&sd=true
listo_para_importar,Informe a la Familia,7,1,Liceo Mixto Los Andes Basica 1,3°B Valentín Rubilar B1 informe familia 2026.docx,Valentín Rubilar,5422,VALENTÍN LEÓN RUBILAR VELASCO,90,1HJsqZA56IfG2pexnSqvtTkPY6YOr7ALz,https://docs.google.com/document/d/1HJsqZA56IfG2pexnSqvtTkPY6YOr7ALz/edit?usp=drivesdk&ouid=102199551013201647615&rtpof=true&sd=true
listo_para_importar,Informe a la Familia,7,1,Liceo Mixto Los Andes Basica 1,4°B Agustina Gallardo B1 informe familia 2026.docx,Agustina Gallardo,5045,AGUSTINA IGNACIA GALLARDO GARCIA,90,1T46B7nPI3iC4u5HgsW2aJV82ku5hvqN3,https://docs.google.com/document/d/1T46B7nPI3iC4u5HgsW2aJV82ku5hvqN3/edit?usp=drivesdk&ouid=102199551013201647615&rtpof=true&sd=true
listo_para_importar,Informe a la Familia,7,1,Liceo Mixto Los Andes Basica 1,8°B Máximo Arredondo B1 informe familia 2026.docx,Máximo Arredondo,5087,MAXIMO ANIBAL ARREDONDO HENRIQUEZ,90,17HU5rA5dBV-ojyn0pxOchFe5XacDXb-F,https://docs.google.com/document/d/17HU5rA5dBV-ojyn0pxOchFe5XacDXb-F/edit?usp=drivesdk&ouid=102199551013201647615&rtpof=true&sd=true
listo_para_importar,Informe a la Familia,7,1,Liceo Mixto Los Andes Basica 1,PK°A Ignacia Barraza B1 informe familia 2026.docx,Ignacia Barraza,4879,IGNACIA  GUADALUPE BARRAZA BARRAZA,90,1j261FWJhzKfa05JUsWORPWMOunPq8UNo,https://docs.google.com/document/d/1j261FWJhzKfa05JUsWORPWMOunPq8UNo/edit?usp=drivesdk&ouid=102199551013201647615&rtpof=true&sd=true
listo_para_importar,Informe a la Familia,7,1,Liceo Mixto Los Andes Basica 1,4°B Martina Yáñez B1 informe familia 2026.docx,Martina Yáñez,4912,MARTINA ISIDORA YAÑEZ BUSTAMANTE,90,1z36Cbb-JUXnDkAG_JflV_l5GkbOnDFWS,https://docs.google.com/document/d/1z36Cbb-JUXnDkAG_JflV_l5GkbOnDFWS/edit?usp=drivesdk&ouid=102199551013201647615&rtpof=true&sd=true
listo_para_importar,Informe a la Familia,7,1,Liceo Mixto Los Andes Basica 1,K°C Gaspar Miranda B1 informe familia 2026.docx,Gaspar Miranda,4884,GASPAR ANTONIO MIRANDA BARRERA,90,1-lKbOrL2LSF5jWHiy4PBWCj5_xQHrzTe,https://docs.google.com/document/d/1-lKbOrL2LSF5jWHiy4PBWCj5_xQHrzTe/edit?usp=drivesdk&ouid=102199551013201647615&rtpof=true&sd=true
listo_para_importar,Informe a la Familia,7,1,Liceo Mixto Los Andes Basica 1,2°B Bastián Aracena B1 informe familia 2026.docx,Bastián Aracena,5041,BASTIAN ANDREE ARACENA GALVEZ,90,1l0N4D8t3RHP3cT6wxpAFRKmexbKM6Myl,https://docs.google.com/document/d/1l0N4D8t3RHP3cT6wxpAFRKmexbKM6Myl/edit?usp=drivesdk&ouid=102199551013201647615&rtpof=true&sd=true
listo_para_importar,Informe a la Familia,7,1,Liceo Mixto Los Andes Basica 1,1°A Thomas Herrera B1 informe familia 2026.docx,Thomas Herrera,5242,THOMAS BENJAMIN HERRERA ORTIZ,90,1yUitPIy2WHjVGkFzN_mERDONIfo2cI7h,https://docs.google.com/document/d/1yUitPIy2WHjVGkFzN_mERDONIfo2cI7h/edit?usp=drivesdk&ouid=102199551013201647615&rtpof=true&sd=true
listo_para_importar,Informe a la Familia,7,1,Liceo Mixto Los Andes Basica 1,2°B Vicente González B1 informe familia 2026.docx,Vicente González,5305,VICENTE KAEL GONZALEZ REYES,90,1LWAFseSEISQh-ym4guTq2s2kLuS35Y1Y,https://docs.google.com/document/d/1LWAFseSEISQh-ym4guTq2s2kLuS35Y1Y/edit?usp=drivesdk&ouid=102199551013201647615&rtpof=true&sd=true
listo_para_importar,Informe a la Familia,7,1,Liceo Mixto Los Andes Basica 1,PK°A Augusto Silva B1 informe familia 2026.docx,Augusto Silva,5109,AUGUSTO NICOLAS ANDRES SILVA JARA,90,1XQEmuIrqa594WNI5FSKyVsEaCiJZlQxU,https://docs.google.com/document/d/1XQEmuIrqa594WNI5FSKyVsEaCiJZlQxU/edit?usp=drivesdk&ouid=102199551013201647615&rtpof=true&sd=true
listo_para_importar,Informe a la Familia,7,1,Liceo Mixto Los Andes Basica 1,5°C Gael Rojo B1 informe familia 2026.docx,Gael Rojo,5252,GAEL IGNACIO ROJO PALLANTE,90,18JlccZlT9G0EFo40QfMz70EqYGVq2vzS,https://docs.google.com/document/d/18JlccZlT9G0EFo40QfMz70EqYGVq2vzS/edit?usp=drivesdk&ouid=102199551013201647615&rtpof=true&sd=true
listo_para_importar,Informe a la Familia,7,1,Liceo Mixto Los Andes Basica 1,K°C Emma Osorio B1 informe familia 2026.docx,Emma Osorio,5051,EMMA LETICIA PAZ OSORIO GIUSTI,90,1bpT7--U_NOq81jd5HfmhyeFuzoA3wcMf,https://docs.google.com/document/d/1bpT7--U_NOq81jd5HfmhyeFuzoA3wcMf/edit?usp=drivesdk&ouid=102199551013201647615&rtpof=true&sd=true
listo_para_importar,Informe a la Familia,7,1,Liceo Mixto Los Andes Basica 1,7°A Jean Rodríguez B1 informe familia 2026.docx,Jean Rodríguez,5074,JEAN CARLOS RODRIGUEZ GRUESO,90,1aoHEuj9m9SwhmKJcZBPsrQ2s-mt8yp2z,https://docs.google.com/document/d/1aoHEuj9m9SwhmKJcZBPsrQ2s-mt8yp2z/edit?usp=drivesdk&ouid=102199551013201647615&rtpof=true&sd=true
listo_para_importar,Informe a la Familia,7,1,Liceo Mixto Los Andes Basica 1,3°A Esperanza Santibáñez B1 informe familia 2026.docx,Esperanza Santibáñez,5013,ESPERANZA VALENTINA SANTIBAÑEZ FERNANDEZ,90,19E7Py7Cgk5PqBrfB79QXKAntXUqUfhWC,https://docs.google.com/document/d/19E7Py7Cgk5PqBrfB79QXKAntXUqUfhWC/edit?usp=drivesdk&ouid=102199551013201647615&rtpof=true&sd=true
listo_para_importar,Informe a la Familia,7,1,Liceo Mixto Los Andes Basica 1,PK°A Julián Sánchez B1 informe familia 2026.docx,Julián Sánchez,5017,JULIAN ANDRES AARON SANCHEZ FERRER,90,1EF6HWTpxPMjXaLWiABuIlUl3N2_TXg9F,https://docs.google.com/document/d/1EF6HWTpxPMjXaLWiABuIlUl3N2_TXg9F/edit?usp=drivesdk&ouid=102199551013201647615&rtpof=true&sd=true
listo_para_importar,Informe a la Familia,7,1,Liceo Mixto Los Andes Basica 1,3°B Maite Salinas B1 informe familia 2026.docx,Maite Salinas,4846,MAITE   JOSSEFA SALINAS ARANCIBIA,90,1TzlPKP0CkRqwApJmZLiqKN6ZcJ6va6h4,https://docs.google.com/document/d/1TzlPKP0CkRqwApJmZLiqKN6ZcJ6va6h4/edit?usp=drivesdk&ouid=102199551013201647615&rtpof=true&sd=true
listo_para_importar,Informe a la Familia,7,1,Liceo Mixto Los Andes Basica 1,PK°A Liam López B1 informe familia 2026.docx,Liam López,5371,LIAM TADEO LOPEZ TAPIA,90,1So9BnE0icRPHHvzKaD6qWBfOR97dnmkd,https://docs.google.com/document/d/1So9BnE0icRPHHvzKaD6qWBfOR97dnmkd/edit?usp=drivesdk&ouid=102199551013201647615&rtpof=true&sd=true
listo_para_importar,Informe a la Familia,7,1,Liceo Mixto Los Andes Basica 1,4°B Vicente Madrid B1 informe familia 2026.docx,Vicente Madrid,5026,VICENTE NICOLÁS MADRID FIGUEROA,90,1WXm3U2L16G5JXfbnj5koBOZ_zKDz5cv7,https://docs.google.com/document/d/1WXm3U2L16G5JXfbnj5koBOZ_zKDz5cv7/edit?usp=drivesdk&ouid=102199551013201647615&rtpof=true&sd=true
listo_para_importar,Informe a la Familia,7,1,Liceo Mixto Los Andes Basica 1,2°B Isabella Arancibia B1 informe familia 2026.docx,Isabella Arancibia,5428,ISABELLA FERNANDA ARANCIBIA VILCHES,90,1lUY69jW8xWRdday2LQSJ58UsWPoPSpOZ,https://docs.google.com/document/d/1lUY69jW8xWRdday2LQSJ58UsWPoPSpOZ/edit?usp=drivesdk&ouid=102199551013201647615&rtpof=true&sd=true
listo_para_importar,Informe a la Familia,7,1,Liceo Mixto Los Andes Basica 1,5°B Pascal Sobarzo B1 informe familia 2026.docx,Pascal Sobarzo,5230,PASCAL MILUFER ARANZA SOBARZO NUÑEZ,90,1vLB6biU6kwReXIujz-HVqnbV7WPdZn1M,https://docs.google.com/document/d/1vLB6biU6kwReXIujz-HVqnbV7WPdZn1M/edit?usp=drivesdk&ouid=102199551013201647615&rtpof=true&sd=true
listo_para_importar,Informe a la Familia,7,1,Liceo Mixto Los Andes Basica 1,7°C Justin Silva B1 informe familia 2026.docx,Justin Silva,4986,JUSTIN LIAM SILVA CORTES,90,11pNSa4TGR-bKcqxZyQj_M8KLB5XvbfEf,https://docs.google.com/document/d/11pNSa4TGR-bKcqxZyQj_M8KLB5XvbfEf/edit?usp=drivesdk&ouid=102199551013201647615&rtpof=true&sd=true
listo_para_importar,Informe a la Familia,7,1,Liceo Mixto Los Andes Basica 1,6°C Agustina Peralta B1 informe familia 2026.docx,Agustina Peralta,5444,AGUSTINA BELEN PERALTA ZAMORA,90,1GEPYNJSAohitVEjp5q1p8BymjA8WraV_,https://docs.google.com/document/d/1GEPYNJSAohitVEjp5q1p8BymjA8WraV_/edit?usp=drivesdk&ouid=102199551013201647615&rtpof=true&sd=true
listo_para_importar,Informe a la Familia,7,1,Liceo Mixto Los Andes Basica 1,5°C Fabian Montoya B1 informe familia 2026.docx,Fabian Montoya,5263,FABIAN IGNACIO MONTOYA PEREZ,90,1VBfp8MAVU79-n0mlDmeaW4KhvQzfs7KZ,https://docs.google.com/document/d/1VBfp8MAVU79-n0mlDmeaW4KhvQzfs7KZ/edit?usp=drivesdk&ouid=102199551013201647615&rtpof=true&sd=true
listo_para_importar,Informe a la Familia,7,4,Liceo Particular Mixto San Felipe Basica,1°B ISABELLA ROMERO.docx,1°B ISABELLA ROMERO,2478,ISABELLA AINARA ROMERO PAEZ,90,15XGa73iXmQsTEzejedP_ek8FciYn2Ykx,https://docs.google.com/document/d/15XGa73iXmQsTEzejedP_ek8FciYn2Ykx/edit?usp=drivesdk&ouid=102199551013201647615&rtpof=true&sd=true
listo_para_importar,Informe a la Familia,7,1,Liceo Mixto Los Andes Basica 1,2°B Pedro Sobarzo B1 informe familia 2026.docx,Pedro Sobarzo,5231,PEDRO MAXIMILIANO SOBARZO NUÑEZ,90,1I663FBLElcL6WiYpJjTDW8umq9ZTDNP2,https://docs.google.com/document/d/1I663FBLElcL6WiYpJjTDW8umq9ZTDNP2/edit?usp=drivesdk&ouid=102199551013201647615&rtpof=true&sd=true
listo_para_importar,Informe a la Familia,7,4,Liceo Particular Mixto San Felipe Basica,1°B CRISTOFER ROMERO.docx,1°B CRISTOFER ROMERO,2476,CRISTOFER MAURICIO ROMERO PAEZ,90,1dm6g3jFsZOnsSeF4LKg1CEBBNf-oDqbI,https://docs.google.com/document/d/1dm6g3jFsZOnsSeF4LKg1CEBBNf-oDqbI/edit?usp=drivesdk&ouid=102199551013201647615&rtpof=true&sd=true
listo_para_importar,Informe a la Familia,7,4,Liceo Particular Mixto San Felipe Basica,6°A MATEO SOTO .docx,6°A MATEO SOTO,2239,MATEO ALONSO SOTO HENRIQUEZ,90,1VVumgcZG3ZsrrUIi-GefK8DcMTJGmIQe,https://docs.google.com/document/d/1VVumgcZG3ZsrrUIi-GefK8DcMTJGmIQe/edit?usp=drivesdk&ouid=102199551013201647615&rtpof=true&sd=true
listo_para_importar,Informe a la Familia,7,4,Liceo Particular Mixto San Felipe Basica,5°B SEBASTIAN CASTILLO.docx,5°B SEBASTIAN CASTILLO,2257,SEBASTIAN IGNACIO CASTILLO HERRERA,90,1SRWTHjcDFL0iYdYluO2UR-KZV3luSC4p,https://docs.google.com/document/d/1SRWTHjcDFL0iYdYluO2UR-KZV3luSC4p/edit?usp=drivesdk&ouid=102199551013201647615&rtpof=true&sd=true
listo_para_importar,Informe a la Familia,7,1,Liceo Mixto Los Andes Basica 1,PK°A Vicente Oliva B1 informe familia 2026.docx,Vicente Oliva,5325,VICENTE ANANDA OLIVA RODRIGUEZ,90,1MSCZyZfEQKcnNvSi8Fa2nUaJsj4jCDcn,https://docs.google.com/document/d/1MSCZyZfEQKcnNvSi8Fa2nUaJsj4jCDcn/edit?usp=drivesdk&ouid=102199551013201647615&rtpof=true&sd=true
listo_para_importar,Informe a la Familia,7,4,Liceo Particular Mixto San Felipe Basica,3°B MATEO OYANEDEL.docx,3°B MATEO OYANEDEL,1826,MATEO TOMAS OYANEDEL ACEVEDO,90,1hFV2gCWT1ynDWotxWwyPscwibTLu4A1I,https://docs.google.com/document/d/1hFV2gCWT1ynDWotxWwyPscwibTLu4A1I/edit?usp=drivesdk&ouid=102199551013201647615&rtpof=true&sd=true
listo_para_importar,Informe a la Familia,7,4,Liceo Particular Mixto San Felipe Basica,K°A MATEO CORRALES.docx,K°A MATEO CORRALES,2787,MATEO EZEQUIEL CORRALES YUBANO,90,1iAL0PNS9mV2pd0mcGHCiafqwRZbMn1lP,https://docs.google.com/document/d/1iAL0PNS9mV2pd0mcGHCiafqwRZbMn1lP/edit?usp=drivesdk&ouid=102199551013201647615&rtpof=true&sd=true
listo_para_importar,Informe a la Familia,7,1,Liceo Mixto Los Andes Basica 1,6°C Dylan Jara B1 informe familia 2026.docx,Dylan Jara,5210,DYLAN YEREMY JARA MURA,90,1rHtpBd46mnp6gOj6aICG69jsxo-SOvfZ,https://docs.google.com/document/d/1rHtpBd46mnp6gOj6aICG69jsxo-SOvfZ/edit?usp=drivesdk&ouid=102199551013201647615&rtpof=true&sd=true
listo_para_importar,Informe a la Familia,7,1,Liceo Mixto Los Andes Basica 1,5°C Adalys Mancilla B1 informe familia 2026.docx,Adalys Mancilla,4859,ADALYS ANASTACIA MANCILLA AREVALO,90,1ZP0QwtZOmT1tW7rcTS6LMyMypsPfRmoD,https://docs.google.com/document/d/1ZP0QwtZOmT1tW7rcTS6LMyMypsPfRmoD/edit?usp=drivesdk&ouid=102199551013201647615&rtpof=true&sd=true
listo_para_importar,Informe a la Familia,7,4,Liceo Particular Mixto San Felipe Basica,7°B ALONSO MONDACA.docx,7°B ALONSO MONDACA,2189,ALONSO ZACARIAS MONDACA GOMEZ,90,1sCqa15dE0wstFF90wQnbf8xt-q43VoIy,https://docs.google.com/document/d/1sCqa15dE0wstFF90wQnbf8xt-q43VoIy/edit?usp=drivesdk&ouid=102199551013201647615&rtpof=true&sd=true
listo_para_importar,Informe a la Familia,7,4,Liceo Particular Mixto San Felipe Basica,PK°A AGUSTIN MENA.docx,PK°A AGUSTIN MENA,2250,AGUSTIN  OSVALDO MENA HERRERA,90,1jzO9vyb8TF4mdWFtfcWxzlJl2CgQ3e8l,https://docs.google.com/document/d/1jzO9vyb8TF4mdWFtfcWxzlJl2CgQ3e8l/edit?usp=drivesdk&ouid=102199551013201647615&rtpof=true&sd=true
listo_para_importar,Informe a la Familia,7,4,Liceo Particular Mixto San Felipe Basica,6°A Suri Pariona .docx,6°A Suri Pariona,2232,SURI SULAIS PARIONA GUTIERREZ,90,1vx_hwqqT5wf9DtqgxTNVCRDV0BHIJssh,https://docs.google.com/document/d/1vx_hwqqT5wf9DtqgxTNVCRDV0BHIJssh/edit?usp=drivesdk&ouid=102199551013201647615&rtpof=true&sd=true
listo_para_importar,Informe a la Familia,7,4,Liceo Particular Mixto San Felipe Basica,7°B IGNACIA VERGARA.docx,7°B IGNACIA VERGARA,1884,IGNACIA NOEMÍ VERGARA ARANCIBIA,90,1hMBmk6YwXE70Vwz1EOz71-34hPBY0Afk,https://docs.google.com/document/d/1hMBmk6YwXE70Vwz1EOz71-34hPBY0Afk/edit?usp=drivesdk&ouid=102199551013201647615&rtpof=true&sd=true
listo_para_importar,Informe a la Familia,7,4,Liceo Particular Mixto San Felipe Basica,1°A GAEL VIDELA .docx,1°A GAEL VIDELA,2440,GAEL MATEO VIDELA OJEDA,90,1GwbhFk5Jr11SNRAPxq1Z8tj6p7GKsuzU,https://docs.google.com/document/d/1GwbhFk5Jr11SNRAPxq1Z8tj6p7GKsuzU/edit?usp=drivesdk&ouid=102199551013201647615&rtpof=true&sd=true
listo_para_importar,Informe a la Familia,7,4,Liceo Particular Mixto San Felipe Basica,K°A MARIA ESTER SANCHEZ.docx,K°A MARIA ESTER SANCHEZ,2809,MARIA ESTER SANCHEZ ZURITA,90,1QKvn_W-o8CwNWE2XIV25MeYvarVDxfDI,https://docs.google.com/document/d/1QKvn_W-o8CwNWE2XIV25MeYvarVDxfDI/edit?usp=drivesdk&ouid=102199551013201647615&rtpof=true&sd=true
listo_para_importar,Informe a la Familia,7,4,Liceo Particular Mixto San Felipe Basica,7°A LEON VASQUEZ .docx,7°A LEON VASQUEZ,2456,LEON AGUSTIN VASQUEZ ORDOÑEZ,90,1Xie4HTyhFpJ9Vu-aMu_iDW4GcPekuLln,https://docs.google.com/document/d/1Xie4HTyhFpJ9Vu-aMu_iDW4GcPekuLln/edit?usp=drivesdk&ouid=102199551013201647615&rtpof=true&sd=true
listo_para_importar,Informe a la Familia,7,4,Liceo Particular Mixto San Felipe Basica,3°B ÁNGEL ORTIZ.docx,3°B ÁNGEL ORTIZ,2267,ANGEL ALONSO ORTIZ IBACETA,90,1Kmm2yBKqUbveELPfe3qNhNIeIyJNGVJH,https://docs.google.com/document/d/1Kmm2yBKqUbveELPfe3qNhNIeIyJNGVJH/edit?usp=drivesdk&ouid=102199551013201647615&rtpof=true&sd=true
listo_para_importar,Informe a la Familia,7,4,Liceo Particular Mixto San Felipe Basica,PK°A BENJAMIN CAMPOS.docx,PK°A BENJAMIN CAMPOS,1867,BENJAMÍN STEVEN CAMPOS ALTAMIRANO,90,13UfkH5T3Bqd5gutnrFjzzGOrWYkEFGtu,https://docs.google.com/document/d/13UfkH5T3Bqd5gutnrFjzzGOrWYkEFGtu/edit?usp=drivesdk&ouid=102199551013201647615&rtpof=true&sd=true
listo_para_importar,Informe a la Familia,7,4,Liceo Particular Mixto San Felipe Basica,8°A ANDREA PÁEZ.docx,8°A ANDREA PÁEZ,2184,ANDREA ALEJANDRA PAEZ GIL,90,1Hc8YLAQ_q0pqPeoUpoAcWmLMv1ZifwKZ,https://docs.google.com/document/d/1Hc8YLAQ_q0pqPeoUpoAcWmLMv1ZifwKZ/edit?usp=drivesdk&ouid=102199551013201647615&rtpof=true&sd=true
listo_para_importar,Informe a la Familia,7,4,Liceo Particular Mixto San Felipe Basica,PK°B ALEX LOSANTOS.docx,PK°B ALEX LOSANTOS,2591,ALEX YOISUKE LOSANTOS ROJAS,90,1MOC8X-_Y4qasldl62hWAvCsIYmtLzPle,https://docs.google.com/document/d/1MOC8X-_Y4qasldl62hWAvCsIYmtLzPle/edit?usp=drivesdk&ouid=102199551013201647615&rtpof=true&sd=true
listo_para_importar,Informe a la Familia,7,4,Liceo Particular Mixto San Felipe Basica,K°A ISMAEL POMA.docx,K°A ISMAEL POMA,2563,ISMAEL POMA RIVERA,90,1-dKRid9upEPzpaViwNJk2jvLlhVA_-D5,https://docs.google.com/document/d/1-dKRid9upEPzpaViwNJk2jvLlhVA_-D5/edit?usp=drivesdk&ouid=102199551013201647615&rtpof=true&sd=true
listo_para_importar,Informe a la Familia,7,4,Liceo Particular Mixto San Felipe Basica,2°B DJOULIKA STINVIL.docx,2°B DJOULIKA STINVIL,2679,DJOULIKA DASNEY STINVIL,90,1yJPtyzZXFfeSNzN4eQz3ijbMkZMlCNDy,https://docs.google.com/document/d/1yJPtyzZXFfeSNzN4eQz3ijbMkZMlCNDy/edit?usp=drivesdk&ouid=102199551013201647615&rtpof=true&sd=true
listo_para_importar,Informe a la Familia,7,1,Liceo Mixto Los Andes Basica 1,K°C Ananda Olmos B1 informe familia 2026.docx,Ananda Olmos,4949,ANANDA JULIETA OLMOS CASTAÑEDA,90,1Go3_aoZe1V_ivf5rDa1nxtIPzpPRulMg,https://docs.google.com/document/d/1Go3_aoZe1V_ivf5rDa1nxtIPzpPRulMg/edit?usp=drivesdk&ouid=102199551013201647615&rtpof=true&sd=true
listo_para_importar,Informe a la Familia,7,4,Liceo Particular Mixto San Felipe Basica,PK°A RAYEN HERRERA.docx,PK°A RAYEN HERRERA,2118,RAYÉN LUCERO HERRERA ESPINOZA,90,1Y_Nagk6KBxB6b1F4pFP6RT85Vn677AUZ,https://docs.google.com/document/d/1Y_Nagk6KBxB6b1F4pFP6RT85Vn677AUZ/edit?usp=drivesdk&ouid=102199551013201647615&rtpof=true&sd=true
listo_para_importar,Informe a la Familia,7,4,Liceo Particular Mixto San Felipe Basica,3°B Yoissi Losantos .docx,3°B Yoissi Losantos,2603,YOISSI ALEJANDRA LOSANTOS ROJAS,90,1XEYLWwnNNqZ162Y-jY8n4c2ycT6mpoHR,https://docs.google.com/document/d/1XEYLWwnNNqZ162Y-jY8n4c2ycT6mpoHR/edit?usp=drivesdk&ouid=102199551013201647615&rtpof=true&sd=true
listo_para_importar,Informe a la Familia,7,4,Liceo Particular Mixto San Felipe Basica,5°A Yanira Friz .docx,5°A Yanira Friz,2220,YANIRA  JANCELL FRIZ GUERRERO,90,15mSW7GwOUXYgeIFt6U0-stNIn_YouZ5B,https://docs.google.com/document/d/15mSW7GwOUXYgeIFt6U0-stNIn_YouZ5B/edit?usp=drivesdk&ouid=102199551013201647615&rtpof=true&sd=true
listo_para_importar,Informe a la Familia,7,4,Liceo Particular Mixto San Felipe Basica,PK°A JULIETA IRARRAZABAL.docx,PK°A JULIETA IRARRAZABAL,2716,JULIETA PASCAL IRARRAZABAL VALDERRAMA,90,1QFCVqoHot5s_n6BDQQi0PFykqx-XHErc,https://docs.google.com/document/d/1QFCVqoHot5s_n6BDQQi0PFykqx-XHErc/edit?usp=drivesdk&ouid=102199551013201647615&rtpof=true&sd=true
listo_para_importar,Informe a la Familia,7,4,Liceo Particular Mixto San Felipe Basica,1°A LUIS CONTADOR.docx,1°A LUIS CONTADOR,1825,LUIS DAVID CONTADOR ACEVEDO,90,1UK1OkX60KJC255V4_dU0hxnKho-XvIzm,https://docs.google.com/document/d/1UK1OkX60KJC255V4_dU0hxnKho-XvIzm/edit?usp=drivesdk&ouid=102199551013201647615&rtpof=true&sd=true
listo_para_importar,Informe a la Familia,7,4,Liceo Particular Mixto San Felipe Basica,7°A FABIÁN LABARCA.docx,7°A FABIÁN LABARCA,2724,FABIAN ANDRES LABARCA VALENZUELA,90,1FD4nuvTQAzF9voh8QLcfdKQp6B-DmXzf,https://docs.google.com/document/d/1FD4nuvTQAzF9voh8QLcfdKQp6B-DmXzf/edit?usp=drivesdk&ouid=102199551013201647615&rtpof=true&sd=true
listo_para_importar,Informe a la Familia,7,4,Liceo Particular Mixto San Felipe Basica,PK°B Yoandri Camacho.docx,PK°B Yoandri Camacho,2655,YOANDRI ALBERTO CAMACHO SANTANA,90,1LvNOiyZlcWTY9OaY2rCSbQUMwL4Th5U4,https://docs.google.com/document/d/1LvNOiyZlcWTY9OaY2rCSbQUMwL4Th5U4/edit?usp=drivesdk&ouid=102199551013201647615&rtpof=true&sd=true
listo_para_importar,Informe a la Familia,7,4,Liceo Particular Mixto San Felipe Basica,PK°A NELSON VERA.docx,PK°A NELSON VERA,1894,NELSON ANDRÉS VERA ARANGUIZ,90,1Vk30ugSIYicnaw99mPAxBEtRvBQMA-4M,https://docs.google.com/document/d/1Vk30ugSIYicnaw99mPAxBEtRvBQMA-4M/edit?usp=drivesdk&ouid=102199551013201647615&rtpof=true&sd=true
listo_para_importar,Informe a la Familia,7,4,Liceo Particular Mixto San Felipe Basica,2°A ABIGAIEL GUILOTTE.docx,2°A ABIGAIEL GUILOTTE,2464,ABIGAIEL GUILOTTE ORMEUS,90,17ZCNlYJrw851uyhj1L0gT-CQYYdOzrw-,https://docs.google.com/document/d/17ZCNlYJrw851uyhj1L0gT-CQYYdOzrw-/edit?usp=drivesdk&ouid=102199551013201647615&rtpof=true&sd=true
listo_para_importar,Informe a la Familia,7,4,Liceo Particular Mixto San Felipe Basica,4°B MATEO VENEGAS.docx,4°B MATEO VENEGAS,2135,MATEO ALONSO VENEGAS FERREIRA,90,1INGyIp3Oqfv1D7_wthaHIztge_2IXJB5,https://docs.google.com/document/d/1INGyIp3Oqfv1D7_wthaHIztge_2IXJB5/edit?usp=drivesdk&ouid=102199551013201647615&rtpof=true&sd=true
listo_para_importar,Informe Psicopedagogico,27,1,Liceo Mixto Los Andes Basica 1,PK_JULIAN_SANCHEZ.docx,PK JULIAN SANCHEZ,5017,JULIAN ANDRES AARON SANCHEZ FERRER,90,1d4tglnHznDWZ6pAQP3pDTROOsTTN_PnA,https://docs.google.com/document/d/1d4tglnHznDWZ6pAQP3pDTROOsTTN_PnA/edit?usp=drivesdk&ouid=102199551013201647615&rtpof=true&sd=true
listo_para_importar,Informe Psicopedagogico,27,1,Liceo Mixto Los Andes Basica 1,ESPERANZA SANTIBAÑEZ.docx,ESPERANZA SANTIBAÑEZ,5013,ESPERANZA VALENTINA SANTIBAÑEZ FERNANDEZ,90,1n6fmz63N933snMOEHx7XaVA4e1UphMi7,https://docs.google.com/document/d/1n6fmz63N933snMOEHx7XaVA4e1UphMi7/edit?usp=drivesdk&ouid=102199551013201647615&rtpof=true&sd=true
listo_para_importar,Informe Psicopedagogico,27,1,Liceo Mixto Los Andes Basica 1,PK_IGNACIA_BARRAZA.docx,PK IGNACIA BARRAZA,4879,IGNACIA  GUADALUPE BARRAZA BARRAZA,90,17rNrY4JwPtct9k9AJLKebtY7HnRuidkx,https://docs.google.com/document/d/17rNrY4JwPtct9k9AJLKebtY7HnRuidkx/edit?usp=drivesdk&ouid=102199551013201647615&rtpof=true&sd=true
listo_para_importar,Informe Psicopedagogico,27,4,Liceo Particular Mixto San Felipe Basica,ANGEL_ORTIZ.docx,ANGEL ORTIZ,2267,ANGEL ALONSO ORTIZ IBACETA,90,1Gu81KZ41g8xsFPZvU2DrxrrdTDm1d1Ta,https://docs.google.com/document/d/1Gu81KZ41g8xsFPZvU2DrxrrdTDm1d1Ta/edit?usp=drivesdk&ouid=102199551013201647615&rtpof=true&sd=true
listo_para_importar,Informe Psicopedagogico,27,1,Liceo Mixto Los Andes Basica 1,PK_LIAM_LOPEZ.docx,PK LIAM LOPEZ,5371,LIAM TADEO LOPEZ TAPIA,90,1pHrdEsvaOFMPyEqJfkLutYRD7f7q6BQn,https://docs.google.com/document/d/1pHrdEsvaOFMPyEqJfkLutYRD7f7q6BQn/edit?usp=drivesdk&ouid=102199551013201647615&rtpof=true&sd=true
listo_para_importar,Informe Psicopedagogico,27,1,Liceo Mixto Los Andes Basica 1,PK_OSCAR_FERNANDEZ.docx,PK OSCAR FERNANDEZ,5100,OSCAR GABRIEL FERNANDEZ HERRERA,90,1FfLM9cTIufUEujJUwl_c0vKEEqwwwdVc,https://docs.google.com/document/d/1FfLM9cTIufUEujJUwl_c0vKEEqwwwdVc/edit?usp=drivesdk&ouid=102199551013201647615&rtpof=true&sd=true
listo_para_importar,Informe Psicopedagogico,27,1,Liceo Mixto Los Andes Basica 1,PK_JAVIER_OCARES.docx,PK JAVIER OCARES,4892,JAVIER ALEXANDRO OCARES BELTRAN,90,1vQC9PnRtuInT0Y0JD7RGW6M2QIV3ynNr,https://docs.google.com/document/d/1vQC9PnRtuInT0Y0JD7RGW6M2QIV3ynNr/edit?usp=drivesdk&ouid=102199551013201647615&rtpof=true&sd=true
listo_para_importar,Informe Psicopedagogico,27,4,Liceo Particular Mixto San Felipe Basica,FACUNDO_VALENCIA.docx,FACUNDO VALENCIA,2439,FACUNDO MANUEL VALENCIA OJEDA,90,1WGO8BNOBFQ6xOcpR89KJ7sP-qNLMfi0R,https://docs.google.com/document/d/1WGO8BNOBFQ6xOcpR89KJ7sP-qNLMfi0R/edit?usp=drivesdk&ouid=102199551013201647615&rtpof=true&sd=true
listo_para_importar,Informe Psicopedagogico,27,1,Liceo Mixto Los Andes Basica 1,PK_VICENTE_OLIVA.docx,PK VICENTE OLIVA,5325,VICENTE ANANDA OLIVA RODRIGUEZ,90,10gPU0YqxpUi1YLbqq__M9R5KwT58VCSf,https://docs.google.com/document/d/10gPU0YqxpUi1YLbqq__M9R5KwT58VCSf/edit?usp=drivesdk&ouid=102199551013201647615&rtpof=true&sd=true
listo_para_importar,Informe Psicopedagogico,27,1,Liceo Mixto Los Andes Basica 1,PK_AUGUSTO_SILVA.docx,PK AUGUSTO SILVA,5109,AUGUSTO NICOLAS ANDRES SILVA JARA,90,16ws9l_7Q9YaXXpkrvOxDgXoPsKh_BlCX,https://docs.google.com/document/d/16ws9l_7Q9YaXXpkrvOxDgXoPsKh_BlCX/edit?usp=drivesdk&ouid=102199551013201647615&rtpof=true&sd=true
listo_para_importar,Informe Psicopedagogico,27,4,Liceo Particular Mixto San Felipe Basica,YOANDRI_CAMACHO.docx,YOANDRI CAMACHO,2655,YOANDRI ALBERTO CAMACHO SANTANA,90,1mmwJT8H_es2BcCnUHBbA0ghxJIzNXpd8,https://docs.google.com/document/d/1mmwJT8H_es2BcCnUHBbA0ghxJIzNXpd8/edit?usp=drivesdk&ouid=102199551013201647615&rtpof=true&sd=true
listo_para_importar,Informe Psicopedagogico,27,4,Liceo Particular Mixto San Felipe Basica,GAEL_GONZALEZ.docx,GAEL GONZALEZ,2070,GAEL ALONSO GONZALEZ CORTES,90,1cje3B2liw6VpbUg635iLBGbAIqwBoPkb,https://docs.google.com/document/d/1cje3B2liw6VpbUg635iLBGbAIqwBoPkb/edit?usp=drivesdk&ouid=102199551013201647615&rtpof=true&sd=true
listo_para_importar,Informe Psicopedagogico,27,4,Liceo Particular Mixto San Felipe Basica,DJOULIKA_DASNEY.docx,DJOULIKA DASNEY,2679,DJOULIKA DASNEY STINVIL,90,1BO22sc1suzOvB6j6tfWjwPuVq-UgjfFU,https://docs.google.com/document/d/1BO22sc1suzOvB6j6tfWjwPuVq-UgjfFU/edit?usp=drivesdk&ouid=102199551013201647615&rtpof=true&sd=true
listo_para_importar,Informe Psicopedagogico,27,4,Liceo Particular Mixto San Felipe Basica,ORLANDO_HUERTA.docx,ORLANDO HUERTA,2154,ORLANDO ANDRÉS HUERTA FLORES,90,1IddYkT1sjEc2o2mcW-Xf7M7-4j6KrthS,https://docs.google.com/document/d/1IddYkT1sjEc2o2mcW-Xf7M7-4j6KrthS/edit?usp=drivesdk&ouid=102199551013201647615&rtpof=true&sd=true
listo_para_importar,Informe Psicopedagogico,27,4,Liceo Particular Mixto San Felipe Basica,ANDRES_SANCHEZ.docx,ANDRES SANCHEZ,2808,ANDRÉS SANCHEZ ZURITA,90,1ITzqKa1AOuvIOzvUnbWovAEnqHf6fk4z,https://docs.google.com/document/d/1ITzqKa1AOuvIOzvUnbWovAEnqHf6fk4z/edit?usp=drivesdk&ouid=102199551013201647615&rtpof=true&sd=true
listo_para_importar,Informe Psicopedagogico,27,4,Liceo Particular Mixto San Felipe Basica,AMANDA_VALENCIA.docx,AMANDA VALENCIA,2664,AMANDA TRINIDAD VALENCIA SEVERINO,90,1tUPD0FAR7RcPeVuEGEc_fOiQMoh5-pMr,https://docs.google.com/document/d/1tUPD0FAR7RcPeVuEGEc_fOiQMoh5-pMr/edit?usp=drivesdk&ouid=102199551013201647615&rtpof=true&sd=true
listo_para_importar,Informe Psicopedagogico,27,4,Liceo Particular Mixto San Felipe Basica,AGUSTÍN_MENA.docx,AGUSTÍN MENA,2250,AGUSTIN  OSVALDO MENA HERRERA,90,1AY2Jw2o3OBCR9fhyOqCVU5nmnks_oMs4,https://docs.google.com/document/d/1AY2Jw2o3OBCR9fhyOqCVU5nmnks_oMs4/edit?usp=drivesdk&ouid=102199551013201647615&rtpof=true&sd=true
listo_para_importar,Informe Psicopedagogico,27,4,Liceo Particular Mixto San Felipe Basica,NELSON_VERA.docx,NELSON VERA,1894,NELSON ANDRÉS VERA ARANGUIZ,90,1vy3mVHMEfztlM2Pa-nidzwc2HDq4Ahwn,https://docs.google.com/document/d/1vy3mVHMEfztlM2Pa-nidzwc2HDq4Ahwn/edit?usp=drivesdk&ouid=102199551013201647615&rtpof=true&sd=true
listo_para_importar,Informe Psicopedagogico,27,4,Liceo Particular Mixto San Felipe Basica,MATEO_VENEGAS.docx,MATEO VENEGAS,2135,MATEO ALONSO VENEGAS FERREIRA,90,1BdzCcEkGXcZ1wcJHs-lyKyvtc_pK-NcW,https://docs.google.com/document/d/1BdzCcEkGXcZ1wcJHs-lyKyvtc_pK-NcW/edit?usp=drivesdk&ouid=102199551013201647615&rtpof=true&sd=true
listo_para_importar,Informe Psicopedagogico,27,4,Liceo Particular Mixto San Felipe Basica,MATEO_ARENAS.docx,MATEO ARENAS,2531,MATEO BENJAMÍN ARENAS PRADO,90,1wroBzi2qH_h1atiPMAlzpXWJo7nW8f0_,https://docs.google.com/document/d/1wroBzi2qH_h1atiPMAlzpXWJo7nW8f0_/edit?usp=drivesdk&ouid=102199551013201647615&rtpof=true&sd=true
listo_para_importar,Informe Psicopedagogico,27,4,Liceo Particular Mixto San Felipe Basica,SIMON_SAAVEDRA.docx,SIMON SAAVEDRA,2340,SIMON ALONSO SAAVEDRA MAGNA,90,1CCZ1uNfErsZrUYEGRT_LT2nyKCqypdCy,https://docs.google.com/document/d/1CCZ1uNfErsZrUYEGRT_LT2nyKCqypdCy/edit?usp=drivesdk&ouid=102199551013201647615&rtpof=true&sd=true
listo_para_importar,Informe Psicopedagogico,27,4,Liceo Particular Mixto San Felipe Basica,ABIGAIEL_GUILOTTE.docx,ABIGAIEL GUILOTTE,2464,ABIGAIEL GUILOTTE ORMEUS,90,197GuS98byJbQD7Um3CXQQZ27C8uVtyLX,https://docs.google.com/document/d/197GuS98byJbQD7Um3CXQQZ27C8uVtyLX/edit?usp=drivesdk&ouid=102199551013201647615&rtpof=true&sd=true
listo_para_importar,Informe Psicopedagogico,27,4,Liceo Particular Mixto San Felipe Basica,JULIETA_IRARRAZABAL.docx,JULIETA IRARRAZABAL,2716,JULIETA PASCAL IRARRAZABAL VALDERRAMA,90,1bE07hqY_Dpg4aqfdbEG-rivhEGHWFXWi,https://docs.google.com/document/d/1bE07hqY_Dpg4aqfdbEG-rivhEGHWFXWi/edit?usp=drivesdk&ouid=102199551013201647615&rtpof=true&sd=true
listo_para_importar,Informe a la Familia,7,5,Liceo Particular Mixto San Felipe Media,4° B ROSARIO GUAJARDO.docx,4° B ROSARIO GUAJARDO,1531,ROSARIO ANTONELLA GUAJARDO PÉREZ,90,1TP4iC8db1Tdd5xDnKONSeFGX1H_HQom2,https://docs.google.com/document/d/1TP4iC8db1Tdd5xDnKONSeFGX1H_HQom2/edit?usp=drivesdk&ouid=102199551013201647615&rtpof=true&sd=true
listo_para_importar,Informe a la Familia,7,5,Liceo Particular Mixto San Felipe Media,1° B JOSEFA CORTÉS.docx,1° B JOSEFA CORTÉS,1189,JOSEFA ESTELA CORTES FERNANDEZ,90,1BpksxH-cLtUvlyeBbFUoDKAy806itg6j,https://docs.google.com/document/d/1BpksxH-cLtUvlyeBbFUoDKAy806itg6j/edit?usp=drivesdk&ouid=102199551013201647615&rtpof=true&sd=true
