motivo,tipo_informe,document_id,school_id,liceo,archivo_drive,nombre_extraido,drive_file_id,link_drive
sin_match,Informe a la Familia,7,3,Liceo Mixto Bicentenario Los Andes Media,InformeFamilia_1I-Dante Urejula.docx,Dante Urejula,1tM84SJ6IVwhL7EfWaFgyiKBdYqIe8IqK,https://docs.google.com/document/d/1tM84SJ6IVwhL7EfWaFgyiKBdYqIe8IqK/edit?usp=drivesdk&ouid=102199551013201647615&rtpof=true&sd=true
sin_match,Informe a la Familia,7,3,Liceo Mixto Bicentenario Los Andes Media,InformeFamilia_3F-Nicolás Quintana.docx,Nicolás Quintana,1D0yP1ZfCJ6w8eG82vzPGGE1gGxxtBO8m,https://docs.google.com/document/d/1D0yP1ZfCJ6w8eG82vzPGGE1gGxxtBO8m/edit?usp=drivesdk&ouid=102199551013201647615&rtpof=true&sd=true
sin_match,Informe a la Familia,7,3,Liceo Mixto Bicentenario Los Andes Media,InformeFamilia_2C-Maximiliano Espinola.docx,Maximiliano Espinola,1IpaO4QfNLEedtvSbKVnCw14B4vW6z1O1,https://docs.google.com/document/d/1IpaO4QfNLEedtvSbKVnCw14B4vW6z1O1/edit?usp=drivesdk&ouid=102199551013201647615&rtpof=true&sd=true
sin_match,Informe a la Familia,7,3,Liceo Mixto Bicentenario Los Andes Media,InformeFamilia_1E-Cristofher Calfin.docx,Cristofher Calfin,1P-osSWFgjDax4P5o5T0t_cZSpmseT-VH,https://docs.google.com/document/d/1P-osSWFgjDax4P5o5T0t_cZSpmseT-VH/edit?usp=drivesdk&ouid=102199551013201647615&rtpof=true&sd=true
sin_match,Informe a la Familia,7,4,Liceo Particular Mixto San Felipe Basica,6°C MARIA JOSE RIOS.docx,6°C MARIA JOSE RIOS,15KkBF0xTYcgPkjEBdG2bwuVMwZwTCUtX,https://docs.google.com/document/d/15KkBF0xTYcgPkjEBdG2bwuVMwZwTCUtX/edit?usp=drivesdk&ouid=102199551013201647615&rtpof=true&sd=true
sin_match,Informe a la Familia,7,4,Liceo Particular Mixto San Felipe Basica,2°C DAFNIKA SAINT.docx,2°C DAFNIKA SAINT,11GlioUxZ1jIzr4rYw6XVEnuyCl0-NySw,https://docs.google.com/document/d/11GlioUxZ1jIzr4rYw6XVEnuyCl0-NySw/edit?usp=drivesdk&ouid=102199551013201647615&rtpof=true&sd=true
sin_match,Informe a la Familia,7,4,Liceo Particular Mixto San Felipe Basica,4°C LIZ GODOY.docx,4°C LIZ GODOY,1jxSGHlVqciRTgC4JW2ilg1LFEIFnmzJr,https://docs.google.com/document/d/1jxSGHlVqciRTgC4JW2ilg1LFEIFnmzJr/edit?usp=drivesdk&ouid=102199551013201647615&rtpof=true&sd=true
sin_match,Informe a la Familia,7,4,Liceo Particular Mixto San Felipe Basica,6°C Ashlyn Santos BSF.docx,6°C Ashlyn Santos BSF,1xqyk0nWUY_c-lRSL5gj5_te2W3OoFcPC,https://docs.google.com/document/d/1xqyk0nWUY_c-lRSL5gj5_te2W3OoFcPC/edit?usp=drivesdk&ouid=102199551013201647615&rtpof=true&sd=true
sin_match,Informe a la Familia,7,4,Liceo Particular Mixto San Felipe Basica,4°C CRISTIAN FIGUEROA.docx,4°C CRISTIAN FIGUEROA,1wX8TbMxOZfa-zRt_pRA0Y94M-eE5n-xi,https://docs.google.com/document/d/1wX8TbMxOZfa-zRt_pRA0Y94M-eE5n-xi/edit?usp=drivesdk&ouid=102199551013201647615&rtpof=true&sd=true
sin_match,Informe a la Familia,7,4,Liceo Particular Mixto San Felipe Basica,6D Sebastian Munoz BSF.docx,6D Sebastian Munoz BSF,1a09pbjQobr76H8_C2g_CU-CyUL1jddyC,https://docs.google.com/document/d/1a09pbjQobr76H8_C2g_CU-CyUL1jddyC/edit?usp=drivesdk&ouid=102199551013201647615&rtpof=true&sd=true
sin_match,Informe a la Familia,7,4,Liceo Particular Mixto San Felipe Basica,8°D NELSON GALDAMEZ.docx,8°D NELSON GALDAMEZ,1NuzCRRc7n09PGDnnKNBeYwUbzh8L_Xjk,https://docs.google.com/document/d/1NuzCRRc7n09PGDnnKNBeYwUbzh8L_Xjk/edit?usp=drivesdk&ouid=102199551013201647615&rtpof=true&sd=true
sin_match,Informe a la Familia,7,4,Liceo Particular Mixto San Felipe Basica,1°C FACUNDO VALENCIA.docx,1°C FACUNDO VALENCIA,1GCN0rovnykQp0ljQ_Y2eUlivNYBAjZcD,https://docs.google.com/document/d/1GCN0rovnykQp0ljQ_Y2eUlivNYBAjZcD/edit?usp=drivesdk&ouid=102199551013201647615&rtpof=true&sd=true
sin_match,Informe a la Familia,7,4,Liceo Particular Mixto San Felipe Basica,7°A Deivis Rosas BSF.docx,7°A Deivis Rosas BSF,14Rh-Qutw4V_vhGy71_c_Ns0h0kT4j6rH,https://docs.google.com/document/d/14Rh-Qutw4V_vhGy71_c_Ns0h0kT4j6rH/edit?usp=drivesdk&ouid=102199551013201647615&rtpof=true&sd=true
sin_match,Informe a la Familia,7,4,Liceo Particular Mixto San Felipe Basica,6°A Ignacia Olivares BSF.docx,6°A Ignacia Olivares BSF,1O6Cj2JUR8eqrulXv_HbvCg_70MYPFnBL,https://docs.google.com/document/d/1O6Cj2JUR8eqrulXv_HbvCg_70MYPFnBL/edit?usp=drivesdk&ouid=102199551013201647615&rtpof=true&sd=true
sin_match,Informe a la Familia,7,4,Liceo Particular Mixto San Felipe Basica,1°C Zyan Elgueta .docx,1°C Zyan Elgueta,1Mgr2uQuCqZvBF47JIV8IVCEE4Xf3atua,https://docs.google.com/document/d/1Mgr2uQuCqZvBF47JIV8IVCEE4Xf3atua/edit?usp=drivesdk&ouid=102199551013201647615&rtpof=true&sd=true
sin_match,Informe a la Familia,7,4,Liceo Particular Mixto San Felipe Basica,3°C Sofia González .docx,3°C Sofia González,1JH5MPQMdOG4-kiYiYU6gXKSE1iyh0EQ-,https://docs.google.com/document/d/1JH5MPQMdOG4-kiYiYU6gXKSE1iyh0EQ-/edit?usp=drivesdk&ouid=102199551013201647615&rtpof=true&sd=true
sin_match,Informe a la Familia,7,4,Liceo Particular Mixto San Felipe Basica,1°C IHAN ARANCIBIA.docx,1°C IHAN ARANCIBIA,1t6ooo0NFndTAveodaopB7SnzA7k7fOAg,https://docs.google.com/document/d/1t6ooo0NFndTAveodaopB7SnzA7k7fOAg/edit?usp=drivesdk&ouid=102199551013201647615&rtpof=true&sd=true
sin_match,Informe a la Familia,7,4,Liceo Particular Mixto San Felipe Basica,4°C DAZLYN SANDOVAL.docx,4°C DAZLYN SANDOVAL,1bW1eVM-oRlRgRrCWxNIpB8d_6ZxaKw8x,https://docs.google.com/document/d/1bW1eVM-oRlRgRrCWxNIpB8d_6ZxaKw8x/edit?usp=drivesdk&ouid=102199551013201647615&rtpof=true&sd=true
sin_match,Informe a la Familia,7,4,Liceo Particular Mixto San Felipe Basica,4°C Simón Mancilla BSF.docx,4°C Simón Mancilla BSF,199-cLngoAC8bkqJTmZ-4pOyLHiNbiCm8,https://docs.google.com/document/d/199-cLngoAC8bkqJTmZ-4pOyLHiNbiCm8/edit?usp=drivesdk&ouid=102199551013201647615&rtpof=true&sd=true
sin_match,Informe a la Familia,7,4,Liceo Particular Mixto San Felipe Basica,5°C CATALINA ARAVENA.docx,5°C CATALINA ARAVENA,1q5vGmvVTUQjYiMVSO8aFJgQu_U_3N9zO,https://docs.google.com/document/d/1q5vGmvVTUQjYiMVSO8aFJgQu_U_3N9zO/edit?usp=drivesdk&ouid=102199551013201647615&rtpof=true&sd=true
sin_match,Informe a la Familia,7,4,Liceo Particular Mixto San Felipe Basica,8°D ALEX MUNOZ .docx,8°D ALEX MUNOZ,1K4pjLRNHARuxmOhgQogkv9nGEGTZVasK,https://docs.google.com/document/d/1K4pjLRNHARuxmOhgQogkv9nGEGTZVasK/edit?usp=drivesdk&ouid=102199551013201647615&rtpof=true&sd=true
sin_match,Informe a la Familia,7,4,Liceo Particular Mixto San Felipe Basica,1°C Agustina Carvacho.docx,1°C Agustina Carvacho,1TWUv-beBNT80l4m09NOoXTDlfEncFsHM,https://docs.google.com/document/d/1TWUv-beBNT80l4m09NOoXTDlfEncFsHM/edit?usp=drivesdk&ouid=102199551013201647615&rtpof=true&sd=true
sin_match,Informe a la Familia,7,4,Liceo Particular Mixto San Felipe Basica,2°C AGUSTINA REYES.docx,2°C AGUSTINA REYES,1VVC4QgwPM26QrJndQ9AVXj1k199b1GcO,https://docs.google.com/document/d/1VVC4QgwPM26QrJndQ9AVXj1k199b1GcO/edit?usp=drivesdk&ouid=102199551013201647615&rtpof=true&sd=true
sin_match,Informe a la Familia,7,4,Liceo Particular Mixto San Felipe Basica,6°C  Rafaela Lazo .docx,6°C  Rafaela Lazo,1yp3t85cwNopfeuX_3Vq4fvoI2984E0l0,https://docs.google.com/document/d/1yp3t85cwNopfeuX_3Vq4fvoI2984E0l0/edit?usp=drivesdk&ouid=102199551013201647615&rtpof=true&sd=true
sin_match,Informe a la Familia,7,4,Liceo Particular Mixto San Felipe Basica,8°D MAXIMO TOLEDO.docx,8°D MAXIMO TOLEDO,1S2j-JASGjY8EOsVRzRgL7zqsvyxnGRDC,https://docs.google.com/document/d/1S2j-JASGjY8EOsVRzRgL7zqsvyxnGRDC/edit?usp=drivesdk&ouid=102199551013201647615&rtpof=true&sd=true
sin_match,Informe a la Familia,7,4,Liceo Particular Mixto San Felipe Basica,3°C FERNANDA ALVARADO .docx,3°C FERNANDA ALVARADO,1x_pcj182Zamm932mmPnrd6I8ZrYt-t9U,https://docs.google.com/document/d/1x_pcj182Zamm932mmPnrd6I8ZrYt-t9U/edit?usp=drivesdk&ouid=102199551013201647615&rtpof=true&sd=true
sin_match,Informe a la Familia,7,4,Liceo Particular Mixto San Felipe Basica,7°C ALEXIS SOLIS.docx,7°C ALEXIS SOLIS,1_rXMaXelNzPdzUpcyuGAm9XT6qikx7SU,https://docs.google.com/document/d/1_rXMaXelNzPdzUpcyuGAm9XT6qikx7SU/edit?usp=drivesdk&ouid=102199551013201647615&rtpof=true&sd=true
sin_match,Informe a la Familia,7,4,Liceo Particular Mixto San Felipe Basica,1°C AMANDA VALENCIA.docx,1°C AMANDA VALENCIA,1guBAgbuy91AiLiaaMlsyyt7OBEtX3JbU,https://docs.google.com/document/d/1guBAgbuy91AiLiaaMlsyyt7OBEtX3JbU/edit?usp=drivesdk&ouid=102199551013201647615&rtpof=true&sd=true
sin_match,Informe a la Familia,7,4,Liceo Particular Mixto San Felipe Basica,7D Alan Mella BSF.docx,7D Alan Mella BSF,1rtpn2v2S-OhAhNoG-AdIv5hMr_vUle6M,https://docs.google.com/document/d/1rtpn2v2S-OhAhNoG-AdIv5hMr_vUle6M/edit?usp=drivesdk&ouid=102199551013201647615&rtpof=true&sd=true
sin_match,Informe a la Familia,7,4,Liceo Particular Mixto San Felipe Basica,4°C MATEO ARENAS.docx,4°C MATEO ARENAS,149GpwghWC4mPnT1SHuZnUeTrfNCyrNm2,https://docs.google.com/document/d/149GpwghWC4mPnT1SHuZnUeTrfNCyrNm2/edit?usp=drivesdk&ouid=102199551013201647615&rtpof=true&sd=true
sin_match,Informe a la Familia,7,4,Liceo Particular Mixto San Felipe Basica,5D Adiel Gonzalez BSF.docx,5D Adiel Gonzalez BSF,1tPV2Eojjko8Yp27MdxQOdn0mYAjxGDUZ,https://docs.google.com/document/d/1tPV2Eojjko8Yp27MdxQOdn0mYAjxGDUZ/edit?usp=drivesdk&ouid=102199551013201647615&rtpof=true&sd=true
sin_match,Informe a la Familia,7,4,Liceo Particular Mixto San Felipe Basica,8°C Arantxa Páez BSF.docx,8°C Arantxa Páez BSF,1hgn_n_uEAMc750B9Lv9zhUae37q63DoW,https://docs.google.com/document/d/1hgn_n_uEAMc750B9Lv9zhUae37q63DoW/edit?usp=drivesdk&ouid=102199551013201647615&rtpof=true&sd=true
sin_match,Informe a la Familia,7,4,Liceo Particular Mixto San Felipe Basica,PK°B MARIAJESUS AGUILERA.docx,PK°B MARIAJESUS AGUILERA,1HKsYwvI5M3aOSZPgIGDCrbIjfvQfnoGk,https://docs.google.com/document/d/1HKsYwvI5M3aOSZPgIGDCrbIjfvQfnoGk/edit?usp=drivesdk&ouid=102199551013201647615&rtpof=true&sd=true
sin_match,Informe a la Familia,7,4,Liceo Particular Mixto San Felipe Basica,5°D AMPARO INSAMI.docx,5°D AMPARO INSAMI,1oE4Rjx0WFs0gYOKM-oK_89oJEwf8iYUE,https://docs.google.com/document/d/1oE4Rjx0WFs0gYOKM-oK_89oJEwf8iYUE/edit?usp=drivesdk&ouid=102199551013201647615&rtpof=true&sd=true
sin_match,Informe a la Familia,7,4,Liceo Particular Mixto San Felipe Basica,7°B Agustín Lazen BSF.docx,7°B Agustín Lazen BSF,12nYxyZWLturfLHLZgIQOJG4f8jyfWo4w,https://docs.google.com/document/d/12nYxyZWLturfLHLZgIQOJG4f8jyfWo4w/edit?usp=drivesdk&ouid=102199551013201647615&rtpof=true&sd=true
sin_match,Informe a la Familia,7,4,Liceo Particular Mixto San Felipe Basica,1°C ANDRES SANCHEZ.docx,1°C ANDRES SANCHEZ,121IkxfvO4xnL2bnaVb_BzHY3hOIJ250k,https://docs.google.com/document/d/121IkxfvO4xnL2bnaVb_BzHY3hOIJ250k/edit?usp=drivesdk&ouid=102199551013201647615&rtpof=true&sd=true
sin_match,Informe Psicopedagogico,27,2,Liceo Mixto Bicentenario Los Andes Basica 2,7°A-ANTONELHA PICHUN- TDA.docx,7°A-ANTONELHA PICHUN- TDA,16HXhq5WwJ8vD8cUhBzYJrgcUHEx8hwsd,https://docs.google.com/document/d/16HXhq5WwJ8vD8cUhBzYJrgcUHEx8hwsd/edit?usp=drivesdk&ouid=102199551013201647615&rtpof=true&sd=true
sin_match,Informe Psicopedagogico,27,2,Liceo Mixto Bicentenario Los Andes Basica 2,6°B-  KIARA ALBORNOZ- TDA.docx,6°B-  KIARA ALBORNOZ- TDA,10305hWIy8VqnMiD4DBSNA1PL77HmaGdf,https://docs.google.com/document/d/10305hWIy8VqnMiD4DBSNA1PL77HmaGdf/edit?usp=drivesdk&ouid=102199551013201647615&rtpof=true&sd=true
sin_match,Informe Psicopedagogico,27,2,Liceo Mixto Bicentenario Los Andes Basica 2,5°A-ALONSO VILLALOBOS - TDA.docx,5°A-ALONSO VILLALOBOS - TDA,1ITjmJshdZWC20yx4595GybTUtI6_jfSc,https://docs.google.com/document/d/1ITjmJshdZWC20yx4595GybTUtI6_jfSc/edit?usp=drivesdk&ouid=102199551013201647615&rtpof=true&sd=true
sin_match,Informe Psicopedagogico,27,2,Liceo Mixto Bicentenario Los Andes Basica 2,7°A-JOAQUIN HERNANDEZ - TDA.docx,7°A-JOAQUIN HERNANDEZ - TDA,1LZCqForB_1W_ni3sKcjQ-N3MsmqlfDVr,https://docs.google.com/document/d/1LZCqForB_1W_ni3sKcjQ-N3MsmqlfDVr/edit?usp=drivesdk&ouid=102199551013201647615&rtpof=true&sd=true
sin_match,Informe Psicopedagogico,27,2,Liceo Mixto Bicentenario Los Andes Basica 2,6°A-LUIS CHAVARRIA- TDA.docx,6°A-LUIS CHAVARRIA- TDA,1Obmf_XFwpwq3WaREnDGZPBT-DlqBRlBr,https://docs.google.com/document/d/1Obmf_XFwpwq3WaREnDGZPBT-DlqBRlBr/edit?usp=drivesdk&ouid=102199551013201647615&rtpof=true&sd=true
sin_match,Informe Psicopedagogico,27,2,Liceo Mixto Bicentenario Los Andes Basica 2,3°A-EITHAN SALINAS- TL.docx,3°A-EITHAN SALINAS- TL,1MDcHbfnbpEQ-f5AEpMGrfzS7l7K04B4T,https://docs.google.com/document/d/1MDcHbfnbpEQ-f5AEpMGrfzS7l7K04B4T/edit?usp=drivesdk&ouid=102199551013201647615&rtpof=true&sd=true
sin_match,Informe Psicopedagogico,27,2,Liceo Mixto Bicentenario Los Andes Basica 2,4°B-JOEL PARRA- TDA.docx,4°B-JOEL PARRA- TDA,1SUS23DA_zzIQc29pIMdrlmwNYTZA9D8P,https://docs.google.com/document/d/1SUS23DA_zzIQc29pIMdrlmwNYTZA9D8P/edit?usp=drivesdk&ouid=102199551013201647615&rtpof=true&sd=true
sin_match,Informe Psicopedagogico,27,2,Liceo Mixto Bicentenario Los Andes Basica 2,2°B- GONZALO FIGUEROA- TL.docx,2°B- GONZALO FIGUEROA- TL,11zGvyeUTFUH3zRhDqHtHjH4TRPPd-4yf,https://docs.google.com/document/d/11zGvyeUTFUH3zRhDqHtHjH4TRPPd-4yf/edit?usp=drivesdk&ouid=102199551013201647615&rtpof=true&sd=true
sin_match,Informe Psicopedagogico,27,2,Liceo Mixto Bicentenario Los Andes Basica 2,7°B- JAVIERA DIAZ- DIL.docx,7°B- JAVIERA DIAZ- DIL,1ju3etbZPX-4k2If1xRvmQK9S5kP0yZiS,https://docs.google.com/document/d/1ju3etbZPX-4k2If1xRvmQK9S5kP0yZiS/edit?usp=drivesdk&ouid=102199551013201647615&rtpof=true&sd=true
sin_match,Informe Psicopedagogico,27,2,Liceo Mixto Bicentenario Los Andes Basica 2,3°B-GIOVANNI NAVEA-   TL.docx,3°B-GIOVANNI NAVEA-   TL,1O8VLgasM4vhQlGYENgRQw5Mn8-1LCKdN,https://docs.google.com/document/d/1O8VLgasM4vhQlGYENgRQw5Mn8-1LCKdN/edit?usp=drivesdk&ouid=102199551013201647615&rtpof=true&sd=true
sin_match,Informe Psicopedagogico,27,2,Liceo Mixto Bicentenario Los Andes Basica 2,PRE KINDER B- SOFIA HERNANDEZ - TEA.docx,PRE KINDER B- SOFIA HERNANDEZ - TEA,1qa86F2A_1ly1QYNFwKYCzhajGtKt7vW1,https://docs.google.com/document/d/1qa86F2A_1ly1QYNFwKYCzhajGtKt7vW1/edit?usp=drivesdk&ouid=102199551013201647615&rtpof=true&sd=true
sin_match,Informe Psicopedagogico,27,2,Liceo Mixto Bicentenario Los Andes Basica 2,PRE KINDER B- MARTIN QUIROZ- TEA.docx,PRE KINDER B- MARTIN QUIROZ- TEA,1Xb3mQAQM5d_t77JEBMPj93ljivoVEQD_,https://docs.google.com/document/d/1Xb3mQAQM5d_t77JEBMPj93ljivoVEQD_/edit?usp=drivesdk&ouid=102199551013201647615&rtpof=true&sd=true
sin_match,Informe Psicopedagogico,27,2,Liceo Mixto Bicentenario Los Andes Basica 2,PRE KINDER A- SEBASTIAN CORO- TEL.docx,PRE KINDER A- SEBASTIAN CORO- TEL,11Rum6SCaI4sA_n35dnF9Rdm1_MOr7YQZ,https://docs.google.com/document/d/11Rum6SCaI4sA_n35dnF9Rdm1_MOr7YQZ/edit?usp=drivesdk&ouid=102199551013201647615&rtpof=true&sd=true
sin_match,Informe Psicopedagogico,27,2,Liceo Mixto Bicentenario Los Andes Basica 2,PRE KINDER A- AMANDA TAPIA - TEL.docx,PRE KINDER A- AMANDA TAPIA - TEL,1-qiXv1ufFnmySlO3ULma1YgnKsoe5RWe,https://docs.google.com/document/d/1-qiXv1ufFnmySlO3ULma1YgnKsoe5RWe/edit?usp=drivesdk&ouid=102199551013201647615&rtpof=true&sd=true
sin_match,Informe Psicopedagogico,27,2,Liceo Mixto Bicentenario Los Andes Basica 2,KINDER B - DANTE ROJAS - TEA.docx,KINDER B - DANTE ROJAS - TEA,1y-O5EWNXHYTRFqo11h5_G6Vq9R2BeXzS,https://docs.google.com/document/d/1y-O5EWNXHYTRFqo11h5_G6Vq9R2BeXzS/edit?usp=drivesdk&ouid=102199551013201647615&rtpof=true&sd=true
sin_match,Informe Psicopedagogico,27,2,Liceo Mixto Bicentenario Los Andes Basica 2,PRE KINDER B- AMANDA COSSIO - TEL.docx,PRE KINDER B- AMANDA COSSIO - TEL,1IpDRb0Dit2Cc4UTgfrV6yg9za8-UmURm,https://docs.google.com/document/d/1IpDRb0Dit2Cc4UTgfrV6yg9za8-UmURm/edit?usp=drivesdk&ouid=102199551013201647615&rtpof=true&sd=true
sin_match,Informe Psicopedagogico,27,2,Liceo Mixto Bicentenario Los Andes Basica 2,2°A- IVAN CERDA- CEA.docx,2°A- IVAN CERDA- CEA,1Ya9tpD5pO-9QjrhjN2iprciddDODDSqf,https://docs.google.com/document/d/1Ya9tpD5pO-9QjrhjN2iprciddDODDSqf/edit?usp=drivesdk&ouid=102199551013201647615&rtpof=true&sd=true
sin_match,Informe Psicopedagogico,27,2,Liceo Mixto Bicentenario Los Andes Basica 2,PRE KINDER A-ALAN CHAVARRIA - TEL.docx,PRE KINDER A-ALAN CHAVARRIA - TEL,1feaXX1GGz6iDIWuyVOMmR-2SzVINXsIM,https://docs.google.com/document/d/1feaXX1GGz6iDIWuyVOMmR-2SzVINXsIM/edit?usp=drivesdk&ouid=102199551013201647615&rtpof=true&sd=true
sin_match,Informe Psicopedagogico,27,2,Liceo Mixto Bicentenario Los Andes Basica 2,1°A- MATEO PINTO- CEA.docx,1°A- MATEO PINTO- CEA,1lnQJbtM_FVcJVQxVpRR6QAoUVqUYz2ng,https://docs.google.com/document/d/1lnQJbtM_FVcJVQxVpRR6QAoUVqUYz2ng/edit?usp=drivesdk&ouid=102199551013201647615&rtpof=true&sd=true
sin_match,Informe Psicopedagogico,27,2,Liceo Mixto Bicentenario Los Andes Basica 2,4°A-ISABELLA VILLARROEL- CEA.docx,4°A-ISABELLA VILLARROEL- CEA,1aCx1Hso62HanhCRqJL7kr-HoswqBtp5Z,https://docs.google.com/document/d/1aCx1Hso62HanhCRqJL7kr-HoswqBtp5Z/edit?usp=drivesdk&ouid=102199551013201647615&rtpof=true&sd=true
sin_match,Informe Psicopedagogico,27,2,Liceo Mixto Bicentenario Los Andes Basica 2,6°A-SIMON LADRON DE GUEVARA- CEA.docx,6°A-SIMON LADRON DE GUEVARA- CEA,1DaKWxWRkTLnnH5mx1L3COuR_TzkJCLcN,https://docs.google.com/document/d/1DaKWxWRkTLnnH5mx1L3COuR_TzkJCLcN/edit?usp=drivesdk&ouid=102199551013201647615&rtpof=true&sd=true
sin_match,Informe Psicopedagogico,27,2,Liceo Mixto Bicentenario Los Andes Basica 2,3°A-NAHUM WRIGTH -CEA.docx,3°A-NAHUM WRIGTH -CEA,1teZVyOnA8HW_rJR1tnX8aagZOhjQ5upg,https://docs.google.com/document/d/1teZVyOnA8HW_rJR1tnX8aagZOhjQ5upg/edit?usp=drivesdk&ouid=102199551013201647615&rtpof=true&sd=true
sin_match,Informe Psicopedagogico,27,2,Liceo Mixto Bicentenario Los Andes Basica 2,PRE KINDER A- ROLANDO ANJARI- TEA.docx,PRE KINDER A- ROLANDO ANJARI- TEA,15b-fJ3yrqxq1jsKxJDQCzUxwR7gFNkRT,https://docs.google.com/document/d/15b-fJ3yrqxq1jsKxJDQCzUxwR7gFNkRT/edit?usp=drivesdk&ouid=102199551013201647615&rtpof=true&sd=true
sin_match,Informe Psicopedagogico,27,2,Liceo Mixto Bicentenario Los Andes Basica 2,6°B-  JOSE FIGUEROA -CEA.docx,6°B-  JOSE FIGUEROA -CEA,1zF3CFHl8YNCXn-_Irjm2AzD2dR7j97o2,https://docs.google.com/document/d/1zF3CFHl8YNCXn-_Irjm2AzD2dR7j97o2/edit?usp=drivesdk&ouid=102199551013201647615&rtpof=true&sd=true
sin_match,Informe Psicopedagogico,27,2,Liceo Mixto Bicentenario Los Andes Basica 2,PRE KINDER A- MASSIEL DEBIASSI- TEL.docx,PRE KINDER A- MASSIEL DEBIASSI- TEL,1ZWLVVZU5BVkJwtVacqw0yKxNads6T_8i,https://docs.google.com/document/d/1ZWLVVZU5BVkJwtVacqw0yKxNads6T_8i/edit?usp=drivesdk&ouid=102199551013201647615&rtpof=true&sd=true
sin_match,Informe Psicopedagogico,27,2,Liceo Mixto Bicentenario Los Andes Basica 2,PRE KINDER A- LUCIA JAQUE- TEL.docx,PRE KINDER A- LUCIA JAQUE- TEL,1ToHe6rWNjlPiOjFMcf62nJf2CgYi8vYy,https://docs.google.com/document/d/1ToHe6rWNjlPiOjFMcf62nJf2CgYi8vYy/edit?usp=drivesdk&ouid=102199551013201647615&rtpof=true&sd=true
sin_match,Informe Psicopedagogico,27,2,Liceo Mixto Bicentenario Los Andes Basica 2,KINDER A- ALICIA AYALA- TEL.docx,KINDER A- ALICIA AYALA- TEL,1F884_8YFMimqpWmhBRLx3TXNLoNiXK-h,https://docs.google.com/document/d/1F884_8YFMimqpWmhBRLx3TXNLoNiXK-h/edit?usp=drivesdk&ouid=102199551013201647615&rtpof=true&sd=true
sin_match,Informe Psicopedagogico,27,2,Liceo Mixto Bicentenario Los Andes Basica 2,3°B-BELEN GONZALEZ - DIL.docx,3°B-BELEN GONZALEZ - DIL,1FBATQy5MFCZXTihsItyHkAemaUXq0MVt,https://docs.google.com/document/d/1FBATQy5MFCZXTihsItyHkAemaUXq0MVt/edit?usp=drivesdk&ouid=102199551013201647615&rtpof=true&sd=true
sin_match,Informe Psicopedagogico,27,2,Liceo Mixto Bicentenario Los Andes Basica 2,6°A-VICENTE SILVA - TDA.docx,6°A-VICENTE SILVA - TDA,18kehfAcQKz_5tJhmFMpbVITCamqw12DM,https://docs.google.com/document/d/18kehfAcQKz_5tJhmFMpbVITCamqw12DM/edit?usp=drivesdk&ouid=102199551013201647615&rtpof=true&sd=true
sin_match,Informe Psicopedagogico,27,2,Liceo Mixto Bicentenario Los Andes Basica 2,PRE KINDER B- SEBASTIAN SAAVEDRA - TEL.docx,PRE KINDER B- SEBASTIAN SAAVEDRA - TEL,1l_LPzWh5oUYiEZVtCTFwLiMV1yEi8q_l,https://docs.google.com/document/d/1l_LPzWh5oUYiEZVtCTFwLiMV1yEi8q_l/edit?usp=drivesdk&ouid=102199551013201647615&rtpof=true&sd=true
sin_match,Informe Psicopedagogico,27,2,Liceo Mixto Bicentenario Los Andes Basica 2,6°B-  LUCAS CONTRERAS -CEA.docx,6°B-  LUCAS CONTRERAS -CEA,1NtdloxgmI_aRnXYIeVeoMaK1eYjV2ylX,https://docs.google.com/document/d/1NtdloxgmI_aRnXYIeVeoMaK1eYjV2ylX/edit?usp=drivesdk&ouid=102199551013201647615&rtpof=true&sd=true
sin_match,Informe Psicopedagogico,27,2,Liceo Mixto Bicentenario Los Andes Basica 2,PRE KINDER B- ALEX MADRIAGA- TEA.docx,PRE KINDER B- ALEX MADRIAGA- TEA,1ec4NsqC2OyGEBFz4qeg0LgyOUFOOD_zH,https://docs.google.com/document/d/1ec4NsqC2OyGEBFz4qeg0LgyOUFOOD_zH/edit?usp=drivesdk&ouid=102199551013201647615&rtpof=true&sd=true
sin_match,Informe Psicopedagogico,27,2,Liceo Mixto Bicentenario Los Andes Basica 2,8°A- MATEO ERAZO- TDA.docx,8°A- MATEO ERAZO- TDA,1uGd24DchPM0x7D0lhEsWtKqVPbPozT9-,https://docs.google.com/document/d/1uGd24DchPM0x7D0lhEsWtKqVPbPozT9-/edit?usp=drivesdk&ouid=102199551013201647615&rtpof=true&sd=true
sin_match,Informe Psicopedagogico,27,2,Liceo Mixto Bicentenario Los Andes Basica 2,2°B- NATALIA MUÑOZ- TDA.docx,2°B- NATALIA MUÑOZ- TDA,11oztX2zB_RDe3v6O1yjsApEIVwBHBQPl,https://docs.google.com/document/d/11oztX2zB_RDe3v6O1yjsApEIVwBHBQPl/edit?usp=drivesdk&ouid=102199551013201647615&rtpof=true&sd=true
sin_match,Informe Psicopedagogico,27,2,Liceo Mixto Bicentenario Los Andes Basica 2,7°B- GABRIEL HERRERA- DIL.docx,7°B- GABRIEL HERRERA- DIL,1gH2UbxbKsvB8WJgSdbY2IGEU7tsPmL8W,https://docs.google.com/document/d/1gH2UbxbKsvB8WJgSdbY2IGEU7tsPmL8W/edit?usp=drivesdk&ouid=102199551013201647615&rtpof=true&sd=true
sin_match,Informe Psicopedagogico,27,2,Liceo Mixto Bicentenario Los Andes Basica 2,8°B- GENECISS JOFRE - DIL.docx,8°B- GENECISS JOFRE - DIL,18sDSXzxEgBB2fi8RHYYAX_oHPsnwXN_E,https://docs.google.com/document/d/18sDSXzxEgBB2fi8RHYYAX_oHPsnwXN_E/edit?usp=drivesdk&ouid=102199551013201647615&rtpof=true&sd=true
sin_match,Informe Psicopedagogico,27,2,Liceo Mixto Bicentenario Los Andes Basica 2,8°A- JEAN FALCONES- TDAH.docx,8°A- JEAN FALCONES- TDAH,1-Ameo7RxOUUp25JCFSTSG2_u4tRQbwMV,https://docs.google.com/document/d/1-Ameo7RxOUUp25JCFSTSG2_u4tRQbwMV/edit?usp=drivesdk&ouid=102199551013201647615&rtpof=true&sd=true
sin_match,Informe Psicopedagogico,27,2,Liceo Mixto Bicentenario Los Andes Basica 2,5°A-VICENTE OLIVA - DIL.docx,5°A-VICENTE OLIVA - DIL,1EeBa-yTKtYS_lMTb5iPfjnMJiKRJ_sDp,https://docs.google.com/document/d/1EeBa-yTKtYS_lMTb5iPfjnMJiKRJ_sDp/edit?usp=drivesdk&ouid=102199551013201647615&rtpof=true&sd=true
sin_match,Informe Psicopedagogico,27,2,Liceo Mixto Bicentenario Los Andes Basica 2,6°A- ALVARO SALINAS- CEA.docx,6°A- ALVARO SALINAS- CEA,1fGaSZRihNqHtSXjPwK_kRTh1QdzMJSRo,https://docs.google.com/document/d/1fGaSZRihNqHtSXjPwK_kRTh1QdzMJSRo/edit?usp=drivesdk&ouid=102199551013201647615&rtpof=true&sd=true
sin_match,Informe Psicopedagogico,27,2,Liceo Mixto Bicentenario Los Andes Basica 2,PRE KINDER A- ELIAM- TEA.docx,PRE KINDER A- ELIAM- TEA,1gn1Uu5E_pZ03yXI_8bFRBd-xyN7b22Dw,https://docs.google.com/document/d/1gn1Uu5E_pZ03yXI_8bFRBd-xyN7b22Dw/edit?usp=drivesdk&ouid=102199551013201647615&rtpof=true&sd=true
sin_match,Informe Psicopedagogico,27,2,Liceo Mixto Bicentenario Los Andes Basica 2,3°B-AUSTIN MARTINEZ - TEA.docx,3°B-AUSTIN MARTINEZ - TEA,1tpOdFU-dPWND0rfAyHKCVylhWpOClYT9,https://docs.google.com/document/d/1tpOdFU-dPWND0rfAyHKCVylhWpOClYT9/edit?usp=drivesdk&ouid=102199551013201647615&rtpof=true&sd=true
sin_match,Informe Psicopedagogico,27,2,Liceo Mixto Bicentenario Los Andes Basica 2,PRE KINDER B- VALENTINA MUÑOZ - TEL.docx,PRE KINDER B- VALENTINA MUÑOZ - TEL,1xRXURlXfSEdxCm_luJ4eAEDmRTxdA48x,https://docs.google.com/document/d/1xRXURlXfSEdxCm_luJ4eAEDmRTxdA48x/edit?usp=drivesdk&ouid=102199551013201647615&rtpof=true&sd=true
sin_match,Informe Psicopedagogico,27,2,Liceo Mixto Bicentenario Los Andes Basica 2,PRE KINDER B-HUGO JADAD- TEL.docx,PRE KINDER B-HUGO JADAD- TEL,1piDrRZzqNSXlrEbXLt8KclCDofPIQMwY,https://docs.google.com/document/d/1piDrRZzqNSXlrEbXLt8KclCDofPIQMwY/edit?usp=drivesdk&ouid=102199551013201647615&rtpof=true&sd=true
sin_match,Informe Psicopedagogico,27,2,Liceo Mixto Bicentenario Los Andes Basica 2,KINDER A - CAMILO SILVA - TEA.docx,KINDER A - CAMILO SILVA - TEA,1ChqC4HJ05BtT54KYwms_3hvPSRMtUY_D,https://docs.google.com/document/d/1ChqC4HJ05BtT54KYwms_3hvPSRMtUY_D/edit?usp=drivesdk&ouid=102199551013201647615&rtpof=true&sd=true
sin_match,Informe Psicopedagogico,27,2,Liceo Mixto Bicentenario Los Andes Basica 2,5°B- IGNACIO ROBLES- TDA.docx,5°B- IGNACIO ROBLES- TDA,1fHDztqi_QcVKzeYwWXKkAcj3oi1lvfdV,https://docs.google.com/document/d/1fHDztqi_QcVKzeYwWXKkAcj3oi1lvfdV/edit?usp=drivesdk&ouid=102199551013201647615&rtpof=true&sd=true
sin_match,Informe Psicopedagogico,27,2,Liceo Mixto Bicentenario Los Andes Basica 2,2°A- PEDRO PALOMINOS- TL.docx,2°A- PEDRO PALOMINOS- TL,1qJzcLDqzroidbx2BMR2kw_RGgs8E2cJT,https://docs.google.com/document/d/1qJzcLDqzroidbx2BMR2kw_RGgs8E2cJT/edit?usp=drivesdk&ouid=102199551013201647615&rtpof=true&sd=true
sin_match,Informe Psicopedagogico,27,2,Liceo Mixto Bicentenario Los Andes Basica 2,KINDER A- AMBAR RESTREPO - TL.docx,KINDER A- AMBAR RESTREPO - TL,1eLaYtub6isSYSOoFRdEF7fG-5eIbecb1,https://docs.google.com/document/d/1eLaYtub6isSYSOoFRdEF7fG-5eIbecb1/edit?usp=drivesdk&ouid=102199551013201647615&rtpof=true&sd=true
sin_match,Informe Psicopedagogico,27,2,Liceo Mixto Bicentenario Los Andes Basica 2,KINDER A- EVAN ALVAREZ- TEL.docx,KINDER A- EVAN ALVAREZ- TEL,1YR-rMQScwHon1IepJ34aHLAjdDl4o2_k,https://docs.google.com/document/d/1YR-rMQScwHon1IepJ34aHLAjdDl4o2_k/edit?usp=drivesdk&ouid=102199551013201647615&rtpof=true&sd=true
sin_match,Informe Psicopedagogico,27,2,Liceo Mixto Bicentenario Los Andes Basica 2,3°B-DARA CARRERA -TDAH.docx,3°B-DARA CARRERA -TDAH,1RWxckegqMOXwHG76ND1vxogKmvaGshiI,https://docs.google.com/document/d/1RWxckegqMOXwHG76ND1vxogKmvaGshiI/edit?usp=drivesdk&ouid=102199551013201647615&rtpof=true&sd=true
sin_match,Informe Psicopedagogico,27,2,Liceo Mixto Bicentenario Los Andes Basica 2,PRE KINDER B- AMANDA VASQUEZ - TEL.docx,PRE KINDER B- AMANDA VASQUEZ - TEL,1M4zeBq69Amwm67RMUo4Mn6E-SG9AjbDV,https://docs.google.com/document/d/1M4zeBq69Amwm67RMUo4Mn6E-SG9AjbDV/edit?usp=drivesdk&ouid=102199551013201647615&rtpof=true&sd=true
sin_match,Informe Psicopedagogico,27,4,Liceo Particular Mixto San Felipe Basica,7°A Agustín Herrera DEA.docx,7°A Agustín Herrera DEA,1Y6CIvbU5UMpOOIYCW3fFB_8054VZ0LGE,https://docs.google.com/document/d/1Y6CIvbU5UMpOOIYCW3fFB_8054VZ0LGE/edit?usp=drivesdk&ouid=102199551013201647615&rtpof=true&sd=true
sin_match,Informe Psicopedagogico,27,1,Liceo Mixto Los Andes Basica 1,1B_PABLO_CAMPOS.docx,1B PABLO CAMPOS,1Q9aW0U5GE1CFjnGjEGXUTqAS-iCB9eeZ,https://docs.google.com/document/d/1Q9aW0U5GE1CFjnGjEGXUTqAS-iCB9eeZ/edit?usp=drivesdk&ouid=102199551013201647615&rtpof=true&sd=true
sin_match,Informe Psicopedagogico,27,4,Liceo Particular Mixto San Felipe Basica,K°A Mateo Corrales RGD.docx,K°A Mateo Corrales RGD,1p7hhIdNwWie74gNLdjuo0RkOkZoY8Jy_,https://docs.google.com/document/d/1p7hhIdNwWie74gNLdjuo0RkOkZoY8Jy_/edit?usp=drivesdk&ouid=102199551013201647615&rtpof=true&sd=true
sin_match,Informe Psicopedagogico,27,4,Liceo Particular Mixto San Felipe Basica,1°C Marco Díaz FIL.docx,1°C Marco Díaz FIL,1HdMedDGzSQFJ9KqHQHNuvJFIJh8YpC3R,https://docs.google.com/document/d/1HdMedDGzSQFJ9KqHQHNuvJFIJh8YpC3R/edit?usp=drivesdk&ouid=102199551013201647615&rtpof=true&sd=true
sin_match,Informe Psicopedagogico,27,1,Liceo Mixto Los Andes Basica 1,3B_VALENTÍN_RUBILAR.docx,3B VALENTÍN RUBILAR,1srZh3QqvoWq01PteaVwNFMtuinsyGlHn,https://docs.google.com/document/d/1srZh3QqvoWq01PteaVwNFMtuinsyGlHn/edit?usp=drivesdk&ouid=102199551013201647615&rtpof=true&sd=true
sin_match,Informe Psicopedagogico,27,1,Liceo Mixto Los Andes Basica 1,KC_EMMA_OSORIO.docx,KC EMMA OSORIO,1usqY7-FoflYJ4wSuZssv-9kRq8hWjzrD,https://docs.google.com/document/d/1usqY7-FoflYJ4wSuZssv-9kRq8hWjzrD/edit?usp=drivesdk&ouid=102199551013201647615&rtpof=true&sd=true
sin_match,Informe Psicopedagogico,27,1,Liceo Mixto Los Andes Basica 1,8C_JANS_SALINAS.docx,8C JANS SALINAS,1zb8XV-nD_BBVRo3vEpYtnn3lQ0S89j0U,https://docs.google.com/document/d/1zb8XV-nD_BBVRo3vEpYtnn3lQ0S89j0U/edit?usp=drivesdk&ouid=102199551013201647615&rtpof=true&sd=true
sin_match,Informe Psicopedagogico,27,1,Liceo Mixto Los Andes Basica 1,3A_ASTRID_ROBLES.docx,3A ASTRID ROBLES,1HhpWwX4dhgxkkBU-kFwdE8JrhCXcNI7A,https://docs.google.com/document/d/1HhpWwX4dhgxkkBU-kFwdE8JrhCXcNI7A/edit?usp=drivesdk&ouid=102199551013201647615&rtpof=true&sd=true
sin_match,Informe Psicopedagogico,27,1,Liceo Mixto Los Andes Basica 1,2B_PEDRO_SOBARZO.docx,2B PEDRO SOBARZO,10eUwhUxtAcdC9yLQ4Vh-8YY3G8isd0dQ,https://docs.google.com/document/d/10eUwhUxtAcdC9yLQ4Vh-8YY3G8isd0dQ/edit?usp=drivesdk&ouid=102199551013201647615&rtpof=true&sd=true
sin_match,Informe Psicopedagogico,27,1,Liceo Mixto Los Andes Basica 1,5C_TRINIDAD_VERA.docx,5C TRINIDAD VERA,1kZ_cn7mwk4UoKfnGiLEMBzFyjpJTG32I,https://docs.google.com/document/d/1kZ_cn7mwk4UoKfnGiLEMBzFyjpJTG32I/edit?usp=drivesdk&ouid=102199551013201647615&rtpof=true&sd=true
sin_match,Informe Psicopedagogico,27,1,Liceo Mixto Los Andes Basica 1,5B_PASCAL_SOBARZO.docx,5B PASCAL SOBARZO,1JHmy0N-enmOBgdpnGzx84cpVI6ODP20b,https://docs.google.com/document/d/1JHmy0N-enmOBgdpnGzx84cpVI6ODP20b/edit?usp=drivesdk&ouid=102199551013201647615&rtpof=true&sd=true
sin_match,Informe Psicopedagogico,27,4,Liceo Particular Mixto San Felipe Basica,DAFNIKA_SAINTFORT.docx,DAFNIKA SAINTFORT,1Rst1Ui3CfcijJctdXOYdYRD1PTXIkr1N,https://docs.google.com/document/d/1Rst1Ui3CfcijJctdXOYdYRD1PTXIkr1N/edit?usp=drivesdk&ouid=102199551013201647615&rtpof=true&sd=true
sin_match,Informe Psicopedagogico,27,1,Liceo Mixto Los Andes Basica 1,2B_ISABELLA_ARANCIBIA.docx,2B ISABELLA ARANCIBIA,1yso8ITlZRZdKH3332iTwrYifDbfNQ_R9,https://docs.google.com/document/d/1yso8ITlZRZdKH3332iTwrYifDbfNQ_R9/edit?usp=drivesdk&ouid=102199551013201647615&rtpof=true&sd=true
sin_match,Informe Psicopedagogico,27,4,Liceo Particular Mixto San Felipe Basica,1°A Gael Videla TL.docx,1°A Gael Videla TL,1hTEgXOD8k2vP2pR3zpL3v0ATFPZQGpuj,https://docs.google.com/document/d/1hTEgXOD8k2vP2pR3zpL3v0ATFPZQGpuj/edit?usp=drivesdk&ouid=102199551013201647615&rtpof=true&sd=true
sin_match,Informe Psicopedagogico,27,1,Liceo Mixto Los Andes Basica 1,KC_ANANDA_OLMOS.docx,KC ANANDA OLMOS,1uwAinyR6B9G5dbeXOzFnSwl6SuMuk0wT,https://docs.google.com/document/d/1uwAinyR6B9G5dbeXOzFnSwl6SuMuk0wT/edit?usp=drivesdk&ouid=102199551013201647615&rtpof=true&sd=true
sin_match,Informe Psicopedagogico,27,4,Liceo Particular Mixto San Felipe Basica,8°D Máximo Toledo TDA-H.docx,8°D Máximo Toledo TDA-H,1unF09vesuKhkGEWjudGtKWWByky1rkKm,https://docs.google.com/document/d/1unF09vesuKhkGEWjudGtKWWByky1rkKm/edit?usp=drivesdk&ouid=102199551013201647615&rtpof=true&sd=true
sin_match,Informe Psicopedagogico,27,1,Liceo Mixto Los Andes Basica 1,6C_DYLAN_JARA.docx,6C DYLAN JARA,1hq0EERwhNWvd7BXICyK9P2B5dxmB-PJX,https://docs.google.com/document/d/1hq0EERwhNWvd7BXICyK9P2B5dxmB-PJX/edit?usp=drivesdk&ouid=102199551013201647615&rtpof=true&sd=true
sin_match,Informe Psicopedagogico,27,4,Liceo Particular Mixto San Felipe Basica,4°C Cristián Figueroa DEA CÁLCULO.docx,4°C Cristián Figueroa DEA CÁLCULO,1BpeXkKtL3IdBd2dm8t1TdR6Aj-oF7dpF,https://docs.google.com/document/d/1BpeXkKtL3IdBd2dm8t1TdR6Aj-oF7dpF/edit?usp=drivesdk&ouid=102199551013201647615&rtpof=true&sd=true
sin_match,Informe Psicopedagogico,27,1,Liceo Mixto Los Andes Basica 1,8B_MAXIMO_ARREDONDO.docx,8B MAXIMO ARREDONDO,1NYikESSLDneAkqmg2WHVNrmnHwDck4Ml,https://docs.google.com/document/d/1NYikESSLDneAkqmg2WHVNrmnHwDck4Ml/edit?usp=drivesdk&ouid=102199551013201647615&rtpof=true&sd=true
sin_match,Informe Psicopedagogico,27,1,Liceo Mixto Los Andes Basica 1,6C_JOAQUÍN_CELEDÓN.docx,6C JOAQUÍN CELEDÓN,1htKZlIs5uGB5CN88k8QvYiL6bXp6zCFj,https://docs.google.com/document/d/1htKZlIs5uGB5CN88k8QvYiL6bXp6zCFj/edit?usp=drivesdk&ouid=102199551013201647615&rtpof=true&sd=true
sin_match,Informe Psicopedagogico,27,4,Liceo Particular Mixto San Felipe Basica,5°D Adiel González TDA.docx,5°D Adiel González TDA,1BjfEVBosESnEB9I6VkOOXIb45WZi6_3k,https://docs.google.com/document/d/1BjfEVBosESnEB9I6VkOOXIb45WZi6_3k/edit?usp=drivesdk&ouid=102199551013201647615&rtpof=true&sd=true
sin_match,Informe Psicopedagogico,27,4,Liceo Particular Mixto San Felipe Basica,4°C Liz Godoy TEA exc.docx,4°C Liz Godoy TEA exc,1VtMIFRUb0EsxvVUr_cLEHpHmcsnxjKnA,https://docs.google.com/document/d/1VtMIFRUb0EsxvVUr_cLEHpHmcsnxjKnA/edit?usp=drivesdk&ouid=102199551013201647615&rtpof=true&sd=true
sin_match,Informe Psicopedagogico,27,1,Liceo Mixto Los Andes Basica 1,8B_KHIARA_RUIZ.docx,8B KHIARA RUIZ,1zUQNXXvBsA0dND75bjo5hzoq8obTTuga,https://docs.google.com/document/d/1zUQNXXvBsA0dND75bjo5hzoq8obTTuga/edit?usp=drivesdk&ouid=102199551013201647615&rtpof=true&sd=true
sin_match,Informe Psicopedagogico,27,1,Liceo Mixto Los Andes Basica 1,KA_ALONSO_MUÑOZ.docx,KA ALONSO MUÑOZ,1vejzzrjwqNNIjLtHTnpBoFWnp2y0wZir,https://docs.google.com/document/d/1vejzzrjwqNNIjLtHTnpBoFWnp2y0wZir/edit?usp=drivesdk&ouid=102199551013201647615&rtpof=true&sd=true
sin_match,Informe Psicopedagogico,27,4,Liceo Particular Mixto San Felipe Basica,6°C María José Ríos TDAH.docx,6°C María José Ríos TDAH,1Mdu5KX2bcB3w8y76wsr1MhCqAWUsXwqA,https://docs.google.com/document/d/1Mdu5KX2bcB3w8y76wsr1MhCqAWUsXwqA/edit?usp=drivesdk&ouid=102199551013201647615&rtpof=true&sd=true
sin_match,Informe Psicopedagogico,27,4,Liceo Particular Mixto San Felipe Basica,4°C Dazlyn Sandoval FIL.docx,4°C Dazlyn Sandoval FIL,1pxDPbRVk7Oi2g0UfeJGuvKVE6C37kADd,https://docs.google.com/document/d/1pxDPbRVk7Oi2g0UfeJGuvKVE6C37kADd/edit?usp=drivesdk&ouid=102199551013201647615&rtpof=true&sd=true
sin_match,Informe Psicopedagogico,27,4,Liceo Particular Mixto San Felipe Basica,7°C Alexis Solis FIL.docx,7°C Alexis Solis FIL,1GJRGDUT9LU6nGUR26e5sqeKggaR7EST1,https://docs.google.com/document/d/1GJRGDUT9LU6nGUR26e5sqeKggaR7EST1/edit?usp=drivesdk&ouid=102199551013201647615&rtpof=true&sd=true
sin_match,Informe Psicopedagogico,27,1,Liceo Mixto Los Andes Basica 1,5A_FERNANDA_DIAZ.docx,5A FERNANDA DIAZ,1vpV1qC3MsXn-_z0pKh23vAEk43880moO,https://docs.google.com/document/d/1vpV1qC3MsXn-_z0pKh23vAEk43880moO/edit?usp=drivesdk&ouid=102199551013201647615&rtpof=true&sd=true
sin_match,Informe Psicopedagogico,27,1,Liceo Mixto Los Andes Basica 1,6C_IGNACIA_MUÑOZ.docx,6C IGNACIA MUÑOZ,1pbLcwjs8iEMM-87JERRnLbObAl3kDGzr,https://docs.google.com/document/d/1pbLcwjs8iEMM-87JERRnLbObAl3kDGzr/edit?usp=drivesdk&ouid=102199551013201647615&rtpof=true&sd=true
sin_match,Informe Psicopedagogico,27,1,Liceo Mixto Los Andes Basica 1,5C_GAEL_ROJO.docx,5C GAEL ROJO,1_2DijZrlEDJxoGuXlqpxxs-XK6iz3UlQ,https://docs.google.com/document/d/1_2DijZrlEDJxoGuXlqpxxs-XK6iz3UlQ/edit?usp=drivesdk&ouid=102199551013201647615&rtpof=true&sd=true
sin_match,Informe Psicopedagogico,27,1,Liceo Mixto Los Andes Basica 1,4B_AGUSTINA_GALLARDO.docx,4B AGUSTINA GALLARDO,1Dzkrj15q0nVWJGnI0T68kvPORL-3e7Fu,https://docs.google.com/document/d/1Dzkrj15q0nVWJGnI0T68kvPORL-3e7Fu/edit?usp=drivesdk&ouid=102199551013201647615&rtpof=true&sd=true
sin_match,Informe Psicopedagogico,27,1,Liceo Mixto Los Andes Basica 1,2B_DYLHAN_LUNA.docx,2B DYLHAN LUNA,1YLJYKb6y5v4nAbvb7ZlevlSKzu3-iQp9,https://docs.google.com/document/d/1YLJYKb6y5v4nAbvb7ZlevlSKzu3-iQp9/edit?usp=drivesdk&ouid=102199551013201647615&rtpof=true&sd=true
sin_match,Informe Psicopedagogico,27,1,Liceo Mixto Los Andes Basica 1,KC_MIA_LEZAMA.docx,KC MIA LEZAMA,1Mp-yC1usbGggTfS0TIp483Xi-EHuA5fa,https://docs.google.com/document/d/1Mp-yC1usbGggTfS0TIp483Xi-EHuA5fa/edit?usp=drivesdk&ouid=102199551013201647615&rtpof=true&sd=true
sin_match,Informe Psicopedagogico,27,4,Liceo Particular Mixto San Felipe Basica,7°B Ignacia Vergara TEA.docx,7°B Ignacia Vergara TEA,1YglU4XOr5q2HeU3jpYE7uhWaM2QTNQ3j,https://docs.google.com/document/d/1YglU4XOr5q2HeU3jpYE7uhWaM2QTNQ3j/edit?usp=drivesdk&ouid=102199551013201647615&rtpof=true&sd=true
sin_match,Informe Psicopedagogico,27,4,Liceo Particular Mixto San Felipe Basica,8°D Nelson Galdámez TDA-H.docx,8°D Nelson Galdámez TDA-H,1N5ZsE-Q_RVdlOhp6RpigDiR2QLZIFhrA,https://docs.google.com/document/d/1N5ZsE-Q_RVdlOhp6RpigDiR2QLZIFhrA/edit?usp=drivesdk&ouid=102199551013201647615&rtpof=true&sd=true
sin_match,Informe Psicopedagogico,27,2,Liceo Mixto Bicentenario Los Andes Basica 2,PRE KINDER B- THOMAS PIZARRO - TEA.docx,PRE KINDER B- THOMAS PIZARRO - TEA,1N6W4MMXtSFaNFu22OHKKQYTrDF1GSiL5,https://docs.google.com/document/d/1N6W4MMXtSFaNFu22OHKKQYTrDF1GSiL5/edit?usp=drivesdk&ouid=102199551013201647615&rtpof=true&sd=true
sin_match,Informe Psicopedagogico,27,2,Liceo Mixto Bicentenario Los Andes Basica 2,1°B- NICOLAS GALDAMES - CEA.docx,1°B- NICOLAS GALDAMES - CEA,1gwIkLIOA8ZfeyU9C1DIBWZyIqsKmlfK8,https://docs.google.com/document/d/1gwIkLIOA8ZfeyU9C1DIBWZyIqsKmlfK8/edit?usp=drivesdk&ouid=102199551013201647615&rtpof=true&sd=true
sin_match,Informe Psicopedagogico,27,4,Liceo Particular Mixto San Felipe Basica,4°B Pablo Moraga TEA.docx,4°B Pablo Moraga TEA,1ejYP5sGfARWVFm8vTukQLCl-aFSd3QF0,https://docs.google.com/document/d/1ejYP5sGfARWVFm8vTukQLCl-aFSd3QF0/edit?usp=drivesdk&ouid=102199551013201647615&rtpof=true&sd=true
sin_match,Informe Psicopedagogico,27,4,Liceo Particular Mixto San Felipe Basica,K°A Ismael Poma TL.docx,K°A Ismael Poma TL,14xBc5oeRmBJNQwQJcoLfAx-zUE3ug18O,https://docs.google.com/document/d/14xBc5oeRmBJNQwQJcoLfAx-zUE3ug18O/edit?usp=drivesdk&ouid=102199551013201647615&rtpof=true&sd=true
sin_match,Informe Psicopedagogico,27,1,Liceo Mixto Los Andes Basica 1,5B_EMILIANO_ARAYA.docx,5B EMILIANO ARAYA,1HCgGuDtI_FCeOuMEBI91XSg1lEirxf-I,https://docs.google.com/document/d/1HCgGuDtI_FCeOuMEBI91XSg1lEirxf-I/edit?usp=drivesdk&ouid=102199551013201647615&rtpof=true&sd=true
sin_match,Informe Psicopedagogico,27,4,Liceo Particular Mixto San Felipe Basica,1°A Luis Contador TL..docx,1°A Luis Contador TL.,1VLtA44DCXNWCQN73ZQTZMOdShrBUoSf5,https://docs.google.com/document/d/1VLtA44DCXNWCQN73ZQTZMOdShrBUoSf5/edit?usp=drivesdk&ouid=102199551013201647615&rtpof=true&sd=true
sin_match,Informe Psicopedagogico,27,1,Liceo Mixto Los Andes Basica 1,1B_ANGELO_CAMPOS.docx,1B ANGELO CAMPOS,1aNpZnaxNxhfi0rnqIrt1AQecyZcHAzlu,https://docs.google.com/document/d/1aNpZnaxNxhfi0rnqIrt1AQecyZcHAzlu/edit?usp=drivesdk&ouid=102199551013201647615&rtpof=true&sd=true
sin_match,Informe Psicopedagogico,27,1,Liceo Mixto Los Andes Basica 1,7C_JUSTIN_SILVA.docx,7C JUSTIN SILVA,1wWrQiwnPU7zFCRJnDLkhAF4AgcvMIQfW,https://docs.google.com/document/d/1wWrQiwnPU7zFCRJnDLkhAF4AgcvMIQfW/edit?usp=drivesdk&ouid=102199551013201647615&rtpof=true&sd=true
sin_match,Informe Psicopedagogico,27,1,Liceo Mixto Los Andes Basica 1,7A_DIEGO_GONZALEZ.docx,7A DIEGO GONZALEZ,1S08XikogTN5UTa-K0V_sUtS-k2nCx7aU,https://docs.google.com/document/d/1S08XikogTN5UTa-K0V_sUtS-k2nCx7aU/edit?usp=drivesdk&ouid=102199551013201647615&rtpof=true&sd=true
sin_match,Informe Psicopedagogico,27,1,Liceo Mixto Los Andes Basica 1,KC_MAR_JORQUERA.docx,KC MAR JORQUERA,1sLz6cFoKWA6NS825Xk_w_HcCdedEuETG,https://docs.google.com/document/d/1sLz6cFoKWA6NS825Xk_w_HcCdedEuETG/edit?usp=drivesdk&ouid=102199551013201647615&rtpof=true&sd=true
sin_match,Informe Psicopedagogico,27,1,Liceo Mixto Los Andes Basica 1,5C_DIEGO_FUENZALIDA.docx,5C DIEGO FUENZALIDA,13h7prmK-NTzoxw3v9f9Tgr6jTwZhys2R,https://docs.google.com/document/d/13h7prmK-NTzoxw3v9f9Tgr6jTwZhys2R/edit?usp=drivesdk&ouid=102199551013201647615&rtpof=true&sd=true
sin_match,Informe Psicopedagogico,27,1,Liceo Mixto Los Andes Basica 1,KC_GASPAR_MIRANDA.docx,KC GASPAR MIRANDA,1RfatN3nRM4uFpL5G3POG1-1LqaCXhqLW,https://docs.google.com/document/d/1RfatN3nRM4uFpL5G3POG1-1LqaCXhqLW/edit?usp=drivesdk&ouid=102199551013201647615&rtpof=true&sd=true
sin_match,Informe Psicopedagogico,27,1,Liceo Mixto Los Andes Basica 1,4B_VICENTE_MADRID.docx,4B VICENTE MADRID,1r1IAe7BeYWZNTBTkJ4-JkOyIZh8ldKnj,https://docs.google.com/document/d/1r1IAe7BeYWZNTBTkJ4-JkOyIZh8ldKnj/edit?usp=drivesdk&ouid=102199551013201647615&rtpof=true&sd=true
sin_match,Informe Psicopedagogico,27,4,Liceo Particular Mixto San Felipe Basica,PK°B Alex Losantos RGD.docx,PK°B Alex Losantos RGD,1NQ7Bz0S5JHGNTIoHIbbX3EzKGd7b9UAf,https://docs.google.com/document/d/1NQ7Bz0S5JHGNTIoHIbbX3EzKGd7b9UAf/edit?usp=drivesdk&ouid=102199551013201647615&rtpof=true&sd=true
sin_match,Informe Psicopedagogico,27,1,Liceo Mixto Los Andes Basica 1,5C_FABIAN_MONTOYA.docx,5C FABIAN MONTOYA,1-kWwFnAqs8c2uofrBg6TGI0U2CajJZ3B,https://docs.google.com/document/d/1-kWwFnAqs8c2uofrBg6TGI0U2CajJZ3B/edit?usp=drivesdk&ouid=102199551013201647615&rtpof=true&sd=true
sin_match,Informe Psicopedagogico,27,4,Liceo Particular Mixto San Felipe Basica,7°B Alonso Mondaca TDAH.docx,7°B Alonso Mondaca TDAH,1BTKlmUb5GO83Jv9jh8U4RpCuEZF-o7tB,https://docs.google.com/document/d/1BTKlmUb5GO83Jv9jh8U4RpCuEZF-o7tB/edit?usp=drivesdk&ouid=102199551013201647615&rtpof=true&sd=true
sin_match,Informe Psicopedagogico,27,2,Liceo Mixto Bicentenario Los Andes Basica 2,KINDER B- FIORELLA VALLEJOS - CEA.docx,KINDER B- FIORELLA VALLEJOS - CEA,12vSw1FGfkJ275cAari8k5xtI_TaEm0e4,https://docs.google.com/document/d/12vSw1FGfkJ275cAari8k5xtI_TaEm0e4/edit?usp=drivesdk&ouid=102199551013201647615&rtpof=true&sd=true
sin_match,Informe Psicopedagogico,27,1,Liceo Mixto Los Andes Basica 1,5C_ADALYSSS.docx,5C ADALYSSS,1ul8gnCviQcHyJE6es-cgRPJxSz3lX3o8,https://docs.google.com/document/d/1ul8gnCviQcHyJE6es-cgRPJxSz3lX3o8/edit?usp=drivesdk&ouid=102199551013201647615&rtpof=true&sd=true
sin_match,Informe Psicopedagogico,27,4,Liceo Particular Mixto San Felipe Basica,6°C Rafaela Lazo TDAH.docx,6°C Rafaela Lazo TDAH,1p_mqymlYjDYef89nnFmFiEQJXF-Rougz,https://docs.google.com/document/d/1p_mqymlYjDYef89nnFmFiEQJXF-Rougz/edit?usp=drivesdk&ouid=102199551013201647615&rtpof=true&sd=true
sin_match,Informe Psicopedagogico,27,1,Liceo Mixto Los Andes Basica 1,2A_ANTONELLA_LAGOS.docx,2A ANTONELLA LAGOS,1fXvtQUfCPCoo5KwJFnRY8W-UQOmNEbZK,https://docs.google.com/document/d/1fXvtQUfCPCoo5KwJFnRY8W-UQOmNEbZK/edit?usp=drivesdk&ouid=102199551013201647615&rtpof=true&sd=true
sin_match,Informe Psicopedagogico,27,4,Liceo Particular Mixto San Felipe Basica,5°B Sebastián Castillo TEA.docx,5°B Sebastián Castillo TEA,1KFP5SztFJ27tenZ-fxRwPzSQ4oNvBjQ6,https://docs.google.com/document/d/1KFP5SztFJ27tenZ-fxRwPzSQ4oNvBjQ6/edit?usp=drivesdk&ouid=102199551013201647615&rtpof=true&sd=true
sin_match,Informe Psicopedagogico,27,1,Liceo Mixto Los Andes Basica 1,KA_LORENZO_CONTRERAS.docx,KA LORENZO CONTRERAS,13VyxNro8ceJVvMhs0aITWJjYCm2wb0vE,https://docs.google.com/document/d/13VyxNro8ceJVvMhs0aITWJjYCm2wb0vE/edit?usp=drivesdk&ouid=102199551013201647615&rtpof=true&sd=true
sin_match,Informe Psicopedagogico,27,1,Liceo Mixto Los Andes Basica 1,KC_GASTON_SAAVEDRA.docx,KC GASTON SAAVEDRA,1Jm9OopUWRv3qSt50jh1-GQo4K-af5pX4,https://docs.google.com/document/d/1Jm9OopUWRv3qSt50jh1-GQo4K-af5pX4/edit?usp=drivesdk&ouid=102199551013201647615&rtpof=true&sd=true
sin_match,Informe Psicopedagogico,27,1,Liceo Mixto Los Andes Basica 1,7B_JEANCARLOS_RODRIGUEZ.docx,7B JEANCARLOS RODRIGUEZ,1WBBTWeErhZWPAuUp-NNJS6-MVvHxcnhR,https://docs.google.com/document/d/1WBBTWeErhZWPAuUp-NNJS6-MVvHxcnhR/edit?usp=drivesdk&ouid=102199551013201647615&rtpof=true&sd=true
sin_match,Informe Psicopedagogico,27,1,Liceo Mixto Los Andes Basica 1,6A_MIA_SOTO.docx,6A MIA SOTO,1Rh01B00p14C8_B-AAfjWP-e4YULAexII,https://docs.google.com/document/d/1Rh01B00p14C8_B-AAfjWP-e4YULAexII/edit?usp=drivesdk&ouid=102199551013201647615&rtpof=true&sd=true
sin_match,Informe Psicopedagogico,27,1,Liceo Mixto Los Andes Basica 1,3B_MAITE_SALINAS.docx,3B MAITE SALINAS,1zeFS9_P3EuXm2FeV3GIi6O4pDaOTSoAe,https://docs.google.com/document/d/1zeFS9_P3EuXm2FeV3GIi6O4pDaOTSoAe/edit?usp=drivesdk&ouid=102199551013201647615&rtpof=true&sd=true
sin_match,Informe Psicopedagogico,27,1,Liceo Mixto Los Andes Basica 1,6A_MIGUEL_YAÑEZ.docx,6A MIGUEL YAÑEZ,1HP2_0AY7YPx1nbHXebG9Ctlivuw7247D,https://docs.google.com/document/d/1HP2_0AY7YPx1nbHXebG9Ctlivuw7247D/edit?usp=drivesdk&ouid=102199551013201647615&rtpof=true&sd=true
sin_match,Informe Psicopedagogico,27,1,Liceo Mixto Los Andes Basica 1,2B_BASTIAN_ARACENA.docx,2B BASTIAN ARACENA,1zCypp3txHLZwIkV-_1CyOx_THxxIyNHb,https://docs.google.com/document/d/1zCypp3txHLZwIkV-_1CyOx_THxxIyNHb/edit?usp=drivesdk&ouid=102199551013201647615&rtpof=true&sd=true
sin_match,Informe Psicopedagogico,27,1,Liceo Mixto Los Andes Basica 1,6C_AGUSTINA_PERALTA.docx,6C AGUSTINA PERALTA,1JWNLbZKdrRgI0PZ88dMlrb1GW9wLFMhw,https://docs.google.com/document/d/1JWNLbZKdrRgI0PZ88dMlrb1GW9wLFMhw/edit?usp=drivesdk&ouid=102199551013201647615&rtpof=true&sd=true
sin_match,Informe Psicopedagogico,27,1,Liceo Mixto Los Andes Basica 1,1A_THOMAS_HERRERA.docx,1A THOMAS HERRERA,11DoDCu2k5Wl40lOZQoWhn7pHpfo-9nnV,https://docs.google.com/document/d/11DoDCu2k5Wl40lOZQoWhn7pHpfo-9nnV/edit?usp=drivesdk&ouid=102199551013201647615&rtpof=true&sd=true
sin_match,Informe Psicopedagogico,27,4,Liceo Particular Mixto San Felipe Basica,5°D Amparo Insamí TDA.docx,5°D Amparo Insamí TDA,12L25hu9EATWZ3qpShIbSM84Tqrmv98Lv,https://docs.google.com/document/d/12L25hu9EATWZ3qpShIbSM84Tqrmv98Lv/edit?usp=drivesdk&ouid=102199551013201647615&rtpof=true&sd=true
sin_match,Informe Psicopedagogico,27,1,Liceo Mixto Los Andes Basica 1,KC_AMARELI_VENEGAS.docx,KC AMARELI VENEGAS,1Dv6RluApCxXeN-zwEhxz4Z0lptaOYAAh,https://docs.google.com/document/d/1Dv6RluApCxXeN-zwEhxz4Z0lptaOYAAh/edit?usp=drivesdk&ouid=102199551013201647615&rtpof=true&sd=true
sin_match,Informe Psicopedagogico,27,4,Liceo Particular Mixto San Felipe Basica,K°A Maria Ester Sánchez TL.docx,K°A Maria Ester Sánchez TL,1FdHvFAseuvEUgfKJyHPby6VoNjdNpe6u,https://docs.google.com/document/d/1FdHvFAseuvEUgfKJyHPby6VoNjdNpe6u/edit?usp=drivesdk&ouid=102199551013201647615&rtpof=true&sd=true
sin_match,Informe Psicopedagogico,27,1,Liceo Mixto Los Andes Basica 1,2B_VICENTE_GONZALEZ.docx,2B VICENTE GONZALEZ,1kQEdF4NUBr1kFVKfoh-4mTBD2-vGLEx3,https://docs.google.com/document/d/1kQEdF4NUBr1kFVKfoh-4mTBD2-vGLEx3/edit?usp=drivesdk&ouid=102199551013201647615&rtpof=true&sd=true
sin_match,Informe Psicopedagogico,27,1,Liceo Mixto Los Andes Basica 1,4B_MARTINA_YAÑEZ.docx,4B MARTINA YAÑEZ,1mZbqyre8XxRMRvsweS95LjQ1GsJBbBNq,https://docs.google.com/document/d/1mZbqyre8XxRMRvsweS95LjQ1GsJBbBNq/edit?usp=drivesdk&ouid=102199551013201647615&rtpof=true&sd=true
sin_match,Informe Psicopedagogico,27,4,Liceo Particular Mixto San Felipe Basica,6°A Mateo Soto TEA.docx,6°A Mateo Soto TEA,1n2jngrFUlTtpWP_pnGe6Ua3xOvMgsZrK,https://docs.google.com/document/d/1n2jngrFUlTtpWP_pnGe6Ua3xOvMgsZrK/edit?usp=drivesdk&ouid=102199551013201647615&rtpof=true&sd=true
sin_match,Informe Psicopedagogico,27,4,Liceo Particular Mixto San Felipe Basica,7°A Fabian Labarca TEA.docx,7°A Fabian Labarca TEA,19ne4BtBYVf21NVWcAh6-3kqziaRrCY3E,https://docs.google.com/document/d/19ne4BtBYVf21NVWcAh6-3kqziaRrCY3E/edit?usp=drivesdk&ouid=102199551013201647615&rtpof=true&sd=true
sin_match,Informe Psicopedagogico,27,4,Liceo Particular Mixto San Felipe Basica,6°A Suri Pariona TEA Excepcionalidad.docx,6°A Suri Pariona TEA Excepcionalidad,1tXdemw0dEFpBnQLbwEkU1hZT7LwNb6uL,https://docs.google.com/document/d/1tXdemw0dEFpBnQLbwEkU1hZT7LwNb6uL/edit?usp=drivesdk&ouid=102199551013201647615&rtpof=true&sd=true
sin_match,Informe Psicopedagogico,27,4,Liceo Particular Mixto San Felipe Basica,8°B Jaír Fernández TEA.docx,8°B Jaír Fernández TEA,1U0lKuw1-Y6AxAKaZs2orECvOrvfqL21X,https://docs.google.com/document/d/1U0lKuw1-Y6AxAKaZs2orECvOrvfqL21X/edit?usp=drivesdk&ouid=102199551013201647615&rtpof=true&sd=true
sin_match,Informe Psicopedagogico,27,4,Liceo Particular Mixto San Felipe Basica,5°D Sebastián Muñoz DEA.docx,5°D Sebastián Muñoz DEA,1CgMsT-_m54eU3hP4G5_IRUbzB8wTwvlA,https://docs.google.com/document/d/1CgMsT-_m54eU3hP4G5_IRUbzB8wTwvlA/edit?usp=drivesdk&ouid=102199551013201647615&rtpof=true&sd=true
sin_match,Informe Psicopedagogico,27,4,Liceo Particular Mixto San Felipe Basica,1°B Isabella Romero FIL.docx,1°B Isabella Romero FIL,1NCrwIkMmIarcdLTIsDgYpEj9vFSRksMY,https://docs.google.com/document/d/1NCrwIkMmIarcdLTIsDgYpEj9vFSRksMY/edit?usp=drivesdk&ouid=102199551013201647615&rtpof=true&sd=true
sin_match,Informe Psicopedagogico,27,4,Liceo Particular Mixto San Felipe Basica,3°B Yoisii Losantos TDA.docx,3°B Yoisii Losantos TDA,1J44z27IuK3Iu0YzmcXfDXY038LcUK29F,https://docs.google.com/document/d/1J44z27IuK3Iu0YzmcXfDXY038LcUK29F/edit?usp=drivesdk&ouid=102199551013201647615&rtpof=true&sd=true
sin_match,Informe Psicopedagogico,27,4,Liceo Particular Mixto San Felipe Basica,8°D Alex Muñoz TDA-H.docx,8°D Alex Muñoz TDA-H,1RmbVHHSxdnJn7mMXCVJPt65Zdi4n0j1R,https://docs.google.com/document/d/1RmbVHHSxdnJn7mMXCVJPt65Zdi4n0j1R/edit?usp=drivesdk&ouid=102199551013201647615&rtpof=true&sd=true
sin_match,Informe Psicopedagogico,27,4,Liceo Particular Mixto San Felipe Basica,7°A Ignacio Molina DEA CÁLCULO.docx,7°A Ignacio Molina DEA CÁLCULO,18B92m10pApp2GUSdUJuTYUcazSRG0ERG,https://docs.google.com/document/d/18B92m10pApp2GUSdUJuTYUcazSRG0ERG/edit?usp=drivesdk&ouid=102199551013201647615&rtpof=true&sd=true
sin_match,Informe Psicopedagogico,27,4,Liceo Particular Mixto San Felipe Basica,7°A León Vásquez DEA CÁLCULO.docx,7°A León Vásquez DEA CÁLCULO,1rP_dsOd_fF-Su334HJPiq55ci5ejTWAO,https://docs.google.com/document/d/1rP_dsOd_fF-Su334HJPiq55ci5ejTWAO/edit?usp=drivesdk&ouid=102199551013201647615&rtpof=true&sd=true
sin_match,Informe Psicopedagogico,27,4,Liceo Particular Mixto San Felipe Basica,1°A Dana Casimir TL.docx,1°A Dana Casimir TL,1cko3zPBPtf5_SZqWSrC4dr84S3OlQAu_,https://docs.google.com/document/d/1cko3zPBPtf5_SZqWSrC4dr84S3OlQAu_/edit?usp=drivesdk&ouid=102199551013201647615&rtpof=true&sd=true
sin_match,Informe Psicopedagogico,27,4,Liceo Particular Mixto San Felipe Basica,2°C Agustina Reyes TL.docx,2°C Agustina Reyes TL,1tJsB0YKGkGtdyxXcIFvGJPu78HN1Jjh-,https://docs.google.com/document/d/1tJsB0YKGkGtdyxXcIFvGJPu78HN1Jjh-/edit?usp=drivesdk&ouid=102199551013201647615&rtpof=true&sd=true
sin_match,Informe Psicopedagogico,27,4,Liceo Particular Mixto San Felipe Basica,3°B Reishell Alvbarado DEA CÁLCULO.docx,3°B Reishell Alvbarado DEA CÁLCULO,1C-xAqFkrmtybQm38zazx5gbHYvNsoZ_j,https://docs.google.com/document/d/1C-xAqFkrmtybQm38zazx5gbHYvNsoZ_j/edit?usp=drivesdk&ouid=102199551013201647615&rtpof=true&sd=true
sin_match,Informe Psicopedagogico,27,4,Liceo Particular Mixto San Felipe Basica,3°C Fernanda Alvarado TEA.docx,3°C Fernanda Alvarado TEA,1fqJ0OZ1tVWHF5LmOR9zMWLUdilN52dli,https://docs.google.com/document/d/1fqJ0OZ1tVWHF5LmOR9zMWLUdilN52dli/edit?usp=drivesdk&ouid=102199551013201647615&rtpof=true&sd=true
sin_match,Informe Psicopedagogico,27,4,Liceo Particular Mixto San Felipe Basica,7°D Alan Mella DIL.docx,7°D Alan Mella DIL,1tGYWMhKYK5BwIj0oazPBYfoXYo3xf5Nm,https://docs.google.com/document/d/1tGYWMhKYK5BwIj0oazPBYfoXYo3xf5Nm/edit?usp=drivesdk&ouid=102199551013201647615&rtpof=true&sd=true
sin_match,Informe Psicopedagogico,27,4,Liceo Particular Mixto San Felipe Basica,YECHEZKEL_VENDRINE.docx,YECHEZKEL VENDRINE,10RoB7UnwmFVGceLhb5SD4L7oHm06us24,https://docs.google.com/document/d/10RoB7UnwmFVGceLhb5SD4L7oHm06us24/edit?usp=drivesdk&ouid=102199551013201647615&rtpof=true&sd=true
sin_match,Informe Psicopedagogico,27,4,Liceo Particular Mixto San Felipe Basica,3°C Sofía González DEA LECTOESCRITURA.docx,3°C Sofía González DEA LECTOESCRITURA,1rwKoETI2-rwFiGYH0Sz0ju6E-LsxqwhA,https://docs.google.com/document/d/1rwKoETI2-rwFiGYH0Sz0ju6E-LsxqwhA/edit?usp=drivesdk&ouid=102199551013201647615&rtpof=true&sd=true
sin_match,Informe Psicopedagogico,27,4,Liceo Particular Mixto San Felipe Basica,5°A Yanira Friz DEA LECTURA Y CÁLCULO.docx,5°A Yanira Friz DEA LECTURA Y CÁLCULO,1MV-Ml0ENpYJ7ymh5q-ovXCkBazEPkIwW,https://docs.google.com/document/d/1MV-Ml0ENpYJ7ymh5q-ovXCkBazEPkIwW/edit?usp=drivesdk&ouid=102199551013201647615&rtpof=true&sd=true
sin_match,Informe Psicopedagogico,27,4,Liceo Particular Mixto San Felipe Basica,PK°B Mariajesus Aguilera TL.docx,PK°B Mariajesus Aguilera TL,1EyelseOlkoMwff7kbCfPzWETBPANDwJJ,https://docs.google.com/document/d/1EyelseOlkoMwff7kbCfPzWETBPANDwJJ/edit?usp=drivesdk&ouid=102199551013201647615&rtpof=true&sd=true
sin_match,Informe Psicopedagogico,27,4,Liceo Particular Mixto San Felipe Basica,1°C Ihan Arancibia DIL exc.docx,1°C Ihan Arancibia DIL exc,1_cnmt60TW_o-n2_EBdyFvZCjQqeUx176,https://docs.google.com/document/d/1_cnmt60TW_o-n2_EBdyFvZCjQqeUx176/edit?usp=drivesdk&ouid=102199551013201647615&rtpof=true&sd=true
sin_match,Informe Psicopedagogico,27,4,Liceo Particular Mixto San Felipe Basica,PK°A Benjamín Campos RGD.docx,PK°A Benjamín Campos RGD,1vpS6buE3jqSM9NQb_h5gh7KfWJk5HibI,https://docs.google.com/document/d/1vpS6buE3jqSM9NQb_h5gh7KfWJk5HibI/edit?usp=drivesdk&ouid=102199551013201647615&rtpof=true&sd=true
sin_match,Informe Psicopedagogico,27,4,Liceo Particular Mixto San Felipe Basica,3°B Mateo Oyanedel DEA LECTOESCRITURA.docx,3°B Mateo Oyanedel DEA LECTOESCRITURA,1oq799PhqGcHgsoxzyKo-wrhEzLaF9Ztt,https://docs.google.com/document/d/1oq799PhqGcHgsoxzyKo-wrhEzLaF9Ztt/edit?usp=drivesdk&ouid=102199551013201647615&rtpof=true&sd=true
sin_match,Informe Psicopedagogico,27,4,Liceo Particular Mixto San Felipe Basica,1°B Cristofer Romero DEA LECTOESCRITURA.docx,1°B Cristofer Romero DEA LECTOESCRITURA,1Zb-qGyKXgf7t96OZJKHGycAs2DmEPEgj,https://docs.google.com/document/d/1Zb-qGyKXgf7t96OZJKHGycAs2DmEPEgj/edit?usp=drivesdk&ouid=102199551013201647615&rtpof=true&sd=true
sin_match,Informe Psicopedagogico,27,4,Liceo Particular Mixto San Felipe Basica,8°C Martín Flores TDA.docx,8°C Martín Flores TDA,1rPyzf617vGIU8KdXSCyrUC8uINExan0g,https://docs.google.com/document/d/1rPyzf617vGIU8KdXSCyrUC8uINExan0g/edit?usp=drivesdk&ouid=102199551013201647615&rtpof=true&sd=true
sin_match,Informe Psicopedagogico,27,4,Liceo Particular Mixto San Felipe Basica,8°A Andrea Páez DIL excepcionalidad.docx,8°A Andrea Páez DIL excepcionalidad,1CTupmrj6i0WVnwWYdM0IasiggdgBWbq6,https://docs.google.com/document/d/1CTupmrj6i0WVnwWYdM0IasiggdgBWbq6/edit?usp=drivesdk&ouid=102199551013201647615&rtpof=true&sd=true
sin_match,Informe Psicopedagogico,27,4,Liceo Particular Mixto San Felipe Basica,5°C Catalina Aravena TEA (exc).docx,5°C Catalina Aravena TEA (exc),1wAS-IQcgJkD-K9fNi58ix8l_jy0g3X_j,https://docs.google.com/document/d/1wAS-IQcgJkD-K9fNi58ix8l_jy0g3X_j/edit?usp=drivesdk&ouid=102199551013201647615&rtpof=true&sd=true
sin_match,Informe Psicopedagogico,27,4,Liceo Particular Mixto San Felipe Basica,PK°A Rayen Herrera TL.docx,PK°A Rayen Herrera TL,1Yg4KwWuEoIv4OZZE1LwkaBFRxuLUzIoU,https://docs.google.com/document/d/1Yg4KwWuEoIv4OZZE1LwkaBFRxuLUzIoU/edit?usp=drivesdk&ouid=102199551013201647615&rtpof=true&sd=true
sin_match,Informe Psicopedagogico,27,4,Liceo Particular Mixto San Felipe Basica,5°B Agustín Cáceres TDA-H.docx,5°B Agustín Cáceres TDA-H,11XO1lMlk7BOs6SMjUhsd8BGSyNO2K-rL,https://docs.google.com/document/d/11XO1lMlk7BOs6SMjUhsd8BGSyNO2K-rL/edit?usp=drivesdk&ouid=102199551013201647615&rtpof=true&sd=true
sin_match,Informe Psicopedagogico,27,4,Liceo Particular Mixto San Felipe Basica,4°B Rafael díaz TEA.docx,4°B Rafael díaz TEA,1rfuqkqt5OzYPUJPAiRve2QPbRA57er5o,https://docs.google.com/document/d/1rfuqkqt5OzYPUJPAiRve2QPbRA57er5o/edit?usp=drivesdk&ouid=102199551013201647615&rtpof=true&sd=true
sin_match,Informe a la Familia,7,5,Liceo Particular Mixto San Felipe Media,2° D SOULING HENRIQUEZ.docx,2° D SOULING HENRIQUEZ,16-yYXRNT8jYUGe5w29VZS25xMizOPYPy,https://docs.google.com/document/d/16-yYXRNT8jYUGe5w29VZS25xMizOPYPy/edit?usp=drivesdk&ouid=102199551013201647615&rtpof=true&sd=true
