status,message,school_id,liceo,nombre_extraido,inspection_name,rut,archivo_drive,drive_file_id,tipo_informe,document_id,student_id,course_id
already_exists,Ya existe en PIE360 (no se repite),1,Liceo Mixto Los Andes Basica 1,PABLO CAMPOS,PABLO ANTONIO CAMPOS LAZO,27.042.328-0,1B_PABLO_CAMPOS.docx,1Q9aW0U5GE1CFjnGjEGXUTqAS-iCB9eeZ,Informe Psicopedagogico,27,,
already_exists,Ya existe en PIE360 (no se repite),1,Liceo Mixto Los Andes Basica 1,VALENTÍN RUBILAR,VALENTÍN LEÓN RUBILAR VELASCO,25.929.943-8,3B_VALENTÍN_RUBILAR.docx,1srZh3QqvoWq01PteaVwNFMtuinsyGlHn,Informe Psicopedagogico,27,,
no_match,sin_match_inspection,1,Liceo Mixto Los Andes Basica 1,KC EMMA OSORIO,,,KC_EMMA_OSORIO.docx,1usqY7-FoflYJ4wSuZssv-9kRq8hWjzrD,Informe Psicopedagogico,27,,
already_exists,Ya existe en PIE360 (no se repite),1,Liceo Mixto Los Andes Basica 1,JANS SALINAS,JANS IGNACIO SALINAS HERRERA,23.242.739-6,8C_JANS_SALINAS.docx,1zb8XV-nD_BBVRo3vEpYtnn3lQ0S89j0U,Informe Psicopedagogico,27,,
already_exists,Ya existe en PIE360 (no se repite),1,Liceo Mixto Los Andes Basica 1,ASTRID ROBLES,ASTRID ELIF ROBLES PEREZ,26.110.269-2,3A_ASTRID_ROBLES.docx,1HhpWwX4dhgxkkBU-kFwdE8JrhCXcNI7A,Informe Psicopedagogico,27,,
already_exists,Ya existe en PIE360 (no se repite),1,Liceo Mixto Los Andes Basica 1,PEDRO SOBARZO,PEDRO MAXIMILIANO SOBARZO NUÑEZ,26.647.814-3,2B_PEDRO_SOBARZO.docx,10eUwhUxtAcdC9yLQ4Vh-8YY3G8isd0dQ,Informe Psicopedagogico,27,,
already_exists,Ya existe en PIE360 (no se repite),1,Liceo Mixto Los Andes Basica 1,TRINIDAD VERA,TRINIDAD MAGDALENA VERA RAMÍREZ,24.940.970-7,5C_TRINIDAD_VERA.docx,1kZ_cn7mwk4UoKfnGiLEMBzFyjpJTG32I,Informe Psicopedagogico,27,,
already_exists,Ya existe en PIE360 (no se repite),1,Liceo Mixto Los Andes Basica 1,PASCAL SOBARZO,PASCAL MILUFER ARANZA SOBARZO NUÑEZ,25.250.086-3,5B_PASCAL_SOBARZO.docx,1JHmy0N-enmOBgdpnGzx84cpVI6ODP20b,Informe Psicopedagogico,27,,
already_exists,Ya existe en PIE360 (no se repite),1,Liceo Mixto Los Andes Basica 1,ISABELLA ARANCIBIA,ISABELLA FERNANDA ARANCIBIA VILCHES,25.661.072-8,2B_ISABELLA_ARANCIBIA.docx,1yso8ITlZRZdKH3332iTwrYifDbfNQ_R9,Informe Psicopedagogico,27,,
no_match,sin_match_inspection,1,Liceo Mixto Los Andes Basica 1,KC ANANDA OLMOS,,,KC_ANANDA_OLMOS.docx,1uwAinyR6B9G5dbeXOzFnSwl6SuMuk0wT,Informe Psicopedagogico,27,,
already_exists,Ya existe en PIE360 (no se repite),1,Liceo Mixto Los Andes Basica 1,DYLAN JARA,DYLAN YEREMY JARA MURA,24.685.372-K,6C_DYLAN_JARA.docx,1hq0EERwhNWvd7BXICyK9P2B5dxmB-PJX,Informe Psicopedagogico,27,,
already_exists,Ya existe en PIE360 (no se repite),1,Liceo Mixto Los Andes Basica 1,MAXIMO ARREDONDO,MAXIMO ANIBAL ARREDONDO HENRIQUEZ,24.230.487-K,8B_MAXIMO_ARREDONDO.docx,1NYikESSLDneAkqmg2WHVNrmnHwDck4Ml,Informe Psicopedagogico,27,,
already_exists,Ya existe en PIE360 (no se repite),1,Liceo Mixto Los Andes Basica 1,JOAQUÍN CELEDÓN,JOAQUIN SEBASTIAN CELEDON PULIDO,24.591.472-5,6C_JOAQUÍN_CELEDÓN.docx,1htKZlIs5uGB5CN88k8QvYiL6bXp6zCFj,Informe Psicopedagogico,27,,
no_match,sin_match_inspection,1,Liceo Mixto Los Andes Basica 1,KHIARA RUIZ,,,8B_KHIARA_RUIZ.docx,1zUQNXXvBsA0dND75bjo5hzoq8obTTuga,Informe Psicopedagogico,27,,
no_match,sin_match_inspection,1,Liceo Mixto Los Andes Basica 1,KA ALONSO MUÑOZ,,,KA_ALONSO_MUÑOZ.docx,1vejzzrjwqNNIjLtHTnpBoFWnp2y0wZir,Informe Psicopedagogico,27,,
already_exists,Ya existe en PIE360 (no se repite),1,Liceo Mixto Los Andes Basica 1,FERNANDA DIAZ,FERNANDA MARIANA DIAZ LAGOS,25.180.395-1,5A_FERNANDA_DIAZ.docx,1vpV1qC3MsXn-_z0pKh23vAEk43880moO,Informe Psicopedagogico,27,,
ambiguous,ambiguo_inspection:AMANDA IGNACIA GAMIN MUÑOZ; IGNACIA CAROLINA MUÑOZ BRAVO,1,Liceo Mixto Los Andes Basica 1,IGNACIA MUÑOZ,,,6C_IGNACIA_MUÑOZ.docx,1pbLcwjs8iEMM-87JERRnLbObAl3kDGzr,Informe Psicopedagogico,27,,
already_exists,Ya existe en PIE360 (no se repite),1,Liceo Mixto Los Andes Basica 1,GAEL ROJO,GAEL IGNACIO ROJO PALLANTE,24.993.759-2,5C_GAEL_ROJO.docx,1_2DijZrlEDJxoGuXlqpxxs-XK6iz3UlQ,Informe Psicopedagogico,27,,
already_exists,Ya existe en PIE360 (no se repite),1,Liceo Mixto Los Andes Basica 1,AGUSTINA GALLARDO,AGUSTINA IGNACIA GALLARDO GARCIA,25.678.394-0,4B_AGUSTINA_GALLARDO.docx,1Dzkrj15q0nVWJGnI0T68kvPORL-3e7Fu,Informe Psicopedagogico,27,,
already_exists,Ya existe en PIE360 (no se repite),1,Liceo Mixto Los Andes Basica 1,DYLHAN LUNA,DYLHAN ALEXANDER ANTONIO LUNA CORTÉS,26.736.912-7,2B_DYLHAN_LUNA.docx,1YLJYKb6y5v4nAbvb7ZlevlSKzu3-iQp9,Informe Psicopedagogico,27,,
no_match,sin_match_inspection,1,Liceo Mixto Los Andes Basica 1,KC MIA LEZAMA,,,KC_MIA_LEZAMA.docx,1Mp-yC1usbGggTfS0TIp483Xi-EHuA5fa,Informe Psicopedagogico,27,,
already_exists,Ya existe en PIE360 (no se repite),1,Liceo Mixto Los Andes Basica 1,EMILIANO ARAYA,EMILIANO OMAR ALEXI ARAYA BUSTOS,25.279.006-3,5B_EMILIANO_ARAYA.docx,1HCgGuDtI_FCeOuMEBI91XSg1lEirxf-I,Informe Psicopedagogico,27,,
already_exists,Ya existe en PIE360 (no se repite),1,Liceo Mixto Los Andes Basica 1,ANGELO CAMPOS,ANGELO MARTIN CAMPOS LAZO,27.042.301-9,1B_ANGELO_CAMPOS.docx,1aNpZnaxNxhfi0rnqIrt1AQecyZcHAzlu,Informe Psicopedagogico,27,,
already_exists,Ya existe en PIE360 (no se repite),1,Liceo Mixto Los Andes Basica 1,JUSTIN SILVA,JUSTIN LIAM SILVA CORTES,24.424.530-7,7C_JUSTIN_SILVA.docx,1wWrQiwnPU7zFCRJnDLkhAF4AgcvMIQfW,Informe Psicopedagogico,27,,
ambiguous,ambiguo_inspection:DIEGO ALEXANDER GONZALEZ REYES; DIEGO ALONSO GONZÁLEZ ARÁNGUIZ,1,Liceo Mixto Los Andes Basica 1,DIEGO GONZALEZ,,,7A_DIEGO_GONZALEZ.docx,1S08XikogTN5UTa-K0V_sUtS-k2nCx7aU,Informe Psicopedagogico,27,,
no_match,sin_match_inspection,1,Liceo Mixto Los Andes Basica 1,KC MAR JORQUERA,,,KC_MAR_JORQUERA.docx,1sLz6cFoKWA6NS825Xk_w_HcCdedEuETG,Informe Psicopedagogico,27,,
already_exists,Ya existe en PIE360 (no se repite),1,Liceo Mixto Los Andes Basica 1,DIEGO FUENZALIDA,DIEGO JESUS FUENZALIDA LEIVA,24.328.345-0,5C_DIEGO_FUENZALIDA.docx,13h7prmK-NTzoxw3v9f9Tgr6jTwZhys2R,Informe Psicopedagogico,27,,
no_match,sin_match_inspection,1,Liceo Mixto Los Andes Basica 1,KC GASPAR MIRANDA,,,KC_GASPAR_MIRANDA.docx,1RfatN3nRM4uFpL5G3POG1-1LqaCXhqLW,Informe Psicopedagogico,27,,
already_exists,Ya existe en PIE360 (no se repite),1,Liceo Mixto Los Andes Basica 1,VICENTE MADRID,VICENTE NICOLÁS MADRID FIGUEROA,25.570.145-2,4B_VICENTE_MADRID.docx,1r1IAe7BeYWZNTBTkJ4-JkOyIZh8ldKnj,Informe Psicopedagogico,27,,
already_exists,Ya existe en PIE360 (no se repite),1,Liceo Mixto Los Andes Basica 1,FABIAN MONTOYA,FABIAN IGNACIO MONTOYA PEREZ,25.066.174-6,5C_FABIAN_MONTOYA.docx,1-kWwFnAqs8c2uofrBg6TGI0U2CajJZ3B,Informe Psicopedagogico,27,,
no_match,sin_match_inspection,1,Liceo Mixto Los Andes Basica 1,ADALYSSS,,,5C_ADALYSSS.docx,1ul8gnCviQcHyJE6es-cgRPJxSz3lX3o8,Informe Psicopedagogico,27,,
ambiguous,ambiguo_inspection:ANTONELLA FERNANDA LAGOS CABRERA; ANTONELLA ISIDORA REMENTERIA LAGOS,1,Liceo Mixto Los Andes Basica 1,ANTONELLA LAGOS,,,2A_ANTONELLA_LAGOS.docx,1fXvtQUfCPCoo5KwJFnRY8W-UQOmNEbZK,Informe Psicopedagogico,27,,
no_match,sin_match_inspection,1,Liceo Mixto Los Andes Basica 1,KA LORENZO CONTRERAS,,,KA_LORENZO_CONTRERAS.docx,13VyxNro8ceJVvMhs0aITWJjYCm2wb0vE,Informe Psicopedagogico,27,,
no_match,sin_match_inspection,1,Liceo Mixto Los Andes Basica 1,KC GASTON SAAVEDRA,,,KC_GASTON_SAAVEDRA.docx,1Jm9OopUWRv3qSt50jh1-GQo4K-af5pX4,Informe Psicopedagogico,27,,
no_match,sin_match_inspection,1,Liceo Mixto Los Andes Basica 1,JEANCARLOS RODRIGUEZ,,,7B_JEANCARLOS_RODRIGUEZ.docx,1WBBTWeErhZWPAuUp-NNJS6-MVvHxcnhR,Informe Psicopedagogico,27,,
already_exists,Ya existe en PIE360 (no se repite),1,Liceo Mixto Los Andes Basica 1,MIA SOTO,MIA SCARLETT SOTO CORDERO,24.823.317-6,6A_MIA_SOTO.docx,1Rh01B00p14C8_B-AAfjWP-e4YULAexII,Informe Psicopedagogico,27,,
already_exists,Ya existe en PIE360 (no se repite),1,Liceo Mixto Los Andes Basica 1,MAITE SALINAS,MAITE   JOSSEFA SALINAS ARANCIBIA,26.006.375-8,3B_MAITE_SALINAS.docx,1zeFS9_P3EuXm2FeV3GIi6O4pDaOTSoAe,Informe Psicopedagogico,27,,
already_exists,Ya existe en PIE360 (no se repite),1,Liceo Mixto Los Andes Basica 1,MIGUEL YAÑEZ,MIGUEL ANGEL YAÑEZ BUSTAMANTE,24.740.294-2,6A_MIGUEL_YAÑEZ.docx,1HP2_0AY7YPx1nbHXebG9Ctlivuw7247D,Informe Psicopedagogico,27,,
already_exists,Ya existe en PIE360 (no se repite),1,Liceo Mixto Los Andes Basica 1,BASTIAN ARACENA,BASTIAN ANDREE ARACENA GALVEZ,25.792.510-2,2B_BASTIAN_ARACENA.docx,1zCypp3txHLZwIkV-_1CyOx_THxxIyNHb,Informe Psicopedagogico,27,,
already_exists,Ya existe en PIE360 (no se repite),1,Liceo Mixto Los Andes Basica 1,AGUSTINA PERALTA,AGUSTINA BELEN PERALTA ZAMORA,24.804.650-3,6C_AGUSTINA_PERALTA.docx,1JWNLbZKdrRgI0PZ88dMlrb1GW9wLFMhw,Informe Psicopedagogico,27,,
already_exists,Ya existe en PIE360 (no se repite),1,Liceo Mixto Los Andes Basica 1,THOMAS HERRERA,THOMAS BENJAMIN HERRERA ORTIZ,27.048.868-4,1A_THOMAS_HERRERA.docx,11DoDCu2k5Wl40lOZQoWhn7pHpfo-9nnV,Informe Psicopedagogico,27,,
no_match,sin_match_inspection,1,Liceo Mixto Los Andes Basica 1,KC AMARELI VENEGAS,,,KC_AMARELI_VENEGAS.docx,1Dv6RluApCxXeN-zwEhxz4Z0lptaOYAAh,Informe Psicopedagogico,27,,
already_exists,Ya existe en PIE360 (no se repite),1,Liceo Mixto Los Andes Basica 1,VICENTE GONZALEZ,VICENTE KAEL GONZALEZ REYES,26.211.189-K,2B_VICENTE_GONZALEZ.docx,1kQEdF4NUBr1kFVKfoh-4mTBD2-vGLEx3,Informe Psicopedagogico,27,,
already_exists,Ya existe en PIE360 (no se repite),1,Liceo Mixto Los Andes Basica 1,MARTINA YAÑEZ,MARTINA ISIDORA YAÑEZ BUSTAMANTE,25.371.811-0,4B_MARTINA_YAÑEZ.docx,1mZbqyre8XxRMRvsweS95LjQ1GsJBbBNq,Informe Psicopedagogico,27,,
already_exists,Ya existe en PIE360 (no se repite),2,Liceo Mixto Bicentenario Los Andes Basica 2,ANTONELHA PICHUN,ANTONELHA ESTEFANIA PICHUN HERMOSILLA,24.543.309-3,7°A-ANTONELHA PICHUN- TDA.docx,16HXhq5WwJ8vD8cUhBzYJrgcUHEx8hwsd,Informe Psicopedagogico,27,,
already_exists,Ya existe en PIE360 (no se repite),2,Liceo Mixto Bicentenario Los Andes Basica 2,KIARA ALBORNOZ,KIARA ELIZABETH ALBORNOZ MALDONADO,24.665.190-6,6°B-  KIARA ALBORNOZ- TDA.docx,10305hWIy8VqnMiD4DBSNA1PL77HmaGdf,Informe Psicopedagogico,27,,
already_exists,Ya existe en PIE360 (no se repite),2,Liceo Mixto Bicentenario Los Andes Basica 2,ALONSO VILLALOBOS,ALONSO EDUARDO VILLALOBOS SAA,25.133.390-4,5°A-ALONSO VILLALOBOS - TDA.docx,1ITjmJshdZWC20yx4595GybTUtI6_jfSc,Informe Psicopedagogico,27,,
already_exists,Ya existe en PIE360 (no se repite),2,Liceo Mixto Bicentenario Los Andes Basica 2,JOAQUIN HERNANDEZ,JOAQUIN ALONSO HERNANDEZ BETANCURT,24.570.635-9,7°A-JOAQUIN HERNANDEZ - TDA.docx,1LZCqForB_1W_ni3sKcjQ-N3MsmqlfDVr,Informe Psicopedagogico,27,,
already_exists,Ya existe en PIE360 (no se repite),2,Liceo Mixto Bicentenario Los Andes Basica 2,LUIS CHAVARRIA,LUIS ALONSO CHAVARRIA VILLEGAS,24.792.698-4,6°A-LUIS CHAVARRIA- TDA.docx,1Obmf_XFwpwq3WaREnDGZPBT-DlqBRlBr,Informe Psicopedagogico,27,,
no_match,sin_match_inspection,2,Liceo Mixto Bicentenario Los Andes Basica 2,EITHAN SALINAS- TL,,,3°A-EITHAN SALINAS- TL.docx,1MDcHbfnbpEQ-f5AEpMGrfzS7l7K04B4T,Informe Psicopedagogico,27,,
already_exists,Ya existe en PIE360 (no se repite),2,Liceo Mixto Bicentenario Los Andes Basica 2,JOEL PARRA,JOEL IGNACIO PARRA CIFUENTES,25.412.897-K,4°B-JOEL PARRA- TDA.docx,1SUS23DA_zzIQc29pIMdrlmwNYTZA9D8P,Informe Psicopedagogico,27,,
no_match,sin_match_inspection,2,Liceo Mixto Bicentenario Los Andes Basica 2,GONZALO FIGUEROA- TL,,,2°B- GONZALO FIGUEROA- TL.docx,11zGvyeUTFUH3zRhDqHtHjH4TRPPd-4yf,Informe Psicopedagogico,27,,
no_match,sin_match_inspection,2,Liceo Mixto Bicentenario Los Andes Basica 2,JAVIERA DIAZ- DIL,,,7°B- JAVIERA DIAZ- DIL.docx,1ju3etbZPX-4k2If1xRvmQK9S5kP0yZiS,Informe Psicopedagogico,27,,
no_match,sin_match_inspection,2,Liceo Mixto Bicentenario Los Andes Basica 2,GIOVANNI NAVEA-   TL,,,3°B-GIOVANNI NAVEA-   TL.docx,1O8VLgasM4vhQlGYENgRQw5Mn8-1LCKdN,Informe Psicopedagogico,27,,
no_match,sin_match_inspection,2,Liceo Mixto Bicentenario Los Andes Basica 2,PRE KINDER B- SOFIA HERNANDEZ,,,PRE KINDER B- SOFIA HERNANDEZ - TEA.docx,1qa86F2A_1ly1QYNFwKYCzhajGtKt7vW1,Informe Psicopedagogico,27,,
no_match,sin_match_inspection,2,Liceo Mixto Bicentenario Los Andes Basica 2,PRE KINDER B- MARTIN QUIROZ,,,PRE KINDER B- MARTIN QUIROZ- TEA.docx,1Xb3mQAQM5d_t77JEBMPj93ljivoVEQD_,Informe Psicopedagogico,27,,
no_match,sin_match_inspection,2,Liceo Mixto Bicentenario Los Andes Basica 2,PRE KINDER A- SEBASTIAN CORO- TEL,,,PRE KINDER A- SEBASTIAN CORO- TEL.docx,11Rum6SCaI4sA_n35dnF9Rdm1_MOr7YQZ,Informe Psicopedagogico,27,,
no_match,sin_match_inspection,2,Liceo Mixto Bicentenario Los Andes Basica 2,PRE KINDER A- AMANDA TAPIA - TEL,,,PRE KINDER A- AMANDA TAPIA - TEL.docx,1-qiXv1ufFnmySlO3ULma1YgnKsoe5RWe,Informe Psicopedagogico,27,,
no_match,sin_match_inspection,2,Liceo Mixto Bicentenario Los Andes Basica 2,KINDER B - DANTE ROJAS,,,KINDER B - DANTE ROJAS - TEA.docx,1y-O5EWNXHYTRFqo11h5_G6Vq9R2BeXzS,Informe Psicopedagogico,27,,
no_match,sin_match_inspection,2,Liceo Mixto Bicentenario Los Andes Basica 2,PRE KINDER B- AMANDA COSSIO - TEL,,,PRE KINDER B- AMANDA COSSIO - TEL.docx,1IpDRb0Dit2Cc4UTgfrV6yg9za8-UmURm,Informe Psicopedagogico,27,,
no_match,sin_match_inspection,2,Liceo Mixto Bicentenario Los Andes Basica 2,IVAN CERDA- CEA,,,2°A- IVAN CERDA- CEA.docx,1Ya9tpD5pO-9QjrhjN2iprciddDODDSqf,Informe Psicopedagogico,27,,
no_match,sin_match_inspection,2,Liceo Mixto Bicentenario Los Andes Basica 2,PRE KINDER A-ALAN CHAVARRIA - TEL,,,PRE KINDER A-ALAN CHAVARRIA - TEL.docx,1feaXX1GGz6iDIWuyVOMmR-2SzVINXsIM,Informe Psicopedagogico,27,,
no_match,sin_match_inspection,2,Liceo Mixto Bicentenario Los Andes Basica 2,MATEO PINTO- CEA,,,1°A- MATEO PINTO- CEA.docx,1lnQJbtM_FVcJVQxVpRR6QAoUVqUYz2ng,Informe Psicopedagogico,27,,
no_match,sin_match_inspection,2,Liceo Mixto Bicentenario Los Andes Basica 2,ISABELLA VILLARROEL- CEA,,,4°A-ISABELLA VILLARROEL- CEA.docx,1aCx1Hso62HanhCRqJL7kr-HoswqBtp5Z,Informe Psicopedagogico,27,,
no_match,sin_match_inspection,2,Liceo Mixto Bicentenario Los Andes Basica 2,SIMON LADRON DE GUEVARA- CEA,,,6°A-SIMON LADRON DE GUEVARA- CEA.docx,1DaKWxWRkTLnnH5mx1L3COuR_TzkJCLcN,Informe Psicopedagogico,27,,
no_match,sin_match_inspection,2,Liceo Mixto Bicentenario Los Andes Basica 2,NAHUM WRIGTH -CEA,,,3°A-NAHUM WRIGTH -CEA.docx,1teZVyOnA8HW_rJR1tnX8aagZOhjQ5upg,Informe Psicopedagogico,27,,
no_match,sin_match_inspection,2,Liceo Mixto Bicentenario Los Andes Basica 2,PRE KINDER A- ROLANDO ANJARI,,,PRE KINDER A- ROLANDO ANJARI- TEA.docx,15b-fJ3yrqxq1jsKxJDQCzUxwR7gFNkRT,Informe Psicopedagogico,27,,
no_match,sin_match_inspection,2,Liceo Mixto Bicentenario Los Andes Basica 2,JOSE FIGUEROA -CEA,,,6°B-  JOSE FIGUEROA -CEA.docx,1zF3CFHl8YNCXn-_Irjm2AzD2dR7j97o2,Informe Psicopedagogico,27,,
no_match,sin_match_inspection,2,Liceo Mixto Bicentenario Los Andes Basica 2,PRE KINDER A- MASSIEL DEBIASSI- TEL,,,PRE KINDER A- MASSIEL DEBIASSI- TEL.docx,1ZWLVVZU5BVkJwtVacqw0yKxNads6T_8i,Informe Psicopedagogico,27,,
no_match,sin_match_inspection,2,Liceo Mixto Bicentenario Los Andes Basica 2,PRE KINDER A- LUCIA JAQUE- TEL,,,PRE KINDER A- LUCIA JAQUE- TEL.docx,1ToHe6rWNjlPiOjFMcf62nJf2CgYi8vYy,Informe Psicopedagogico,27,,
no_match,sin_match_inspection,2,Liceo Mixto Bicentenario Los Andes Basica 2,KINDER A- ALICIA AYALA- TEL,,,KINDER A- ALICIA AYALA- TEL.docx,1F884_8YFMimqpWmhBRLx3TXNLoNiXK-h,Informe Psicopedagogico,27,,
no_match,sin_match_inspection,2,Liceo Mixto Bicentenario Los Andes Basica 2,BELEN GONZALEZ - DIL,,,3°B-BELEN GONZALEZ - DIL.docx,1FBATQy5MFCZXTihsItyHkAemaUXq0MVt,Informe Psicopedagogico,27,,
already_exists,Ya existe en PIE360 (no se repite),2,Liceo Mixto Bicentenario Los Andes Basica 2,VICENTE SILVA,VICENTE IGNACIO SILVA ESPINDOLA,24.773.338-8,6°A-VICENTE SILVA - TDA.docx,18kehfAcQKz_5tJhmFMpbVITCamqw12DM,Informe Psicopedagogico,27,,
no_match,sin_match_inspection,2,Liceo Mixto Bicentenario Los Andes Basica 2,PRE KINDER B- SEBASTIAN SAAVEDRA - TEL,,,PRE KINDER B- SEBASTIAN SAAVEDRA - TEL.docx,1l_LPzWh5oUYiEZVtCTFwLiMV1yEi8q_l,Informe Psicopedagogico,27,,
no_match,sin_match_inspection,2,Liceo Mixto Bicentenario Los Andes Basica 2,LUCAS CONTRERAS -CEA,,,6°B-  LUCAS CONTRERAS -CEA.docx,1NtdloxgmI_aRnXYIeVeoMaK1eYjV2ylX,Informe Psicopedagogico,27,,
no_match,sin_match_inspection,2,Liceo Mixto Bicentenario Los Andes Basica 2,PRE KINDER B- ALEX MADRIAGA,,,PRE KINDER B- ALEX MADRIAGA- TEA.docx,1ec4NsqC2OyGEBFz4qeg0LgyOUFOOD_zH,Informe Psicopedagogico,27,,
already_exists,Ya existe en PIE360 (no se repite),2,Liceo Mixto Bicentenario Los Andes Basica 2,MATEO ERAZO,MATEO ALONSO ERAZO GUEVARA,23.911.370-2,8°A- MATEO ERAZO- TDA.docx,1uGd24DchPM0x7D0lhEsWtKqVPbPozT9-,Informe Psicopedagogico,27,,
already_exists,Ya existe en PIE360 (no se repite),2,Liceo Mixto Bicentenario Los Andes Basica 2,NATALIA MUÑOZ,NATALIA IGNACIA MUÑOZ AYALA,26.057.400-0,2°B- NATALIA MUÑOZ- TDA.docx,11oztX2zB_RDe3v6O1yjsApEIVwBHBQPl,Informe Psicopedagogico,27,,
no_match,sin_match_inspection,2,Liceo Mixto Bicentenario Los Andes Basica 2,GABRIEL HERRERA- DIL,,,7°B- GABRIEL HERRERA- DIL.docx,1gH2UbxbKsvB8WJgSdbY2IGEU7tsPmL8W,Informe Psicopedagogico,27,,
no_match,sin_match_inspection,2,Liceo Mixto Bicentenario Los Andes Basica 2,GENECISS JOFRE - DIL,,,8°B- GENECISS JOFRE - DIL.docx,18sDSXzxEgBB2fi8RHYYAX_oHPsnwXN_E,Informe Psicopedagogico,27,,
already_exists,Ya existe en PIE360 (no se repite),2,Liceo Mixto Bicentenario Los Andes Basica 2,JEAN FALCONES,JEAN PAUL FALCONES BAJAÑA,25.725.163-2,8°A- JEAN FALCONES- TDAH.docx,1-Ameo7RxOUUp25JCFSTSG2_u4tRQbwMV,Informe Psicopedagogico,27,,
no_match,sin_match_inspection,2,Liceo Mixto Bicentenario Los Andes Basica 2,VICENTE OLIVA - DIL,,,5°A-VICENTE OLIVA - DIL.docx,1EeBa-yTKtYS_lMTb5iPfjnMJiKRJ_sDp,Informe Psicopedagogico,27,,
no_match,sin_match_inspection,2,Liceo Mixto Bicentenario Los Andes Basica 2,ALVARO SALINAS- CEA,,,6°A- ALVARO SALINAS- CEA.docx,1fGaSZRihNqHtSXjPwK_kRTh1QdzMJSRo,Informe Psicopedagogico,27,,
no_match,sin_match_inspection,2,Liceo Mixto Bicentenario Los Andes Basica 2,PRE KINDER A- ELIAM,,,PRE KINDER A- ELIAM- TEA.docx,1gn1Uu5E_pZ03yXI_8bFRBd-xyN7b22Dw,Informe Psicopedagogico,27,,
already_exists,Ya existe en PIE360 (no se repite),2,Liceo Mixto Bicentenario Los Andes Basica 2,AUSTIN MARTINEZ,AUSTIN MATHEO MARTINEZ AHUMADA,25.753.852-4,3°B-AUSTIN MARTINEZ - TEA.docx,1tpOdFU-dPWND0rfAyHKCVylhWpOClYT9,Informe Psicopedagogico,27,,
no_match,sin_match_inspection,2,Liceo Mixto Bicentenario Los Andes Basica 2,PRE KINDER B- VALENTINA MUÑOZ - TEL,,,PRE KINDER B- VALENTINA MUÑOZ - TEL.docx,1xRXURlXfSEdxCm_luJ4eAEDmRTxdA48x,Informe Psicopedagogico,27,,
no_match,sin_match_inspection,2,Liceo Mixto Bicentenario Los Andes Basica 2,PRE KINDER B-HUGO JADAD- TEL,,,PRE KINDER B-HUGO JADAD- TEL.docx,1piDrRZzqNSXlrEbXLt8KclCDofPIQMwY,Informe Psicopedagogico,27,,
no_match,sin_match_inspection,2,Liceo Mixto Bicentenario Los Andes Basica 2,KINDER A - CAMILO SILVA,,,KINDER A - CAMILO SILVA - TEA.docx,1ChqC4HJ05BtT54KYwms_3hvPSRMtUY_D,Informe Psicopedagogico,27,,
already_exists,Ya existe en PIE360 (no se repite),2,Liceo Mixto Bicentenario Los Andes Basica 2,IGNACIO ROBLES,IGNACIO JAVIER ROBLES SOTO,24.974.997-4,5°B- IGNACIO ROBLES- TDA.docx,1fHDztqi_QcVKzeYwWXKkAcj3oi1lvfdV,Informe Psicopedagogico,27,,
no_match,sin_match_inspection,2,Liceo Mixto Bicentenario Los Andes Basica 2,PEDRO PALOMINOS- TL,,,2°A- PEDRO PALOMINOS- TL.docx,1qJzcLDqzroidbx2BMR2kw_RGgs8E2cJT,Informe Psicopedagogico,27,,
no_match,sin_match_inspection,2,Liceo Mixto Bicentenario Los Andes Basica 2,KINDER A- AMBAR RESTREPO - TL,,,KINDER A- AMBAR RESTREPO - TL.docx,1eLaYtub6isSYSOoFRdEF7fG-5eIbecb1,Informe Psicopedagogico,27,,
no_match,sin_match_inspection,2,Liceo Mixto Bicentenario Los Andes Basica 2,KINDER A- EVAN ALVAREZ- TEL,,,KINDER A- EVAN ALVAREZ- TEL.docx,1YR-rMQScwHon1IepJ34aHLAjdDl4o2_k,Informe Psicopedagogico,27,,
already_exists,Ya existe en PIE360 (no se repite),2,Liceo Mixto Bicentenario Los Andes Basica 2,DARA CARRERA,DARA MILAGROS CARRERA CUERO,26.124.377-6,3°B-DARA CARRERA -TDAH.docx,1RWxckegqMOXwHG76ND1vxogKmvaGshiI,Informe Psicopedagogico,27,,
no_match,sin_match_inspection,2,Liceo Mixto Bicentenario Los Andes Basica 2,PRE KINDER B- AMANDA VASQUEZ - TEL,,,PRE KINDER B- AMANDA VASQUEZ - TEL.docx,1M4zeBq69Amwm67RMUo4Mn6E-SG9AjbDV,Informe Psicopedagogico,27,,
no_match,sin_match_inspection,2,Liceo Mixto Bicentenario Los Andes Basica 2,PRE KINDER B- THOMAS PIZARRO,,,PRE KINDER B- THOMAS PIZARRO - TEA.docx,1N6W4MMXtSFaNFu22OHKKQYTrDF1GSiL5,Informe Psicopedagogico,27,,
no_match,sin_match_inspection,2,Liceo Mixto Bicentenario Los Andes Basica 2,NICOLAS GALDAMES - CEA,,,1°B- NICOLAS GALDAMES - CEA.docx,1gwIkLIOA8ZfeyU9C1DIBWZyIqsKmlfK8,Informe Psicopedagogico,27,,
no_match,sin_match_inspection,2,Liceo Mixto Bicentenario Los Andes Basica 2,KINDER B- FIORELLA VALLEJOS - CEA,,,KINDER B- FIORELLA VALLEJOS - CEA.docx,12vSw1FGfkJ275cAari8k5xtI_TaEm0e4,Informe Psicopedagogico,27,,
no_match,sin_match_inspection,3,Liceo Mixto Bicentenario Los Andes Media,Dante Urejula,,,InformeFamilia_1I-Dante Urejula.docx,1tM84SJ6IVwhL7EfWaFgyiKBdYqIe8IqK,Informe a la Familia,7,,
no_match,sin_match_inspection,3,Liceo Mixto Bicentenario Los Andes Media,Nicolás Quintana,,,InformeFamilia_3F-Nicolás Quintana.docx,1D0yP1ZfCJ6w8eG82vzPGGE1gGxxtBO8m,Informe a la Familia,7,,
no_match,sin_match_inspection,3,Liceo Mixto Bicentenario Los Andes Media,Maximiliano Espinola,,,InformeFamilia_2C-Maximiliano Espinola.docx,1IpaO4QfNLEedtvSbKVnCw14B4vW6z1O1,Informe a la Familia,7,,
no_match,sin_match_inspection,3,Liceo Mixto Bicentenario Los Andes Media,Cristofher Calfin,,,InformeFamilia_1E-Cristofher Calfin.docx,1P-osSWFgjDax4P5o5T0t_cZSpmseT-VH,Informe a la Familia,7,,
already_exists,Ya existe en PIE360 (no se repite),4,Liceo Particular Mixto San Felipe Basica,MARIA JOSE RIOS,MARIA JOSE RIOS VARGAS,24.490.858-6,6°C MARIA JOSE RIOS.docx,15KkBF0xTYcgPkjEBdG2bwuVMwZwTCUtX,Informe a la Familia,7,,
already_exists,Ya existe en PIE360 (no se repite),4,Liceo Particular Mixto San Felipe Basica,DAFNIKA SAINT,DAFNIKA SAINT FORT ALBERT,26.383.274-4,2°C DAFNIKA SAINT.docx,11GlioUxZ1jIzr4rYw6XVEnuyCl0-NySw,Informe a la Familia,7,,
already_exists,Ya existe en PIE360 (no se repite),4,Liceo Particular Mixto San Felipe Basica,LIZ GODOY,LIZ JULIETA AGUSTINA GODOY CORDOVA,25.522.375-5,4°C LIZ GODOY.docx,1jxSGHlVqciRTgC4JW2ilg1LFEIFnmzJr,Informe a la Familia,7,,
already_exists,Ya existe en PIE360 (no se repite),4,Liceo Particular Mixto San Felipe Basica,Ashlyn Santos,ASHLYN ANTONELLA SANTOS VIVANCO,24.544.404-4,6°C Ashlyn Santos BSF.docx,1xqyk0nWUY_c-lRSL5gj5_te2W3OoFcPC,Informe a la Familia,7,,
already_exists,Ya existe en PIE360 (no se repite),4,Liceo Particular Mixto San Felipe Basica,CRISTIAN FIGUEROA,CRISTIAN AARÓN FIGUEROA FERNANDEZ,25.421.281-4,4°C CRISTIAN FIGUEROA.docx,1wX8TbMxOZfa-zRt_pRA0Y94M-eE5n-xi,Informe a la Familia,7,,
already_exists,Ya existe en PIE360 (no se repite),4,Liceo Particular Mixto San Felipe Basica,Sebastian Munoz,SEBASTIAN ANDRES MUÑOZ MORALES,24.731.838-0,6D Sebastian Munoz BSF.docx,1a09pbjQobr76H8_C2g_CU-CyUL1jddyC,Informe a la Familia,7,,
already_exists,Ya existe en PIE360 (no se repite),4,Liceo Particular Mixto San Felipe Basica,NELSON GALDAMEZ,NELSON ENRIQUE GALDAMEZ HERNANDEZ,23.958.128-5,8°D NELSON GALDAMEZ.docx,1NuzCRRc7n09PGDnnKNBeYwUbzh8L_Xjk,Informe a la Familia,7,,
already_exists,Ya existe en PIE360 (no se repite),4,Liceo Particular Mixto San Felipe Basica,FACUNDO VALENCIA,FACUNDO MANUEL VALENCIA OJEDA,27.245.531-7,1°C FACUNDO VALENCIA.docx,1GCN0rovnykQp0ljQ_Y2eUlivNYBAjZcD,Informe a la Familia,7,,
already_exists,Ya existe en PIE360 (no se repite),4,Liceo Particular Mixto San Felipe Basica,Deivis Rosas,DEIVIS ALEXANDER ROSAS SALINAS,24.376.687-7,7°A Deivis Rosas BSF.docx,14Rh-Qutw4V_vhGy71_c_Ns0h0kT4j6rH,Informe a la Familia,7,,
ambiguous,ambiguo_inspection:DANIELA IGNACIA OLIVARES DIAZ; FLORENCIA IGNACIA GONZALEZ OLIVARES; IGNACIA ANAHÍ OLIVARES GUERRA,4,Liceo Particular Mixto San Felipe Basica,Ignacia Olivares,,,6°A Ignacia Olivares BSF.docx,1O6Cj2JUR8eqrulXv_HbvCg_70MYPFnBL,Informe a la Familia,7,,
already_exists,Ya existe en PIE360 (no se repite),4,Liceo Particular Mixto San Felipe Basica,Zyan Elgueta,ZYAN MATHEO ELGUETA ESPINOZA,26.996.884-2,1°C Zyan Elgueta .docx,1Mgr2uQuCqZvBF47JIV8IVCEE4Xf3atua,Informe a la Familia,7,,
ambiguous,ambiguo_inspection:AMELIA SOFIA SANTOS GONZALEZ; SOFIA ANTONELLA GONZALEZ CORTES; VICTORIA SOFÍA GONZÁLEZ SAGREDO,4,Liceo Particular Mixto San Felipe Basica,Sofia González,,,3°C Sofia González .docx,1JH5MPQMdOG4-kiYiYU6gXKSE1iyh0EQ-,Informe a la Familia,7,,
already_exists,Ya existe en PIE360 (no se repite),4,Liceo Particular Mixto San Felipe Basica,IHAN ARANCIBIA,IHAN ANDRES ARANCIBIA CHAZAL,26.552.284-K,1°C IHAN ARANCIBIA.docx,1t6ooo0NFndTAveodaopB7SnzA7k7fOAg,Informe a la Familia,7,,
already_exists,Ya existe en PIE360 (no se repite),4,Liceo Particular Mixto San Felipe Basica,DAZLYN SANDOVAL,DAZLYN ALMENDRA SANDOVAL SANHUEZA,25.114.297-1,4°C DAZLYN SANDOVAL.docx,1bW1eVM-oRlRgRrCWxNIpB8d_6ZxaKw8x,Informe a la Familia,7,,
already_exists,Ya existe en PIE360 (no se repite),4,Liceo Particular Mixto San Felipe Basica,Simón Mancilla,SIMÓN PEDRO MANCILLA FARIAS,25.426.710-4,4°C Simón Mancilla BSF.docx,199-cLngoAC8bkqJTmZ-4pOyLHiNbiCm8,Informe a la Familia,7,,
already_exists,Ya existe en PIE360 (no se repite),4,Liceo Particular Mixto San Felipe Basica,CATALINA ARAVENA,CATALINA ALEJANDRA ARAVENA CORTEZ,24.358.410-8,5°C CATALINA ARAVENA.docx,1q5vGmvVTUQjYiMVSO8aFJgQu_U_3N9zO,Informe a la Familia,7,,
already_exists,Ya existe en PIE360 (no se repite),4,Liceo Particular Mixto San Felipe Basica,ALEX MUNOZ,ALEX IGNACIO MUÑOZ GUERRA,24.128.663-0,8°D ALEX MUNOZ .docx,1K4pjLRNHARuxmOhgQogkv9nGEGTZVasK,Informe a la Familia,7,,
already_exists,Ya existe en PIE360 (no se repite),4,Liceo Particular Mixto San Felipe Basica,Agustina Carvacho,AGUSTINA ESTER TRINIDAD CARVACHO SAAVEDRA,26.856.864-6,1°C Agustina Carvacho.docx,1TWUv-beBNT80l4m09NOoXTDlfEncFsHM,Informe a la Familia,7,,
already_exists,Ya existe en PIE360 (no se repite),4,Liceo Particular Mixto San Felipe Basica,AGUSTINA REYES,AGUSTINA BELÉN REYES IBACETA,26.520.992-0,2°C AGUSTINA REYES.docx,1VVC4QgwPM26QrJndQ9AVXj1k199b1GcO,Informe a la Familia,7,,
already_exists,Ya existe en PIE360 (no se repite),4,Liceo Particular Mixto San Felipe Basica,Rafaela Lazo,RAFAELA  ANTONIA LAZO ZAMORA,24.834.123-8,6°C  Rafaela Lazo .docx,1yp3t85cwNopfeuX_3Vq4fvoI2984E0l0,Informe a la Familia,7,,
already_exists,Ya existe en PIE360 (no se repite),4,Liceo Particular Mixto San Felipe Basica,MAXIMO TOLEDO,MAXIMO ALONSO TOLEDO ZUÑIGA,23.304.593-4,8°D MAXIMO TOLEDO.docx,1S2j-JASGjY8EOsVRzRgL7zqsvyxnGRDC,Informe a la Familia,7,,
ambiguous,ambiguo_inspection:CATALINA FERNANDA ALVARADO ACUÑA; FERNANDA GABRIELA ALVARADO IRIARTE,4,Liceo Particular Mixto San Felipe Basica,FERNANDA ALVARADO,,,3°C FERNANDA ALVARADO .docx,1x_pcj182Zamm932mmPnrd6I8ZrYt-t9U,Informe a la Familia,7,,
already_exists,Ya existe en PIE360 (no se repite),4,Liceo Particular Mixto San Felipe Basica,ALEXIS SOLIS,ALEXIS IGNACIO SOLÍS AGURTO,24.099.638-3,7°C ALEXIS SOLIS.docx,1_rXMaXelNzPdzUpcyuGAm9XT6qikx7SU,Informe a la Familia,7,,
already_exists,Ya existe en PIE360 (no se repite),4,Liceo Particular Mixto San Felipe Basica,AMANDA VALENCIA,AMANDA TRINIDAD VALENCIA SEVERINO,27.222.193-6,1°C AMANDA VALENCIA.docx,1guBAgbuy91AiLiaaMlsyyt7OBEtX3JbU,Informe a la Familia,7,,
already_exists,Ya existe en PIE360 (no se repite),4,Liceo Particular Mixto San Felipe Basica,Alan Mella,ALAN MELLA FERNANDEZ,24.142.864-8,7D Alan Mella BSF.docx,1rtpn2v2S-OhAhNoG-AdIv5hMr_vUle6M,Informe a la Familia,7,,
already_exists,Ya existe en PIE360 (no se repite),4,Liceo Particular Mixto San Felipe Basica,MATEO ARENAS,MATEO BENJAMÍN ARENAS PRADO,25.351.474-4,4°C MATEO ARENAS.docx,149GpwghWC4mPnT1SHuZnUeTrfNCyrNm2,Informe a la Familia,7,,
already_exists,Ya existe en PIE360 (no se repite),4,Liceo Particular Mixto San Felipe Basica,Adiel Gonzalez,ADIEL NICOLAS GONZALEZ OLIVARES,25.284.463-5,5D Adiel Gonzalez BSF.docx,1tPV2Eojjko8Yp27MdxQOdn0mYAjxGDUZ,Informe a la Familia,7,,
already_exists,Ya existe en PIE360 (no se repite),4,Liceo Particular Mixto San Felipe Basica,Arantxa Páez,Arantxa Daniela Páez Olguin,23.993.883-3,8°C Arantxa Páez BSF.docx,1hgn_n_uEAMc750B9Lv9zhUae37q63DoW,Informe a la Familia,7,,
no_match,sin_match_inspection,4,Liceo Particular Mixto San Felipe Basica,PK°B MARIAJESUS AGUILERA,,,PK°B MARIAJESUS AGUILERA.docx,1HKsYwvI5M3aOSZPgIGDCrbIjfvQfnoGk,Informe a la Familia,7,,
already_exists,Ya existe en PIE360 (no se repite),4,Liceo Particular Mixto San Felipe Basica,AMPARO INSAMI,AMPARO LUCÍA INSAMI FIGUEROA,24.925.551-3,5°D AMPARO INSAMI.docx,1oE4Rjx0WFs0gYOKM-oK_89oJEwf8iYUE,Informe a la Familia,7,,
already_exists,Ya existe en PIE360 (no se repite),4,Liceo Particular Mixto San Felipe Basica,Agustín Lazen,AGUSTÍN FEDERICO LAZEN REYES,24.389.766-1,7°B Agustín Lazen BSF.docx,12nYxyZWLturfLHLZgIQOJG4f8jyfWo4w,Informe a la Familia,7,,
already_exists,Ya existe en PIE360 (no se repite),4,Liceo Particular Mixto San Felipe Basica,ANDRES SANCHEZ,ANDRÉS SANCHEZ ZURITA,27.092.311-9,1°C ANDRES SANCHEZ.docx,121IkxfvO4xnL2bnaVb_BzHY3hOIJ250k,Informe a la Familia,7,,
no_match,sin_match_inspection,4,Liceo Particular Mixto San Felipe Basica,Agustín Herrera DEA,,,7°A Agustín Herrera DEA.docx,1Y6CIvbU5UMpOOIYCW3fFB_8054VZ0LGE,Informe Psicopedagogico,27,,
no_match,sin_match_inspection,4,Liceo Particular Mixto San Felipe Basica,K°A Mateo Corrales RGD,,,K°A Mateo Corrales RGD.docx,1p7hhIdNwWie74gNLdjuo0RkOkZoY8Jy_,Informe Psicopedagogico,27,,
no_match,sin_match_inspection,4,Liceo Particular Mixto San Felipe Basica,Marco Díaz FIL,,,1°C Marco Díaz FIL.docx,1HdMedDGzSQFJ9KqHQHNuvJFIJh8YpC3R,Informe Psicopedagogico,27,,
no_match,sin_match_inspection,4,Liceo Particular Mixto San Felipe Basica,DAFNIKA SAINTFORT,,,DAFNIKA_SAINTFORT.docx,1Rst1Ui3CfcijJctdXOYdYRD1PTXIkr1N,Informe Psicopedagogico,27,,
no_match,sin_match_inspection,4,Liceo Particular Mixto San Felipe Basica,Gael Videla TL,,,1°A Gael Videla TL.docx,1hTEgXOD8k2vP2pR3zpL3v0ATFPZQGpuj,Informe Psicopedagogico,27,,
no_match,sin_match_inspection,4,Liceo Particular Mixto San Felipe Basica,Máximo Toledo TDA-H,,,8°D Máximo Toledo TDA-H.docx,1unF09vesuKhkGEWjudGtKWWByky1rkKm,Informe Psicopedagogico,27,,
no_match,sin_match_inspection,4,Liceo Particular Mixto San Felipe Basica,Cristián Figueroa DEA CÁLCULO,,,4°C Cristián Figueroa DEA CÁLCULO.docx,1BpeXkKtL3IdBd2dm8t1TdR6Aj-oF7dpF,Informe Psicopedagogico,27,,
already_exists,Ya existe en PIE360 (no se repite),4,Liceo Particular Mixto San Felipe Basica,Adiel González TDA,ADIEL NICOLAS GONZALEZ OLIVARES,25.284.463-5,5°D Adiel González TDA.docx,1BjfEVBosESnEB9I6VkOOXIb45WZi6_3k,Informe Psicopedagogico,27,,
no_match,sin_match_inspection,4,Liceo Particular Mixto San Felipe Basica,Liz Godoy TEA exc,,,4°C Liz Godoy TEA exc.docx,1VtMIFRUb0EsxvVUr_cLEHpHmcsnxjKnA,Informe Psicopedagogico,27,,
no_match,sin_match_inspection,4,Liceo Particular Mixto San Felipe Basica,María José Ríos TDAH,,,6°C María José Ríos TDAH.docx,1Mdu5KX2bcB3w8y76wsr1MhCqAWUsXwqA,Informe Psicopedagogico,27,,
no_match,sin_match_inspection,4,Liceo Particular Mixto San Felipe Basica,Dazlyn Sandoval FIL,,,4°C Dazlyn Sandoval FIL.docx,1pxDPbRVk7Oi2g0UfeJGuvKVE6C37kADd,Informe Psicopedagogico,27,,
no_match,sin_match_inspection,4,Liceo Particular Mixto San Felipe Basica,Alexis Solis FIL,,,7°C Alexis Solis FIL.docx,1GJRGDUT9LU6nGUR26e5sqeKggaR7EST1,Informe Psicopedagogico,27,,
already_exists,Ya existe en PIE360 (no se repite),4,Liceo Particular Mixto San Felipe Basica,Ignacia Vergara TEA,IGNACIA NOEMÍ VERGARA ARANCIBIA,24.277.979-7,7°B Ignacia Vergara TEA.docx,1YglU4XOr5q2HeU3jpYE7uhWaM2QTNQ3j,Informe Psicopedagogico,27,,
no_match,sin_match_inspection,4,Liceo Particular Mixto San Felipe Basica,Nelson Galdámez TDA-H,,,8°D Nelson Galdámez TDA-H.docx,1N5ZsE-Q_RVdlOhp6RpigDiR2QLZIFhrA,Informe Psicopedagogico,27,,
already_exists,Ya existe en PIE360 (no se repite),4,Liceo Particular Mixto San Felipe Basica,Pablo Moraga TEA,PABLO ANTONIO MORAGA FERNANDEZ,25.530.294-9,4°B Pablo Moraga TEA.docx,1ejYP5sGfARWVFm8vTukQLCl-aFSd3QF0,Informe Psicopedagogico,27,,
no_match,sin_match_inspection,4,Liceo Particular Mixto San Felipe Basica,K°A Ismael Poma TL,,,K°A Ismael Poma TL.docx,14xBc5oeRmBJNQwQJcoLfAx-zUE3ug18O,Informe Psicopedagogico,27,,
no_match,sin_match_inspection,4,Liceo Particular Mixto San Felipe Basica,Luis Contador TL.,,,1°A Luis Contador TL..docx,1VLtA44DCXNWCQN73ZQTZMOdShrBUoSf5,Informe Psicopedagogico,27,,
no_match,sin_match_inspection,4,Liceo Particular Mixto San Felipe Basica,PK°B Alex Losantos RGD,,,PK°B Alex Losantos RGD.docx,1NQ7Bz0S5JHGNTIoHIbbX3EzKGd7b9UAf,Informe Psicopedagogico,27,,
no_match,sin_match_inspection,4,Liceo Particular Mixto San Felipe Basica,Alonso Mondaca TDAH,,,7°B Alonso Mondaca TDAH.docx,1BTKlmUb5GO83Jv9jh8U4RpCuEZF-o7tB,Informe Psicopedagogico,27,,
no_match,sin_match_inspection,4,Liceo Particular Mixto San Felipe Basica,Rafaela Lazo TDAH,,,6°C Rafaela Lazo TDAH.docx,1p_mqymlYjDYef89nnFmFiEQJXF-Rougz,Informe Psicopedagogico,27,,
already_exists,Ya existe en PIE360 (no se repite),4,Liceo Particular Mixto San Felipe Basica,Sebastián Castillo TEA,SEBASTIAN IGNACIO CASTILLO HERRERA,25.273.602-6,5°B Sebastián Castillo TEA.docx,1KFP5SztFJ27tenZ-fxRwPzSQ4oNvBjQ6,Informe Psicopedagogico,27,,
already_exists,Ya existe en PIE360 (no se repite),4,Liceo Particular Mixto San Felipe Basica,Amparo Insamí TDA,AMPARO LUCÍA INSAMI FIGUEROA,24.925.551-3,5°D Amparo Insamí TDA.docx,12L25hu9EATWZ3qpShIbSM84Tqrmv98Lv,Informe Psicopedagogico,27,,
no_match,sin_match_inspection,4,Liceo Particular Mixto San Felipe Basica,K°A Maria Ester Sánchez TL,,,K°A Maria Ester Sánchez TL.docx,1FdHvFAseuvEUgfKJyHPby6VoNjdNpe6u,Informe Psicopedagogico,27,,
no_match,sin_match_inspection,4,Liceo Particular Mixto San Felipe Basica,Mateo Soto TEA,,,6°A Mateo Soto TEA.docx,1n2jngrFUlTtpWP_pnGe6Ua3xOvMgsZrK,Informe Psicopedagogico,27,,
already_exists,Ya existe en PIE360 (no se repite),4,Liceo Particular Mixto San Felipe Basica,Fabian Labarca TEA,FABIAN ANDRES LABARCA VALENZUELA,24.343.681-8,7°A Fabian Labarca TEA.docx,19ne4BtBYVf21NVWcAh6-3kqziaRrCY3E,Informe Psicopedagogico,27,,
no_match,sin_match_inspection,4,Liceo Particular Mixto San Felipe Basica,Suri Pariona TEA Excepcionalidad,,,6°A Suri Pariona TEA Excepcionalidad.docx,1tXdemw0dEFpBnQLbwEkU1hZT7LwNb6uL,Informe Psicopedagogico,27,,
already_exists,Ya existe en PIE360 (no se repite),4,Liceo Particular Mixto San Felipe Basica,Jaír Fernández TEA,JAÍR ELIEZER FERNÁNDEZ ARANCIBIA,24.037.084-0,8°B Jaír Fernández TEA.docx,1U0lKuw1-Y6AxAKaZs2orECvOrvfqL21X,Informe Psicopedagogico,27,,
no_match,sin_match_inspection,4,Liceo Particular Mixto San Felipe Basica,Sebastián Muñoz DEA,,,5°D Sebastián Muñoz DEA.docx,1CgMsT-_m54eU3hP4G5_IRUbzB8wTwvlA,Informe Psicopedagogico,27,,
no_match,sin_match_inspection,4,Liceo Particular Mixto San Felipe Basica,Isabella Romero FIL,,,1°B Isabella Romero FIL.docx,1NCrwIkMmIarcdLTIsDgYpEj9vFSRksMY,Informe Psicopedagogico,27,,
no_match,sin_match_inspection,4,Liceo Particular Mixto San Felipe Basica,Yoisii Losantos TDA,,,3°B Yoisii Losantos TDA.docx,1J44z27IuK3Iu0YzmcXfDXY038LcUK29F,Informe Psicopedagogico,27,,
no_match,sin_match_inspection,4,Liceo Particular Mixto San Felipe Basica,Alex Muñoz TDA-H,,,8°D Alex Muñoz TDA-H.docx,1RmbVHHSxdnJn7mMXCVJPt65Zdi4n0j1R,Informe Psicopedagogico,27,,
no_match,sin_match_inspection,4,Liceo Particular Mixto San Felipe Basica,Ignacio Molina DEA CÁLCULO,,,7°A Ignacio Molina DEA CÁLCULO.docx,18B92m10pApp2GUSdUJuTYUcazSRG0ERG,Informe Psicopedagogico,27,,
no_match,sin_match_inspection,4,Liceo Particular Mixto San Felipe Basica,León Vásquez DEA CÁLCULO,,,7°A León Vásquez DEA CÁLCULO.docx,1rP_dsOd_fF-Su334HJPiq55ci5ejTWAO,Informe Psicopedagogico,27,,
no_match,sin_match_inspection,4,Liceo Particular Mixto San Felipe Basica,Dana Casimir TL,,,1°A Dana Casimir TL.docx,1cko3zPBPtf5_SZqWSrC4dr84S3OlQAu_,Informe Psicopedagogico,27,,
no_match,sin_match_inspection,4,Liceo Particular Mixto San Felipe Basica,Agustina Reyes TL,,,2°C Agustina Reyes TL.docx,1tJsB0YKGkGtdyxXcIFvGJPu78HN1Jjh-,Informe Psicopedagogico,27,,
no_match,sin_match_inspection,4,Liceo Particular Mixto San Felipe Basica,Reishell Alvbarado DEA CÁLCULO,,,3°B Reishell Alvbarado DEA CÁLCULO.docx,1C-xAqFkrmtybQm38zazx5gbHYvNsoZ_j,Informe Psicopedagogico,27,,
ambiguous,ambiguo_inspection:CATALINA FERNANDA ALVARADO ACUÑA; FERNANDA GABRIELA ALVARADO IRIARTE,4,Liceo Particular Mixto San Felipe Basica,Fernanda Alvarado TEA,,,3°C Fernanda Alvarado TEA.docx,1fqJ0OZ1tVWHF5LmOR9zMWLUdilN52dli,Informe Psicopedagogico,27,,
no_match,sin_match_inspection,4,Liceo Particular Mixto San Felipe Basica,Alan Mella DIL,,,7°D Alan Mella DIL.docx,1tGYWMhKYK5BwIj0oazPBYfoXYo3xf5Nm,Informe Psicopedagogico,27,,
no_match,sin_match_inspection,4,Liceo Particular Mixto San Felipe Basica,YECHEZKEL VENDRINE,,,YECHEZKEL_VENDRINE.docx,10RoB7UnwmFVGceLhb5SD4L7oHm06us24,Informe Psicopedagogico,27,,
no_match,sin_match_inspection,4,Liceo Particular Mixto San Felipe Basica,Sofía González DEA LECTOESCRITURA,,,3°C Sofía González DEA LECTOESCRITURA.docx,1rwKoETI2-rwFiGYH0Sz0ju6E-LsxqwhA,Informe Psicopedagogico,27,,
no_match,sin_match_inspection,4,Liceo Particular Mixto San Felipe Basica,Yanira Friz DEA LECTURA Y CÁLCULO,,,5°A Yanira Friz DEA LECTURA Y CÁLCULO.docx,1MV-Ml0ENpYJ7ymh5q-ovXCkBazEPkIwW,Informe Psicopedagogico,27,,
no_match,sin_match_inspection,4,Liceo Particular Mixto San Felipe Basica,PK°B Mariajesus Aguilera TL,,,PK°B Mariajesus Aguilera TL.docx,1EyelseOlkoMwff7kbCfPzWETBPANDwJJ,Informe Psicopedagogico,27,,
no_match,sin_match_inspection,4,Liceo Particular Mixto San Felipe Basica,Ihan Arancibia DIL exc,,,1°C Ihan Arancibia DIL exc.docx,1_cnmt60TW_o-n2_EBdyFvZCjQqeUx176,Informe Psicopedagogico,27,,
no_match,sin_match_inspection,4,Liceo Particular Mixto San Felipe Basica,PK°A Benjamín Campos RGD,,,PK°A Benjamín Campos RGD.docx,1vpS6buE3jqSM9NQb_h5gh7KfWJk5HibI,Informe Psicopedagogico,27,,
no_match,sin_match_inspection,4,Liceo Particular Mixto San Felipe Basica,Mateo Oyanedel DEA LECTOESCRITURA,,,3°B Mateo Oyanedel DEA LECTOESCRITURA.docx,1oq799PhqGcHgsoxzyKo-wrhEzLaF9Ztt,Informe Psicopedagogico,27,,
no_match,sin_match_inspection,4,Liceo Particular Mixto San Felipe Basica,Cristofer Romero DEA LECTOESCRITURA,,,1°B Cristofer Romero DEA LECTOESCRITURA.docx,1Zb-qGyKXgf7t96OZJKHGycAs2DmEPEgj,Informe Psicopedagogico,27,,
already_exists,Ya existe en PIE360 (no se repite),4,Liceo Particular Mixto San Felipe Basica,Martín Flores TDA,MÁRTIN IGNACIO FLORES CÁRDENAS,23.908.617-9,8°C Martín Flores TDA.docx,1rPyzf617vGIU8KdXSCyrUC8uINExan0g,Informe Psicopedagogico,27,,
no_match,sin_match_inspection,4,Liceo Particular Mixto San Felipe Basica,Andrea Páez DIL excepcionalidad,,,8°A Andrea Páez DIL excepcionalidad.docx,1CTupmrj6i0WVnwWYdM0IasiggdgBWbq6,Informe Psicopedagogico,27,,
no_match,sin_match_inspection,4,Liceo Particular Mixto San Felipe Basica,Catalina Aravena TEA (exc),,,5°C Catalina Aravena TEA (exc).docx,1wAS-IQcgJkD-K9fNi58ix8l_jy0g3X_j,Informe Psicopedagogico,27,,
no_match,sin_match_inspection,4,Liceo Particular Mixto San Felipe Basica,PK°A Rayen Herrera TL,,,PK°A Rayen Herrera TL.docx,1Yg4KwWuEoIv4OZZE1LwkaBFRxuLUzIoU,Informe Psicopedagogico,27,,
no_match,sin_match_inspection,4,Liceo Particular Mixto San Felipe Basica,Agustín Cáceres TDA-H,,,5°B Agustín Cáceres TDA-H.docx,11XO1lMlk7BOs6SMjUhsd8BGSyNO2K-rL,Informe Psicopedagogico,27,,
already_exists,Ya existe en PIE360 (no se repite),4,Liceo Particular Mixto San Felipe Basica,Rafael díaz TEA,RAFAEL AUGUSTO DÍAZ IRIARTE,25.545.998-8,4°B Rafael díaz TEA.docx,1rfuqkqt5OzYPUJPAiRve2QPbRA57er5o,Informe Psicopedagogico,27,,
already_exists,Ya existe en PIE360 (no se repite),5,Liceo Particular Mixto San Felipe Media,SOULING HENRIQUEZ,SOULING NAIA HENRÍQUEZ ACEVEDO,23.266.401-0,2° D SOULING HENRIQUEZ.docx,16-yYXRNT8jYUGe5w29VZS25xMizOPYPy,Informe a la Familia,7,,
