n,status,message,student_id,alumno_pie360,document_id,school_id,archivo_drive,drive_file_id,folder_id,drive_status,drive_path,candidatos
1,ok,"rut_unico_en_candidatos:231592199,208044060,181134674 | Guardado como 4220_7_legacy_2026.docx",4220,BENJAMIN  IGNACIO CORTES OTAROLA,7,3,InformeFamilia_2F-Benjamín Cortés.docx,16h0O3pxVQt3bqQMMiuRtVt0k32EZaYyS,6542,ok,Liceo Mixto Bicentenario de Excelencia los Andes Media - RBD 1213/2026/2F FERNANDA GALLARDO SALA 213/231592199/231592199_Informe a la Familia.docx,3153|BENJAMIN DAVID ESPINDOLA CORTES|score=90; 3155|BENJAMIN VICENTE SILVA CORTES|score=90; 4220|BENJAMIN  IGNACIO CORTES OTAROLA|score=90
2,ok,"rut_unico_en_candidatos:224270437,168517092,159362876 | Guardado como 4695_7_legacy_2026.docx",4695,SEBASTIAN  PATRICIO MUÑOZ URIBE,7,3,InformeFamilia_3C-Sebastian Muñoz.docx,1llkyEsc0cM-4Rb1HG2sE5kt4MPt8aFB0,6545,ok,Liceo Mixto Bicentenario de Excelencia los Andes Media - RBD 1213/2026/3C MECAN. DANIELA SANDOVAL SALA 314/224270437/224270437_Informe a la Familia.docx,2905|SEBASTIAN ALEJANDRO MUÑOZ ARAYA|score=90; 4076|SEBASTIAN  IGNACIO ESPINDOLA MUÑOZ|score=90; 4695|SEBASTIAN  PATRICIO MUÑOZ URIBE|score=90; 4748|SEBASTIAN MAURICIO MUÑOZ VERGARA|score=90; 4806|SEBASTIAN ARIEL MUÑOZ ZARATE|score=90
3,ok,"rut_unico_en_candidatos:230344337,208044060,15063783K | Guardado como 4054_7_legacy_2026.docx",4054,IGNACIO  TOMAS MALDONADO MUÑOZ,7,3,InformeFamilia_2J-Ignacio Maldonado.docx,1mFvTbkI2C0kBfNpE9eH7n86JHviJ7aMm,6548,ok,Liceo Mixto Bicentenario de Excelencia los Andes Media - RBD 1213/2026/2J DIEGO URIBE SALA 214/230344337/230344337_Informe a la Familia.docx,3866|JAVIER IGNACIO ALBORNOZ MALDONADO|score=90; 4054|IGNACIO  TOMAS MALDONADO MUÑOZ|score=90
4,ok,"rut_unico_en_candidatos:23672137K,143138720,181129050 | Guardado como 4697_7_legacy_2026.docx",4697,BENJAMIN IGNACIO GONZALEZ URTUBIA,7,3,InformeFamilia_1F-Benjamin Gonzalez.docx,1eW7aIaclbj4xabgO7sv0TLb1i9MVU2jH,6550,ok,Liceo Mixto Bicentenario de Excelencia los Andes Media - RBD 1213/2026/1F ARLETTE GENERAL SALA 306/23672137K/23672137K_Informe a la Familia.docx,3473|BENJAMIN IGNACIO VEGA GONZALEZ|score=90; 3499|MATIAS BENJAMIN CORDOVA GONZALEZ|score=90; 4697|BENJAMIN IGNACIO GONZALEZ URTUBIA|score=90
5,ok,"rut_unico_en_candidatos:230016046,212242012,150483115 | Guardado como 4741_7_legacy_2026.docx",4741,JOSE MIGUEL ARAYA VERA,7,3,InformeFamilia_4A-José Miguel.docx,1hi8OCSEcqKFy0DJ_H5xICWLNl9ixOaU4,6552,ok,Liceo Mixto Bicentenario de Excelencia los Andes Media - RBD 1213/2026/4A H.C ALEXIS VERA SALA 309/230016046/230016046_Informe a la Familia.docx,4478|JOSE MIGUEL ACUÑA REINOSO|score=90; 4741|JOSE MIGUEL ARAYA VERA|score=90
6,ok,"rut_unico_en_candidatos:235580764,158002825,167772501 | Guardado como 3519_7_legacy_2026.docx",3519,SEBASTIAN EDUARDO CORTES GRAU,7,3,InformeFamilia_2H-Sebastián Cortés.docx,1gYWBUv-bBvEhuSqbdvrU1wc6PkO9paBp,6555,ok,Liceo Mixto Bicentenario de Excelencia los Andes Media - RBD 1213/2026/2H MITZI MUÑOZ SALA 216/235580764/235580764_Informe a la Familia.docx,3519|SEBASTIAN EDUARDO CORTES GRAU|score=90; 4805|RENATO SEBASTIAN CORTES ZAPATA|score=90
7,ok,"rut_unico_en_candidatos:277380684,133628878,181137592 | Guardado como 3482_7_legacy_2026.docx",3482,VALENTINA LUCIA MUÑOZ CELEDON,7,2,PK°B Valentina Muñoz B2 - Informe a la familia.docx,1FpzEhoSuso39C2EbWHmbfF8M6HNmo8Vu,6558,ok,Liceo Mixto Bicentenario de Excelencia Los Andes Básica 2 - RBD 1213/2026/PREKINDER B/277380684/277380684_Informe a la Familia.docx,3482|VALENTINA LUCIA MUÑOZ CELEDON|score=90; 3989|TRINIDAD VALENTINA  ENGRACIA VEGA MUÑOZ|score=90
8,ok,"rut_unico_en_candidatos:255397559,133628878,181132507 | Guardado como 4135_7_legacy_2026.docx",4135,ISABELLA PASCALE VILLARROEL PUEBLA,7,2,4°A Isabella Villarroel B2 - Informe a la familia.docx,1wIE5OgF2_BYaX142gsFKP0aypH03150T,6559,ok,Liceo Mixto Bicentenario de Excelencia Los Andes Básica 2 - RBD 1213/2026/CUARTO A/255397559/255397559_Informe a la Familia.docx,4135|ISABELLA PASCALE VILLARROEL PUEBLA|score=90; 4449|ISABELLA CATALINA PARRA VILLARROEL|score=90; 4451|ISABELLA SOFIA MUÑOZ VILLARROEL|score=90
9,ok,"rut_unico_en_candidatos:273557938,175472355 | Guardado como 5186_7_legacy_2026.docx",5186,ALONSO ANDRE MUÑOZ MILLALONCO,7,1,K°A Alonso Muñoz B1 informe familia 2026.docx,1vVr2f6_7tYLskpQdVHW_NBmjtvfkWIbI,6563,ok,Liceo Mixto Los Andes Básica 1 - RBD 14201/2026/KINDER A/273557938/273557938_Informe a la Familia.docx,4966|ELIAN ALONSO MUÑOZ CHAPARRO|score=90; 5186|ALONSO ANDRE MUÑOZ MILLALONCO|score=90; 5345|FRANKO ALONSO MUÑOZ SALINAS|score=90
10,ok,"rut_unico_en_candidatos:243347408,172532942 | Guardado como 4849_7_legacy_2026.docx",4849,DIEGO ALONSO GONZÁLEZ ARÁNGUIZ,7,1,7°A Diego González B1 informe familia 2026.docx,1VYFZ0KIs7qJIUEI7ST6ICbhg1QTBlyau,6564,ok,Liceo Mixto Los Andes Básica 1 - RBD 14201/2026/SEPTIMO A/243347408/243347408_Informe a la Familia.docx,4849|DIEGO ALONSO GONZÁLEZ ARÁNGUIZ|score=90; 5302|DIEGO ALEXANDER GONZALEZ REYES|score=90
11,ok,"rut_unico_en_candidatos:263499646,164585522 | Guardado como 4916_7_legacy_2026.docx",4916,ANTONELLA FERNANDA LAGOS CABRERA,7,1,2°A Antonella Lagos B1 informe familia 2026.docx,1UBDZDZcFeKX19Fd18Tvs8ayZ66SaBlJY,6567,ok,Liceo Mixto Los Andes Básica 1 - RBD 14201/2026/SEGUNDO A/263499646/263499646_Informe a la Familia.docx,4916|ANTONELLA FERNANDA LAGOS CABRERA|score=90; 5117|ANTONELLA ISIDORA REMENTERIA LAGOS|score=90
12,ok,"rut_unico_en_candidatos:246237336,175018522 | Guardado como 4906_7_legacy_2026.docx",4906,IGNACIA CAROLINA MUÑOZ BRAVO,7,1,6°C Ignacia Muñoz B1 informe familia 2026.docx,1h2pOphKa-FEHfQQagDirZptGmxUybyvu,6568,ok,Liceo Mixto Los Andes Básica 1 - RBD 14201/2026/SEXTO C/246237336/246237336_Informe a la Familia.docx,4906|IGNACIA CAROLINA MUÑOZ BRAVO|score=90; 5200|AMANDA IGNACIA GAMIN MUÑOZ|score=90
13,unresolved,"rut_no_coincide_candidatos:254267104,198124214,16959421K",,,7,4,PK°B Ethan Montenegro .docx,1O4ZO3ZKEAiEQZKahV4m_6YXoCFHRKs9M,,,,1846|ETHAN FRANCISCO MONTENEGRO AHUMADA|score=90; 2393|ETHAN ALLEN RAMIREZ MONTENEGRO|score=90
